def	GaussianField.circleRestrictionLM	SmoothCircle.Restriction	GaussianField.SmoothMap_Circle.instFunLike GaussianField.SmoothMap_Circle.instAddCommGroup GaussianField.SmoothMap_Circle.instModule GaussianField.SmoothMap_Circle GaussianField.circleSpacing GaussianField.circlePoint
thm	Pphi2.canonicalRoughFieldFunction_pointwise_measurable	Pphi2.NelsonEstimate.FieldDecomposition	GaussianField.FinLatticeSites Pphi2.canonicalRoughFieldFunction Pphi2.CanonicalJoint
thm	Pphi2.LatticeSetup.latticeRoughError_pure_quartic_summed	Pphi2.NelsonEstimate.LatticeSetup	Pphi2.smoothWickConstant GaussianField.finLatticeDelta GaussianField.FinLatticeSites Pphi2.LatticeSetup.latticeRoughError Pphi2.wickMonomial GaussianField.Configuration Pphi2.wickConstant Pphi2.LatticeSetup.wickPolynomial_pure_quartic_diff Pphi2.LatticeSetup.latticeRoughError_eq_sum_diff GaussianField.FinLatticeField Pphi2.wickPolynomial
thm	Pphi2.smoothVariance_le_log	Pphi2.NelsonEstimate.CovarianceSplit	Pphi2.smoothWickConstant GaussianField.FinLatticeSites GaussianField.latticeEigenvalue_pos Pphi2.wickConstant Pphi2.smoothCovEigenvalue Pphi2.wickConstant_le_inv_mass_sq GaussianField.latticeEigenvalue Lattice.toSemilatticeInf
axiom	Pphi2.nelson_exponential_estimate_master_bounded	Pphi2.NelsonEstimate.PolynomialChaosBridge	GaussianField.FinLatticeSites GaussianField.latticeGaussianMeasure GaussianField.Configuration GaussianField.instMeasurableSpaceConfiguration GaussianField.FinLatticeField Pphi2.interactionFunctional
def	GaussianField.NuclearTensorProduct.pure	Nuclear.NuclearTensorProduct	GaussianField.DyninMityaginSpace GaussianField.DyninMityaginSpace.coeff GaussianField.NuclearTensorProduct
thm	Pphi2.torusInteractingMeasure_exponentialMomentBound_cutoff	Pphi2.TorusContinuumLimit.TorusInteractingOS	Pphi2.torusEmbeddedTwoPoint_eq_lattice_second_moment GaussianField.NuclearTensorProduct.instModuleReal Pphi2.gaussian_exp_abs_moment Pphi2.partitionFunction_ge_one Lattice.toSemilatticeSup GaussianField.NuclearTensorProduct.instTopologicalSpace Pphi2.nelson_exponential_estimate Pphi2.torusEmbeddedTwoPoint Pphi2.interactionFunctional_bounded_below GaussianField.FinLatticeSites GaussianField.NuclearTensorProduct.instIsTopologicalAddGroup Pphi2.torusEmbedLift Pphi2.partitionFunction Pphi2.interactionFunctional_measurable Pphi2.torusEmbedLift_measurable Pphi2.interactingLatticeMeasure GaussianField.NuclearTensorProduct.instAddCommGroup GaussianField.latticeGaussianMeasure GaussianField.configuration_eval_measurable GaussianField.Configuration Pphi2.density_transfer_bound GaussianField.NuclearTensorProduct.instContinuousSMulReal GaussianField.SmoothMap_Circle GaussianField.circleSpacing GaussianField.instMeasurableSpaceConfiguration Pphi2.boltzmannWeight Pphi2.latticeTestFn Pphi2.torusEmbedLift_eval_eq Pphi2.torusInteractingMeasure GaussianField.FinLatticeField Pphi2.interactionFunctional GaussianField.TorusTestFunction Pphi2.partitionFunction_pos GaussianField.circleSpacing_pos Pphi2.boltzmannWeight_pos
thm	GaussianField.gaussianDensity_measurable	GaussianField.Density	GaussianField.FinLatticeSites GaussianField.massOperator GaussianField.gaussianDensity GaussianField.FinLatticeField
thm	GaussianField.SmoothMap_Circle.coe_mk	SmoothCircle.Basic	GaussianField.SmoothMap_Circle.instFunLike GaussianField.SmoothMap_Circle
thm	Pphi2.wickConstant_eq_gffPositionCovariance	Pphi2.InteractingMeasure.WickConstantBridge	GaussianField.covariance GaussianField.finLatticeDelta GaussianField.FinLatticeSites Pphi2.finLatticeDelta_eq_single GaussianField.latticeCovarianceGJ GaussianField.gffPositionCovariance Pphi2.wickConstant_eq_variance GaussianField.gffPositionCovariance_eq_covarianceGJ Pphi2.wickConstant GaussianField.ell2' GaussianField.FinLatticeField
thm	GaussianField.torusEmbedCLMGJ.congr_simp	Pphi2.TorusContinuumLimit.TorusEmbedding	GaussianField.NuclearTensorProduct.instModuleReal GaussianField.NuclearTensorProduct.instTopologicalSpace GaussianField.NuclearTensorProduct.instIsTopologicalAddGroup GaussianField.NuclearTensorProduct.instAddCommGroup GaussianField.Configuration GaussianField.NuclearTensorProduct.instContinuousSMulReal GaussianField.SmoothMap_Circle GaussianField.torusEmbedCLMGJ GaussianField.FinLatticeField GaussianField.TorusTestFunction
thm	Pphi2.integrable_powMul_wickMonomial	Pphi2.InteractingMeasure.MomentIntegrability	GaussianField.FinLatticeSites Pphi2.wickMonomial GaussianField.latticeGaussianMeasure GaussianField.Configuration GaussianField.instMeasurableSpaceConfiguration GaussianField.FinLatticeField
thm	GaussianField.DyninMityaginSpace.summable_coeff_seminorm_basis	Nuclear.NuclearSpace	GaussianField.DyninMityaginSpace GaussianField.DyninMityaginSpace.coeff GaussianField.DyninMityaginSpace.coeff_decay GaussianField.DyninMityaginSpace.ι GaussianField.DyninMityaginSpace.basis GaussianField.DyninMityaginSpace.basis_growth GaussianField.DyninMityaginSpace.p Lattice.toSemilatticeInf
thm	GaussianField.resolventMultiplierCLM_comp_inverseResolventMultiplierCLM	Cylinder.FourierMultiplier	GaussianField.realFourierMultiplierCLM.congr_simp GaussianField.inverseResolventSymbol_hasTemperateGrowth GaussianField.inverseResolventSymbol_even GaussianField.inverseResolventSymbol GaussianField.resolventSymbol_hasTemperateGrowth GaussianField.realFourierMultiplierCLM GaussianField.resolventMultiplierCLM GaussianField.realFourierMultiplierCLM_comp GaussianField.resolventSymbol GaussianField.inverseResolventMultiplierCLM GaussianField.realFourierMultiplierCLM_one GaussianField.resolventSymbol_mul_inverse
thm	GaussianField.abs_max_neg_le	Lattice.FKG	Lattice.toSemilatticeInf
def	GaussianField.derivSCCLM	SmoothCircle.Laplacian	GaussianField.SmoothMap_Circle.instAddCommGroup GaussianField.derivSC_continuous GaussianField.SmoothMap_Circle.instModule GaussianField.SmoothMap_Circle GaussianField.derivSCLM GaussianField.SmoothMap_Circle.instTopologicalSpace
thm	Pphi2.heat_kernel_1d_bound	Pphi2.NelsonEstimate.HeatKernelBound	Lattice.toSemilatticeInf
thm	Pphi2.asymCanonicalSumFieldFunction.congr_simp	Pphi2.NelsonEstimate.AsymFieldDecomposition	GaussianField.AsymLatticeSites Pphi2.AsymCanonicalJoint Pphi2.asymCanonicalSumFieldFunction
thm	Pphi2.integrable_sq_real_sum_of_pairwise	Pphi2.NelsonEstimate.RoughErrorBound	Pphi2.integrable_sum_mul_sum_of_pairwise
thm	Pphi2.asymCanonicalSmoothFieldFunction_smul	Pphi2.NelsonEstimate.AsymFieldDecomposition	GaussianField.AsymLatticeSites Pphi2.AsymCanonicalJoint Pphi2.asymCanonicalSmoothModeCoeff Pphi2.asymCanonicalSmoothFieldFunction Pphi2.AsymCanonicalMode
thm	GaussianHilbert.zero_mem_interior_integrableExpSet_sum_sq_of_subGaussian	GaussianHilbert.PolynomialDensity	GaussianHilbert.IsSubGaussianMeasure Lattice.toSemilatticeInf
thm	GaussianField.integral_pow4_gaussianReal	GaussianField.Hypercontractive	GaussianField.fourth_moment_standard_gaussian Lattice.toSemilatticeInf
thm	Pphi2.canonicalSumFieldLaw_eq_map_canonicalSumFieldFunction	Pphi2.NelsonEstimate.FieldDecomposition	Pphi2.canonicalJointMeasure_map_stdGaussianEuclidean Pphi2.canonicalJointMeasure GaussianField.FinLatticeSites Pphi2.canonicalStdToFieldCLM Pphi2.canonicalStdFieldFunction_eq_canonicalSumFieldFunction Pphi2.canonicalSumFieldFunction Pphi2.CanonicalJointSumIndex Pphi2.canonicalSumFieldLaw GaussianField.FinLatticeField Pphi2.CanonicalJoint
def	Pphi2.wickConstant	Pphi2.WickOrdering.Counterterm	GaussianField.FinLatticeSites GaussianField.latticeEigenvalue
def	Pphi2.continuumEuclideanAction	Pphi2.Backgrounds.EuclideanPlane	Pphi2.EuclideanPlaneBackground.SpaceTime Pphi2.EuclideanPlaneBackground.action Pphi2.planeBackground Pphi2.EuclideanPlaneBackground.dim Pphi2.ContinuumMotion Pphi2.ContinuumTestFunction
thm	Pphi2.wienerChaosLE_mono	Pphi2.NelsonEstimate.RoughErrorBound	GaussianHilbert.stdGaussianFin GaussianHilbert.wienerChaos GaussianHilbert.wienerChaosLE
thm	Pphi2.interactingMeasure_zero	Pphi2.InteractingMeasure.FieldRedefinition	Pphi2.interactingPartitionFunction Pphi2.interactingMeasure Pphi2.interactingBoltzmannWeight GaussianField.Configuration GaussianField.instMeasurableSpaceConfiguration
thm	Pphi2.canonicalRoughFieldFunction_covariance_eq	Pphi2.NelsonEstimate.FieldDecomposition	Pphi2.canonicalJointMeasure Pphi2.canonicalRoughCovariance GaussianField.FinLatticeSites Pphi2.canonicalRoughFieldFunction Pphi2.CanonicalJoint
thm	Pphi2.rp_from_transfer_positivity	Pphi2.OSProofs.OS3_RP_Lattice	Pphi2.L2SpatialField Pphi2.transferOperator_inner_nonneg Pphi2.SpatialField Pphi2.transferOperator_isSelfAdjoint Pphi2.transferOperatorCLM
thm	Pphi2.integrable_powMul_wickMonomial_mul	Pphi2.InteractingMeasure.MomentIntegrability	GaussianField.FinLatticeSites Pphi2.wickMonomial GaussianField.latticeGaussianMeasure GaussianField.Configuration GaussianField.instMeasurableSpaceConfiguration GaussianField.FinLatticeField
def	Pphi2.fieldAtSite	Pphi2.InteractingMeasure.LatticeMeasure	GaussianField.finLatticeDelta GaussianField.FinLatticeSites GaussianField.Configuration GaussianField.FinLatticeField
thm	Pphi2.continuumLimit	Pphi2.ContinuumLimit.Convergence	Pphi2.EuclideanPlaneBackground.SpaceTime Pphi2.planeBackground Pphi2.continuumMeasures_tight Pphi2.continuumMeasure_isProbability Pphi2.EuclideanPlaneBackground.dim Pphi2.prokhorov_configuration_sequential Pphi2.continuumMeasure GaussianField.Configuration GaussianField.instMeasurableSpaceConfiguration Pphi2.ContinuumTestFunction
def	Pphi2.IsPphi2Limit	Pphi2.ContinuumLimit.Embedding	Pphi2.EuclideanPlaneBackground.SpaceTime Pphi2.FieldConfig2 Pphi2.EuclideanPlaneBackground.RealTestFunction Pphi2.planeBackground Pphi2.EuclideanPlaneBackground.dim Pphi2.SpaceTime2 Pphi2.PositiveTimeTestFunction2 GaussianField.instMeasurableSpaceConfiguration Pphi2.TestFunction2 Pphi2.ContinuumTestFunction Pphi2.compTimeReflection2 Pphi2.schwartzTranslate
def	GaussianField.RapidDecayLattice.instAddCommGroup	Lattice.RapidDecayLattice	GaussianField.RapidDecayLattice.instNeg GaussianField.RapidDecayLattice.instZero GaussianField.RapidDecayLattice GaussianField.RapidDecayLattice.instAdd
thm	Pphi2.smoothBoundConstant_pos	Pphi2.NelsonEstimate.SmoothLowerBound	Pphi2.smoothVarianceConstant Pphi2.smoothBoundConstant Pphi2.smoothVarianceConstant_pos
def	Common.QFT.Euclidean.Formulation.TestFunction	Common.QFT.Euclidean.Formulations	Common.QFT.Euclidean.Formulation
thm	GaussianField.ad_marginal_preservation_ae_from_fibers_lintegral	Lattice.FKG	GaussianField.ahlswede_daykin_one_dim_ae_lintegral
thm	Pphi2.wickConstantAsym.congr_simp	Pphi2.AsymTorus.AsymWickMean	Pphi2.wickConstantAsym
thm	GaussianField.integrable_truncation_mul	Lattice.FKG	GaussianField.abs_sup_neg_nat_le_abs Lattice.toSemilatticeInf
def	Common.QFT.Euclidean.MeasureModel.toPairingMeasureModel	Common.QFT.Euclidean.Formulations	Common.QFT.Euclidean.PairingMeasureModel Common.QFT.Euclidean.MeasureModel Common.QFT.Euclidean.Formulation
thm	Common.QFT.Euclidean.SchwingerFormulation.instContinuousSMulTestFunction	Common.QFT.Euclidean.Formulations	Common.QFT.Euclidean.SchwingerFormulation.instTopologicalSpaceTestFunction Common.QFT.Euclidean.Formulation.TestFunction Common.QFT.Euclidean.SchwingerFormulation.toFormulation Common.QFT.Euclidean.SchwingerFormulation.instAddCommGroupTestFunction Common.QFT.Euclidean.SchwingerFormulation.instModuleTestFunction Common.QFT.Euclidean.SchwingerFormulation
thm	GaussianField.configBasisEval_continuous	GaussianField.ConfigurationEmbedding	GaussianField.DyninMityaginSpace GaussianField.Configuration GaussianField.DyninMityaginSpace.basis GaussianField.configBasisEval
thm	Pphi2.singleSliceLatticeField.congr_simp	Pphi2.AsymTorus.AsymB5bSingleSlice	GaussianField.AsymLatticeSites Pphi2.SpatialField Pphi2.singleSliceLatticeField
thm	Common.QFT.Euclidean.SchwingerFormulation.realToComplex_add	Common.QFT.Euclidean.Formulations	Common.QFT.Euclidean.SchwingerFormulation.instAddCommGroupComplexTestFunction Common.QFT.Euclidean.Formulation.TestFunction Common.QFT.Euclidean.Formulation.ComplexTestFunction Common.QFT.Euclidean.SchwingerFormulation.toFormulation Common.QFT.Euclidean.SchwingerFormulation.realToComplex Common.QFT.Euclidean.SchwingerFormulation.instAddCommGroupTestFunction Common.QFT.Euclidean.SchwingerFormulation
def	GaussianField.ell2'	GaussianField.NuclearSVD
thm	Pphi2.massGap_pos	Pphi2.TransferMatrix.Positivity	Pphi2.groundEnergyLevel Pphi2.firstExcitedEnergyLevel Pphi2.energyLevel_gap Pphi2.massGap
thm	GaussianHilbert.polynomial_dense_L2_of_subGaussian	GaussianHilbert.PolynomialDensity	GaussianHilbert.withDensity_pos_eq_neg_of_mem_orthogonal_polynomialToL2 GaussianHilbert.polynomialToL2 GaussianHilbert.IsSubGaussianMeasure GaussianHilbert.MvPolynomial_eval_memLp_two_of_subGaussian
thm	Pphi2.asymTransferOperator_spectral	Pphi2.AsymTorus.AsymJentzsch	Pphi2.L2SpatialField Pphi2.SpatialField Pphi2.asymTransferOperator_isCompact GaussianField.compact_selfAdjoint_spectral Pphi2.asymTransferOperator_isSelfAdjoint Pphi2.asymTransferOperatorCLM
def	Pphi2.schwartzIm	Pphi2.OSAxioms	Pphi2.EuclideanOS.schwartzIm Pphi2.TestFunction2ℂ Pphi2.plane2Background Pphi2.TestFunction2
thm	GaussianField.fourierCoeffReal_circleTranslation_sin	SmoothCircle.FourierTranslation	GaussianField.circleTranslation GaussianField.SmoothMap_Circle.instFunLike GaussianField.SmoothMap_Circle.continuous GaussianField.SmoothMap_Circle.periodic GaussianField.SmoothMap_Circle.instAddCommGroup GaussianField.SmoothMap_Circle.fourierBasisFun_smooth GaussianField.SmoothMap_Circle.fourierCoeffReal GaussianField.SmoothMap_Circle.fourierBasisFun GaussianField.SmoothMap_Circle.instModule GaussianField.SmoothMap_Circle GaussianField.SmoothMap_Circle.fourierBasisFun_periodic GaussianField.SmoothMap_Circle.instTopologicalSpace
thm	GaussianField.massOperator_product_eigenvector_asym	Lattice.AsymCovariance	GaussianField.latticeEigenvalue1d GaussianField.AsymLatticeSites GaussianField.latticeFourierBasisFun GaussianField.finiteLaplacianAsym GaussianField.AsymLatticeField GaussianField.dft_1d_eigenvalue_pointwise GaussianField.massOperatorAsym
def	Pphi2.EuclideanTimeStructure.timeTranslateOnRealTestFunctions	Pphi2.Backgrounds.EuclideanTime	Pphi2.EuclideanPlaneBackground.SpaceTime Pphi2.EuclideanTimeStructure.timeTranslation Pphi2.EuclideanPlaneBackground.RealTestFunction Pphi2.EuclideanPlaneBackground.translate Pphi2.EuclideanPlaneBackground.dim Pphi2.EuclideanPlaneBackground Pphi2.EuclideanTimeStructure
thm	GaussianField.massOperator_product_eigenvector_family	Lattice.LatticeFourierProduct	GaussianField.latticeEigenvalue1d GaussianField.latticeFourierBasisFun GaussianField.FinLatticeSites GaussianField.massOperator GaussianField.dft_1d_eigenvalue_pointwise GaussianField.latticeFourierProductBasisFun GaussianField.finiteLaplacian GaussianField.FinLatticeField
thm	Pphi2.transferOperator_isSelfAdjoint	Pphi2.TransferMatrix.L2Operator	Pphi2.L2SpatialField Pphi2.SpatialField Pphi2.transferWeight Pphi2.transferGaussian_memLp Pphi2.transferWeight_measurable Pphi2.transferOperatorCLM Pphi2.transferGaussian Pphi2.transferGaussian_neg Pphi2.transferWeight_bound
thm	Pphi2.prokhorov_sequential	Pphi2.ContinuumLimit.Convergence
thm	Pphi2.wickPower_two_site_pi_gaussianReal_eq_diag	Pphi2.NelsonEstimate.FieldDecomposition	Pphi2.wickMonomial GaussianField.multiWickMonomial_pi_gaussianReal_inner
thm	GaussianField.massOperatorMatrix_eigenvalues_pos	Lattice.SpectralCovariance	GaussianField.massOperatorMatrix_isHermitian GaussianField.massOperatorMatrix GaussianField.FinLatticeSites GaussianField.massOperator GaussianField.massMatrixHerm GaussianField.massOperator_eq_matrix_mulVec GaussianField.massEigenvalues GaussianField.massOperator_pos_def GaussianField.FinLatticeField
thm	Pphi2.wickPower_two_site_pi_gaussianReal_eq_zero_of_ne	Pphi2.NelsonEstimate.FieldDecomposition	Pphi2.wickMonomial GaussianField.multiWickMonomial_pi_gaussianReal_inner
def	Pphi2.canonicalSmoothGamma	Pphi2.NelsonEstimate.FieldDecomposition	GaussianField.FinLatticeSites
thm	Pphi2.asymEvalMapInv.congr_simp	Pphi2.NelsonEstimate.AsymFieldDecomposition	GaussianField.AsymLatticeSites GaussianField.Configuration GaussianField.AsymLatticeField Pphi2.asymEvalMapInv
thm	Pphi2.spatialKinetic.congr_simp	Pphi2.TransferMatrix.L2Operator	Pphi2.SpatialField Pphi2.spatialKinetic
def	Pphi2.pphi2MeasureModel	Pphi2.FormulationAdapter	Pphi2.EuclideanPlaneBackground.SpaceTime Pphi2.FieldConfig2 Pphi2.generatingFunctional Pphi2.EuclideanPlaneBackground.RealTestFunction Pphi2.planeBackground Pphi2.distribPairing Common.QFT.Euclidean.MeasureModel Pphi2.EuclideanPlaneBackground.dim Pphi2.pphi2Formulation GaussianField.instMeasurableSpaceConfiguration Pphi2.generatingFunctionalℂ
thm	GaussianField.schwartzTranslation_zero	Cylinder.Symmetry	GaussianField.schwartzTranslation
thm	Pphi2.asymField_basis_decomposition	Pphi2.NelsonEstimate.AsymFieldDecomposition	GaussianField.AsymLatticeSites GaussianField.AsymLatticeField GaussianField.instFintypeAsymLatticeSitesOfNeZeroNat GaussianField.asymLatticeDelta
thm	GaussianHilbert.ouGenerator1D_hermiteEval	GaussianHilbert.OUEigenfunctions	GaussianHilbert.hermiteEval GaussianHilbert.ouGenerator1D
def	Common.QFT.Euclidean.Formulation.ctorIdx	Common.QFT.Euclidean.Formulations	Common.QFT.Euclidean.Formulation
thm	Pphi2.boltzmannWeightAsym_eq_comp_evalMapAsym	Pphi2.AsymTorus.AsymMeasureFactorization	GaussianField.AsymLatticeSites Pphi2.wickConstantAsym Pphi2.boltzmannWeightAsym GaussianField.Configuration GaussianField.AsymLatticeField GaussianField.evalMapAsym GaussianField.instFintypeAsymLatticeSitesOfNeZeroNat Pphi2.wickPolynomial
thm	GaussianHilbert.ouScale_sq	GaussianHilbert.OUEigenfunctions	GaussianHilbert.ouScale
thm	GaussianHilbert.ouSemigroupAct_eLpNorm_hypercontractive	GaussianHilbert.HypercontractivityFromBE	GaussianHilbert.stdGaussianFin_dirichletMarkovSemigroup_isHypercontractive GaussianHilbert.stdGaussianFin GaussianHilbert.ouSemigroupAct
def	GaussianField.massOperatorEntryAsym	Lattice.AsymCovariance	GaussianField.AsymLatticeSites GaussianField.AsymLatticeField GaussianField.massOperatorAsym GaussianField.asymLatticeDelta
thm	Pphi2.asymCanonicalRoughError_neg_tail_uniform	Pphi2.NelsonEstimate.AsymRoughErrorChaosStd	Pphi2.asymCanonicalRoughErrorStd_eq Pphi2.asymCanonicalRoughErrorStd Pphi2.asymCanonicalRoughError_neg_tail_of_stdGaussian_explicit_ae Pphi2.AsymCanonicalJointSumIndex Pphi2.AsymCanonicalJoint Pphi2.asymCanonicalRoughError GaussianHilbert.stdGaussianFin Pphi2.asymCanonicalJointStdGaussianMeasurableEquiv GaussianHilbert.wienerChaosLE Pphi2.asymRoughError_variance Pphi2.asymCanonicalJointMeasure_map_stdGaussian Pphi2.ChaosTailBridge.chaosTailConstant Pphi2.asymCanonicalJointMeasure Lattice.toSemilatticeInf Pphi2.asymCanonicalRoughErrorStd_mem_wienerChaosLE Pphi2.AsymCanonicalMode
thm	GaussianField.latticeSingularValue_nonneg	Lattice.Covariance	GaussianField.latticeSingularValue GaussianField.latticeEigenvalue_pos GaussianField.latticeEigenvalue
thm	GaussianField.NuclearTensorProduct.toPairIndex_fromPairIndex	Nuclear.NuclearTensorProduct	GaussianField.NuclearTensorProduct.toPairIndex GaussianField.NuclearTensorProduct.fromPairIndex
thm	Pphi2.clustering_implies_ergodicity	Pphi2.OSProofs.OS4_Ergodicity	Lattice.toSemilatticeInf
struct	Common.QFT.Euclidean.PairingMeasureModel	Common.QFT.Euclidean.Formulations	Common.QFT.Euclidean.Formulation
def	Common.QFT.Euclidean.GeneratingFunctionalModel.complexGeneratingFunctional	Common.QFT.Euclidean.Formulations	Common.QFT.Euclidean.GeneratingFunctionalModel Common.QFT.Euclidean.Formulation Common.QFT.Euclidean.Formulation.ComplexTestFunction
thm	GaussianField.greenFunctionBilinear_add_right	HeatKernel.Bilinear	GaussianField.DyninMityaginSpace GaussianField.HasLaplacianEigenvalues GaussianField.greenFunctionBilinear_add_left GaussianField.greenFunctionBilinear GaussianField.greenFunctionBilinear_symm
thm	GaussianField.abstract_spectral_eq_dft_spectral_2d	Lattice.CirculantDFT2d	GaussianField.latticeEigenvalue1d GaussianField.latticeFourierBasisFun GaussianField.lattice_covariance_eq_spectral GaussianField.covariance GaussianField.latticeCovariance GaussianField.FinLatticeSites GaussianField.massEigenbasis_sum_mul_sum_eq_site_inner GaussianField.massOperator GaussianField.latticeEigenvalue1d_nonneg GaussianField.latticeFourierNormSq GaussianField.dft_parseval_2d GaussianField.massEigenvalues GaussianField.massEigenvectorBasis GaussianField.dft_eigencoeff_massOperator_2d GaussianField.massOperator_surjective_2d GaussianField.massOperatorMatrix_eigenvalues_pos GaussianField.ell2' GaussianField.FinLatticeField GaussianField.massOperator_eigenCoeff_eq_eigenvalues_mul_eigenCoeff
def	GaussianField.gffPositionCovariance	GaussianField.WickMultivariate	GaussianField.FinLatticeSites
thm	Pphi2.measurePreserving_asymSliceEquiv	Pphi2.AsymTorus.AsymMeasureFactorization	Pphi2.measurePreserving_sliceReindex GaussianField.AsymLatticeSites Pphi2.asymSliceMeasurableEquiv Pphi2.sliceReindexMeasurableEquiv Pphi2.SpatialField Pphi2.asymSliceEquiv Pphi2.measurePreserving_curry GaussianField.AsymLatticeField GaussianField.instFintypeAsymLatticeSitesOfNeZeroNat Pphi2.asymSliceMeasurableEquiv_coe
thm	Pphi2.schwartzOfReal_real_smul	Pphi2.EuclideanComplex	Pphi2.EuclideanPlaneBackground.SpaceTime Pphi2.EuclideanPlaneBackground.RealTestFunction Pphi2.schwartzOfReal Pphi2.EuclideanPlaneBackground.dim Pphi2.EuclideanPlaneBackground Pphi2.EuclideanPlaneBackground.ComplexTestFunction
thm	Pphi2.canonicalRoughError_cutoff_tail_quartic_uniform	Pphi2.NelsonEstimate.PolynomialChaosBridge	Pphi2.canonicalJointMeasure Pphi2.DynamicalCutoff.dynamicalCutoffScale_pos Pphi2.canonicalRoughError_neg_tail_uniform_in_aN Pphi2.DynamicalCutoff.dynamicalCutoffScale Pphi2.ChaosTailBridge.chaosTailConstant Pphi2.canonicalRoughError Pphi2.CanonicalJoint
thm	GaussianField.sum_sin_zmod_eq_zero	Lattice.CirculantDFT	GaussianField.sin_zmod_succ GaussianField.sum_cos_zmod_eq_zero Lattice.toSemilatticeInf
thm	Pphi2.os1_for_continuum_limit	Pphi2.ContinuumLimit.AxiomInheritance	Pphi2.EuclideanPlaneBackground.SpaceTime Pphi2.FieldConfig2 Pphi2.EuclideanPlaneBackground.RealTestFunction Pphi2.planeBackground Pphi2.EuclideanPlaneBackground.dim Pphi2.IsPphi2Limit Pphi2.SpaceTime2 Pphi2.exponential_moment_schwartz_bound Pphi2.EuclideanOS.schwartzIm Pphi2.EuclideanOS.schwartzRe Pphi2.TestFunction2ℂ Pphi2.plane2Background GaussianField.Configuration Pphi2.continuum_exponential_moments Pphi2.EuclideanOS.generatingFunctionalℂ GaussianField.instMeasurableSpaceConfiguration Pphi2.TestFunction2 Pphi2.EuclideanOS.OS1_Regularity Pphi2.EuclideanPlaneBackground.ComplexTestFunction Lattice.toSemilatticeInf Pphi2.EuclideanPlaneBackground.Distribution
thm	GaussianField.circleTranslation_add	Torus.Symmetry	GaussianField.circleTranslation GaussianField.SmoothMap_Circle.instFunLike GaussianField.SmoothMap_Circle.ext GaussianField.SmoothMap_Circle.mk.congr_simp GaussianField.SmoothMap_Circle.instAddCommGroup GaussianField.SmoothMap_Circle.instModule GaussianField.SmoothMap_Circle GaussianField.SmoothMap_Circle.instTopologicalSpace
thm	GaussianField.asymLatticeCoeffCLM.congr_simp	Lattice.AsymFiniteField	GaussianField.AsymLatticeSites GaussianField.asymLatticeCoeffCLM GaussianField.AsymLatticeField
thm	Pphi2.schwingerN_perm	Pphi2.InteractingMeasure.General	Pphi2.interactingMeasure GaussianField.Configuration GaussianField.instMeasurableSpaceConfiguration Pphi2.schwingerN
thm	Pphi2.pphi2_measure_neg_invariant	Pphi2.ContinuumLimit.CharacteristicFunctional	Pphi2.EuclideanPlaneBackground.SpaceTime Pphi2.FieldConfig2 Pphi2.EuclideanPlaneBackground.RealTestFunction Pphi2.planeBackground Pphi2.EuclideanPlaneBackground.dim Pphi2.IsPphi2Limit Pphi2.SpaceTime2 Pphi2.PositiveTimeTestFunction2 GaussianField.instMeasurableSpaceConfiguration Pphi2.TestFunction2 Pphi2.ContinuumTestFunction Pphi2.compTimeReflection2 Pphi2.schwartzTranslate
thm	GaussianField.measure_eq_of_moments	Pphi2.TorusContinuumLimit.MeasureUniqueness	GaussianField.DyninMityaginSpace GaussianField.eval_map_eq_of_moments GaussianField.pushforward_eq_of_eval_eq GaussianField.configBasisEval_measurable GaussianField.Configuration GaussianField.instMeasurableSpaceConfiguration GaussianField.instMeasurableSpaceConfiguration_eq_comap GaussianField.configBasisEval
thm	GaussianField.circleSpacing_pos	SmoothCircle.Restriction	GaussianField.circleSpacing
thm	Pphi2.ChaosTailBridge.chaos_neg_tail_bound_explicit	Pphi2.NelsonEstimate.ChaosTailBridge	Pphi2.ChaosTailBridge.chaosTailConstant_pos GaussianHilbert.stdGaussianFin Pphi2.ChaosTailBridge.polynomial_chaos_concentration_explicit GaussianHilbert.wienerChaosLE Pphi2.ChaosTailBridge.chaosTailConstant
def	GaussianField.latticeGaussianFieldLaw	GaussianField.Density	GaussianField.evalMap GaussianField.FinLatticeSites GaussianField.latticeGaussianMeasure GaussianField.Configuration GaussianField.instMeasurableSpaceConfiguration GaussianField.FinLatticeField
def	Pphi2.ContinuumComplexTestFunction	Pphi2.Backgrounds.EuclideanPlane	Pphi2.planeBackground Pphi2.EuclideanPlaneBackground.ComplexTestFunction
thm	Pphi2.canonicalSumConfig_apply_delta	Pphi2.NelsonEstimate.FieldDecomposition	Pphi2.canonicalSumConfig GaussianField.finLatticeDelta GaussianField.FinLatticeSites GaussianField.Configuration Pphi2.canonicalSumFieldFunction Pphi2.latticeFieldToConfig GaussianField.FinLatticeField Pphi2.latticeFieldToConfig_apply Pphi2.CanonicalJoint
thm	GaussianField.hermiteFunctionNd_unpair	SchwartzNuclear.HermiteTensorProduct	GaussianField.euclideanSnoc_init_last GaussianField.hermiteFunctionNd GaussianField.MultiIndex GaussianField.euclideanSnoc GaussianField.euclideanInit GaussianField.multiIndexEquiv
thm	Pphi2.gaussian_rp_with_boundary_weight	Pphi2.OSProofs.OS3_RP_Lattice	Pphi2.BoundarySupported GaussianField.gaussianDensity_integral_pos Pphi2.fieldReflection2D Pphi2.evalField2D GaussianField.finLatticeDelta GaussianField.evalMap GaussianField.FinLatticeSites GaussianField.latticeGaussianMeasure GaussianField.Configuration GaussianField.latticeGaussianMeasure_density_integral' GaussianField.instMeasurableSpaceConfiguration GaussianField.gaussianDensity Pphi2.fieldFromSites GaussianField.FinLatticeField Pphi2.PositiveTimeSupported Pphi2.gaussian_density_rp
thm	GaussianField.latticeFourierNormSq_eventually_one	Lattice.CirculantDFT	GaussianField.latticeFourierNormSq_zero GaussianField.latticeFourierNormSq GaussianField.latticeFourierNormSq_eq_one GaussianField.SmoothMap_Circle.fourierFreq
thm	GaussianField.normalizedGaussianDensityMeasureAsym_charFunDual_eq_latticeGaussianFieldLawAsym	GaussianField.DensityAsym	GaussianField.AsymLatticeSites GaussianField.normalizedGaussianDensityMeasureAsym GaussianField.latticeGaussianFieldLawAsym_fourier GaussianField.latticeGaussianFieldLawAsym GaussianField.strongDualToFieldAsym GaussianField.charFunDualAsym_eq_site_integral GaussianField.AsymLatticeField GaussianField.instFintypeAsymLatticeSitesOfNeZeroNat GaussianField.latticeCovarianceAsymGJ GaussianField.ell2' GaussianField.normalizedGaussianDensityMeasureAsym_linearFourier
thm	GaussianField.circleLaplacian_fourierBasis	SmoothCircle.Laplacian	GaussianField.SmoothMap_Circle.instFunLike GaussianField.SmoothMap_Circle.ext GaussianField.circleLaplacian_apply GaussianField.SmoothMap_Circle.fourierBasis GaussianField.circleHasLaplacianEigenvalues GaussianField.SmoothMap_Circle.instAddCommGroup GaussianField.SmoothMap_Circle.fourierBasisFun GaussianField.SmoothMap_Circle.instSMul GaussianField.HasLaplacianEigenvalues.eigenvalue GaussianField.SmoothMap_Circle.instModule GaussianField.circleLaplacian GaussianField.SmoothMap_Circle.instContinuousSMul GaussianField.smoothCircle_dyninMityaginSpace GaussianField.SmoothMap_Circle.instIsTopologicalAddGroup GaussianField.SmoothMap_Circle GaussianField.SmoothMap_Circle.instTopologicalSpace GaussianField.SmoothMap_Circle.fourierFreq
thm	Pphi2.wickConstantAsym_eq_variance	Pphi2.AsymTorus.AsymWickMean	GaussianField.spectralLatticeCovarianceAsym GaussianField.AsymLatticeSites Pphi2.latticeCovarianceAsymGJ_inner_eq_inv_a_sq_spectral Pphi2.wickConstantAsym GaussianField.massEigenvaluesAsym GaussianField.AsymLatticeField GaussianField.instFintypeAsymLatticeSitesOfNeZeroNat GaussianField.latticeCovarianceAsymGJ GaussianField.asymLatticeDelta Pphi2.spectralVarianceAsym_inner_eq_massEigenvalue_average GaussianField.ell2'
thm	Pphi2.LatticeBridge.LatticeRoughErrorSetup.hintegral	Pphi2.NelsonEstimate.LatticeBridge	Pphi2.LatticeBridge.LatticeRoughErrorSetup.ψ Pphi2.LatticeBridge.LatticeRoughErrorSetup
thm	GaussianField.schwartzToReal_comp_schwartzToComplex	Cylinder.FourierMultiplier	GaussianField.schwartzToComplex GaussianField.schwartzToReal
thm	Pphi2.action_decomposition	Pphi2.OSProofs.OS3_RP_Lattice	Pphi2.siteEquiv Pphi2.fieldReflection2D GaussianField.FinLatticeSites Pphi2.fieldToSites Pphi2.wickConstant Pphi2.timeReflection2D_involution Pphi2.timeReflection2D Lattice.toSemilatticeInf Pphi2.wickPolynomial Pphi2.latticeInteraction
def	Pphi2.rotationCFPointwiseDefect	Pphi2.OSProofs.OS2_WardIdentity	Pphi2.EuclideanPlaneBackground.SpaceTime Pphi2.FieldConfig2 Pphi2.EuclideanPlaneBackground.RealTestFunction Pphi2.planeBackground Pphi2.EuclideanPlaneBackground.dim Pphi2.TestFunction2 Pphi2.euclideanAction2 Pphi2.O2
thm	GaussianField.massEigenbasis_linear_sum_reprSymm_ofLp	Lattice.SpectralCovariance	GaussianField.massEigenbasis_coeff_reprSymm_ofLp GaussianField.FinLatticeSites GaussianField.massEigenvectorBasis GaussianField.FinLatticeField
thm	GaussianField.inverseResolventMultiplierCLM_comp_resolventMultiplierCLM	Cylinder.FourierMultiplier	GaussianField.realFourierMultiplierCLM.congr_simp GaussianField.resolventSymbol_even GaussianField.inverseResolventSymbol_hasTemperateGrowth GaussianField.inverseResolventSymbol GaussianField.resolventSymbol_hasTemperateGrowth GaussianField.realFourierMultiplierCLM GaussianField.resolventMultiplierCLM GaussianField.realFourierMultiplierCLM_comp GaussianField.resolventSymbol GaussianField.inverseResolventMultiplierCLM GaussianField.realFourierMultiplierCLM_one GaussianField.resolventSymbol_mul_inverse
def	GaussianField.FinLatticeSites	Lattice.Sites
thm	Pphi2.transferGaussian_memLp	Pphi2.TransferMatrix.L2Operator	Pphi2.SpatialField Pphi2.transferGaussian Lattice.toSemilatticeInf
thm	GaussianField.massEigenbasisAsym_coeff_reprSymm	GaussianField.DensityAsym	GaussianField.AsymLatticeSites GaussianField.massEigenvectorBasisAsym GaussianField.instFintypeAsymLatticeSitesOfNeZeroNat
def	GaussianField.RapidDecayLattice.val	Lattice.RapidDecayLattice	GaussianField.RapidDecayLattice
def	GaussianField.schwartz_dyninMityaginSpace_euclidean	SchwartzNuclear.HermiteNuclear	GaussianField.DyninMityaginSpace GaussianField.DyninMityaginSpace.ofRapidDecayEquiv GaussianField.schwartzRapidDecayEquivNd
def	Pphi2.plane2Background	Pphi2.Backgrounds.EuclideanPlane2D	Pphi2.planeBackground Pphi2.EuclideanPlaneBackground
thm	Pphi2.canonicalSmoothWeight.congr_simp	Pphi2.NelsonEstimate.FieldDecomposition	Pphi2.canonicalSmoothWeight
def	GaussianField.stdBasisInt	Lattice.Sites
def	GaussianField.RapidDecaySeq.instModule	Nuclear.NuclearTensorProduct	GaussianField.RapidDecaySeq GaussianField.RapidDecaySeq.instSMul GaussianField.RapidDecaySeq.instAddCommGroup
def	GaussianField.derivSC	SmoothCircle.Laplacian	GaussianField.SmoothMap_Circle.instFunLike GaussianField.SmoothMap_Circle
thm	GaussianField.integral_massEigenbasis_cexp	GaussianField.Density	GaussianField.FinLatticeSites GaussianField.integral_cexp_neg_half_sum_mul_sq_add_linear GaussianField.massEigenbasis_quadratic_sum_reprSymm_ofLp GaussianField.massEigenbasis_linear_sum_reprSymm_ofLp GaussianField.massEigenvalues GaussianField.massEigenvectorBasis GaussianField.massOperatorMatrix_eigenvalues_pos
thm	Pphi2.schwartzOfReal_add	Pphi2.EuclideanComplex	Pphi2.EuclideanPlaneBackground.SpaceTime Pphi2.EuclideanPlaneBackground.RealTestFunction Pphi2.schwartzOfReal Pphi2.EuclideanPlaneBackground.dim Pphi2.EuclideanPlaneBackground Pphi2.EuclideanPlaneBackground.ComplexTestFunction
thm	GaussianField.spectralCLM_zero	HeatKernel.Axioms	GaussianField.DyninMityaginSpace GaussianField.DyninMityaginSpace.coeff GaussianField.spectralCLM_coord GaussianField.spectralCLM GaussianField.ell2'
thm	Pphi2.torus_volume_eq	Pphi2.InteractingMeasure.UniformBounds	Pphi2.lattice_volume_eq GaussianField.FinLatticeSites GaussianField.circleSpacing_eq GaussianField.circleSpacing
def	Pphi2.LatticeBridge.LatticeRoughErrorSetup.ψ	Pphi2.NelsonEstimate.LatticeBridge	Pphi2.LatticeBridge.LatticeRoughErrorSetup
thm	Pphi2.asymCanonicalRoughCovariance_pow_sum_le_uniform_of_three_le	Pphi2.NelsonEstimate.AsymRoughCovarianceHigherP	GaussianField.AsymLatticeSites GaussianField.instFintypeAsymLatticeSitesOfNeZeroNat Lattice.toSemilatticeInf Pphi2.asymCanonicalRoughCovariance
thm	Pphi2.LatticeBridge.LatticeRoughErrorSetup.hdecomp	Pphi2.NelsonEstimate.LatticeBridge	GaussianField.FinLatticeSites Pphi2.LatticeBridge.LatticeRoughErrorSetup GaussianField.Configuration GaussianField.FinLatticeField Pphi2.interactionFunctional Pphi2.LatticeBridge.LatticeRoughErrorSetup.V_S Pphi2.LatticeBridge.LatticeRoughErrorSetup.E_R
thm	Pphi2.interactingPartitionFunction_pos	Pphi2.InteractingMeasure.General	Pphi2.interactingPartitionFunction Pphi2.interactingBoltzmannWeight_integrable Pphi2.interactingBoltzmannWeight GaussianField.Configuration Pphi2.interactingBoltzmannWeight_pos GaussianField.instMeasurableSpaceConfiguration
def	Pphi2.Fsin	Pphi2.OSProofs.OS3_RP_Lattice	Pphi2.pairing2D
thm	Pphi2.smooth_interaction_lower_bound	Pphi2.NelsonEstimate.SmoothLowerBound	Pphi2.wickMonomial_four_lower_bound GaussianField.FinLatticeSites Pphi2.wickMonomial
def	Pphi2.cylinderPullback	Pphi2.IRLimit.CylinderEmbedding	GaussianField.NuclearTensorProduct.instModuleReal GaussianField.NuclearTensorProduct.instTopologicalSpace GaussianField.CylinderTestFunction GaussianField.NuclearTensorProduct.instIsTopologicalAddGroup Pphi2.cylinderToTorusEmbed GaussianField.NuclearTensorProduct.instAddCommGroup GaussianField.Configuration GaussianField.NuclearTensorProduct.instContinuousSMulReal GaussianField.SmoothMap_Circle GaussianField.AsymTorusTestFunction
def	GaussianHilbert.hermiteMultiLp	GaussianHilbert.WienerChaos	GaussianHilbert.hermiteMultiEval_memLp GaussianHilbert.stdGaussianFin GaussianHilbert.hermiteMultiEval
thm	GaussianField.evalMap_evalMapInv	GaussianField.Density	GaussianField.evalMapInv_apply GaussianField.finLatticeDelta GaussianField.evalMap GaussianField.FinLatticeSites GaussianField.evalMapInv GaussianField.Configuration GaussianField.FinLatticeField
thm	GaussianField.evalMapInv.congr_simp	GaussianField.Density	GaussianField.FinLatticeSites GaussianField.evalMapInv GaussianField.Configuration GaussianField.FinLatticeField
def	Pphi2.EuclideanPlaneBackground.Motion.t	Pphi2.Backgrounds.EuclideanPlane	Pphi2.EuclideanPlaneBackground.SpaceTime Pphi2.EuclideanPlaneBackground.Motion Pphi2.EuclideanPlaneBackground
thm	Pphi2.continuumGreenBilinear_le_mass_inv_sq	Pphi2.GaussianContinuumLimit.PropagatorConvergence	Pphi2.EuclideanPlaneBackground.SpaceTime Pphi2.planeBackground Pphi2.EuclideanPlaneBackground.dim Pphi2.continuumGreenBilinear Pphi2.ContinuumTestFunction Lattice.toSemilatticeInf
thm	GaussianField.RapidDecaySeq.rapid_decay	Nuclear.NuclearTensorProduct	GaussianField.RapidDecaySeq GaussianField.RapidDecaySeq.val
thm	GaussianField.multiIndexEquiv_symm_growth	SchwartzNuclear.HermiteTensorProduct	GaussianField.MultiIndex GaussianField.MultiIndex.abs GaussianField.multiIndexEquiv
thm	Pphi2.asymCanonicalSmoothFieldFunctionOfFst.congr_simp	Pphi2.NelsonEstimate.AsymCrossTermL2Identity	GaussianField.AsymLatticeSites Pphi2.asymCanonicalSmoothFieldFunctionOfFst Pphi2.AsymCanonicalMode
thm	GaussianField.RapidDecaySeq.mk.congr_simp	Nuclear.NuclearTensorProduct	GaussianField.RapidDecaySeq
thm	Pphi2.EuclideanOS.generatingFunctional_re_eq_integral_cos	Pphi2.EuclideanOS	Pphi2.EuclideanPlaneBackground.SpaceTime Pphi2.EuclideanPlaneBackground.RealTestFunction Pphi2.EuclideanPlaneBackground.dim Pphi2.EuclideanPlaneBackground GaussianField.Configuration GaussianField.instMeasurableSpaceConfiguration Pphi2.EuclideanOS.generatingFunctional Pphi2.EuclideanPlaneBackground.Distribution
thm	Pphi2.EuclideanOS.SatisfiesFullOS.os4_ergodicity	Pphi2.EuclideanOS	Pphi2.EuclideanPlaneBackground.SpaceTime Pphi2.EuclideanPlaneBackground.RealTestFunction Pphi2.EuclideanOS.SatisfiesFullOS Pphi2.EuclideanPlaneBackground.dim Pphi2.EuclideanPlaneBackground Pphi2.EuclideanTimeStructure GaussianField.instMeasurableSpaceConfiguration Pphi2.EuclideanOS.OS4_Ergodicity Pphi2.EuclideanPlaneBackground.Distribution
thm	GaussianField.dft_parseval_2d	Lattice.CirculantDFT2d	GaussianField.latticeFourierBasisFun GaussianField.dft_parseval_1d GaussianField.FinLatticeSites GaussianField.sum_factor GaussianField.latticeFourierNormSq
thm	Pphi2.torusGaussianLimit_isGaussian	Pphi2.TorusContinuumLimit.TorusGaussianLimit	GaussianField.NuclearTensorProduct.instModuleReal GaussianField.NuclearTensorProduct.instTopologicalSpace GaussianField.NuclearTensorProduct.instIsTopologicalAddGroup GaussianField.NuclearTensorProduct.instAddCommGroup GaussianField.configuration_eval_measurable GaussianField.Configuration GaussianField.NuclearTensorProduct.instContinuousSMulReal GaussianField.SmoothMap_Circle GaussianField.instMeasurableSpaceConfiguration GaussianField.TorusTestFunction Pphi2.weakLimit_centered_gaussianReal
thm	GaussianField.eigenvector_transfer	Lattice.CirculantDFT	GaussianField.latticeEigenvalue1d GaussianField.latticeFourierBasisFun GaussianField.SmoothMap_Circle.instAddCommGroup GaussianField.circleRestriction GaussianField.eigenvalue_formula GaussianField.negLaplacian1d_sin_eigenvector GaussianField.cos_zmod_pred GaussianField.SmoothMap_Circle.instModule GaussianField.sin_zmod_succ GaussianField.SmoothMap_Circle GaussianField.latticeDFTCoeff1d GaussianField.circleSpacing GaussianField.negLaplacian1d_cos_eigenvector GaussianField.sin_zmod_pred GaussianField.cos_zmod_succ GaussianField.SmoothMap_Circle.instTopologicalSpace GaussianField.SmoothMap_Circle.fourierFreq Lattice.toSemilatticeInf
thm	GaussianField.DyninMityaginSpace.expansion_H	Nuclear.DyninMityagin	GaussianField.DyninMityaginSpace GaussianField.DyninMityaginSpace.coeff GaussianField.DyninMityaginSpace.expansion GaussianField.DyninMityaginSpace.basis
def	GaussianField.evalMap	GaussianField.Density	GaussianField.finLatticeDelta GaussianField.FinLatticeSites GaussianField.Configuration GaussianField.FinLatticeField
thm	GaussianField.integrable_fiber_ae	Lattice.FKG
thm	Pphi2.continuous_transferGaussian	Pphi2.TransferMatrix.L2Operator	Pphi2.SpatialField Pphi2.timeCoupling Pphi2.transferGaussian
def	GaussianField.strongDualToField	GaussianField.Density	GaussianField.finLatticeDelta GaussianField.FinLatticeSites GaussianField.FinLatticeField
def	Pphi2.Fcos	Pphi2.OSProofs.OS3_RP_Lattice	Pphi2.pairing2D
thm	Pphi2.EuclideanPlaneBackground.translate_apply	Pphi2.Backgrounds.EuclideanPlane	Pphi2.EuclideanPlaneBackground.SpaceTime Pphi2.EuclideanPlaneBackground.action Pphi2.EuclideanPlaneBackground.RealTestFunction Pphi2.EuclideanPlaneBackground.translate Pphi2.EuclideanPlaneBackground.inversePointAction Pphi2.EuclideanPlaneBackground.dim Pphi2.EuclideanPlaneBackground.translationMotion Pphi2.EuclideanPlaneBackground Pphi2.EuclideanPlaneBackground.action_apply Pphi2.EuclideanPlaneBackground.inversePointAction_translationMotion
def	Pphi2.asymCanonicalRoughGamma	Pphi2.NelsonEstimate.AsymCrossTermL2Identity	GaussianField.AsymLatticeSites Pphi2.asymCanonicalRoughModeCoeff Pphi2.AsymCanonicalMode
thm	GaussianField.nuclearLift_pure	Nuclear.NuclearExtension	GaussianField.DyninMityaginSpace GaussianField.NuclearTensorProduct.instModuleReal GaussianField.NuclearTensorProduct.instTopologicalSpace GaussianField.NuclearTensorProduct.lift_pure GaussianField.nuclearLift GaussianField.DyninMityaginSpace.ι GaussianField.NuclearTensorProduct GaussianField.NuclearTensorProduct.instAddCommGroup GaussianField.NuclearTensorProduct.pure GaussianField.DyninMityaginSpace.p
thm	GaussianField.ahlswede_daykin_one_dim_ae	Lattice.FKG	GaussianField.algebraic_four_functions
thm	Pphi2.wickMonomial_eq_hermite	Pphi2.WickOrdering.WickPolynomial	Pphi2.wickMonomial
def	GaussianField.qftEigenvalue	HeatKernel.Axioms	GaussianField.SmoothMap_Circle.fourierFreq
def	Pphi2.transferGroundExcitedData	Pphi2.TransferMatrix.Positivity	Pphi2.TransferGroundExcitedData
thm	GaussianField.freeHeatSemigroup.congr_simp	Cylinder.FreeHeatSemigroup	GaussianField.freeHeatSemigroup
thm	Pphi2.heat_kernel_trace_bound	Pphi2.NelsonEstimate.HeatKernelBound	GaussianField.latticeEigenvalue_eq GaussianField.FinLatticeSites GaussianField.latticeLaplacianEigenvalue GaussianField.latticeLaplacianEigenvalue_nonneg GaussianField.latticeEigenvalue_pos GaussianField.latticeEigenvalue
thm	Pphi2.asymTransferKernel_kPow_apply	Pphi2.AsymTorus.AsymTransferKernelOperator	Pphi2.L2SpatialField Pphi2.SpatialField Pphi2.asymTransferKernel Pphi2.asymTransferSystem Pphi2.asymTransferOperatorCLM_apply Pphi2.asymTransferOperatorCLM
thm	Pphi2.covariance_split	Pphi2.NelsonEstimate.CovarianceSplit	Pphi2.roughCovEigenvalue Pphi2.smoothCovEigenvalue GaussianField.latticeEigenvalue
thm	GaussianField.heatMultiplierCLM_translation_comm	Cylinder.FourierMultiplier	GaussianField.realFourierMultiplierCLM_translation_comm GaussianField.heatSymbol GaussianField.heatSymbol_hasTemperateGrowth GaussianField.heatMultiplierCLM GaussianField.schwartzTranslation
thm	Pphi2.asymTorusEmbedLiftIso_measurable	Pphi2.AsymTorus.AsymTorusEmbeddingIso	GaussianField.NuclearTensorProduct.instModuleReal GaussianField.NuclearTensorProduct.instTopologicalSpace GaussianField.AsymLatticeSites Pphi2.evalAsymTorusAtSiteGJ GaussianField.NuclearTensorProduct.instIsTopologicalAddGroup Pphi2.asymTorusEmbedLiftIso GaussianField.configuration_measurable_of_eval_measurable GaussianField.NuclearTensorProduct.instAddCommGroup GaussianField.configuration_eval_measurable GaussianField.Configuration GaussianField.NuclearTensorProduct.instContinuousSMulReal GaussianField.AsymLatticeField GaussianField.SmoothMap_Circle GaussianField.instMeasurableSpaceConfiguration GaussianField.instFintypeAsymLatticeSitesOfNeZeroNat GaussianField.asymLatticeDelta GaussianField.AsymTorusTestFunction
def	Pphi2.transferFirstExcitedEigenvalue	Pphi2.TransferMatrix.Positivity	Pphi2.TransferGroundExcitedData Pphi2.TransferGroundExcitedData.eigenval Pphi2.TransferGroundExcitedData.i₁ Pphi2.transferGroundExcitedData
thm	GaussianField.measurable_sitePairingAsym	GaussianField.DensityAsym	GaussianField.AsymLatticeSites GaussianField.AsymLatticeField GaussianField.instFintypeAsymLatticeSitesOfNeZeroNat
thm	Common.QFT.Euclidean.SchwingerFormulation.positiveTimeSubmodule_eq	Common.QFT.Euclidean.Formulations	Common.QFT.Euclidean.Formulation.positiveTimeTestFunctions Common.QFT.Euclidean.Formulation.TestFunction Common.QFT.Euclidean.SchwingerFormulation.toFormulation Common.QFT.Euclidean.SchwingerFormulation.instAddCommGroupTestFunction Common.QFT.Euclidean.SchwingerFormulation.positiveTimeSubmodule Common.QFT.Euclidean.SchwingerFormulation.instModuleTestFunction Common.QFT.Euclidean.SchwingerFormulation
thm	Pphi2.exists_pos_lt_zero_of_hasDerivWithinAt_neg	Pphi2.InteractingMeasure.U4Derivative	Lattice.toSemilatticeSup
thm	GaussianField.massEigenbasis_quadratic_sum_reprSymm_ofLp	Lattice.SpectralCovariance	GaussianField.massEigenbasis_coeff_reprSymm_ofLp GaussianField.FinLatticeSites GaussianField.massEigenvalues GaussianField.massEigenvectorBasis
def	GaussianField.DyninMityaginSpace.basis	Nuclear.DyninMityagin	GaussianField.DyninMityaginSpace
def	Pphi2.asymCanonicalFullInteractionJoint	Pphi2.NelsonEstimate.AsymCovarianceBoundsGJ	GaussianField.AsymLatticeSites Pphi2.wickConstantAsym Pphi2.AsymCanonicalJoint Pphi2.asymCanonicalSumFieldFunction GaussianField.instFintypeAsymLatticeSitesOfNeZeroNat Pphi2.wickPolynomial
def	Pphi2.OS4_Ergodicity	Pphi2.OSAxioms	Pphi2.EuclideanPlaneBackground.SpaceTime Pphi2.FieldConfig2 Pphi2.EuclideanPlaneBackground.RealTestFunction Pphi2.planeBackground Pphi2.EuclideanPlaneBackground.dim Pphi2.plane2Background GaussianField.instMeasurableSpaceConfiguration Pphi2.EuclideanOS.OS4_Ergodicity Pphi2.plane2TimeStructure
def	Pphi2.EuclideanOS.generatingFunctional	Pphi2.EuclideanOS	Pphi2.EuclideanPlaneBackground.SpaceTime Pphi2.EuclideanPlaneBackground.RealTestFunction Pphi2.EuclideanPlaneBackground.dim Pphi2.EuclideanPlaneBackground GaussianField.instMeasurableSpaceConfiguration Pphi2.EuclideanPlaneBackground.Distribution
thm	Pphi2.timeCoupling_sum_slice	Pphi2.AsymTorus.AsymEnergyFactorization	GaussianField.AsymLatticeSites Pphi2.SpatialField Pphi2.asymSliceEquiv GaussianField.AsymLatticeField Pphi2.timeCoupling
thm	Pphi2.norm_sq_proj_obsTrunc_omega_le	Pphi2.AsymTorus.AsymObsTrunc	Pphi2.asymSliceObsLinear Pphi2.asymSliceObsTrunc_abs_le_linear Pphi2.L2SpatialField Pphi2.asymSliceObsTrunc_measurable Pphi2.SpatialField Pphi2.asymGroundVector Pphi2.norm_sub_groundProj_le Pphi2.asymSliceObsTruncMulCLM Pphi2.asymSliceObsTrunc Pphi2.asymSliceObsTruncMulCLM_coeFn Lattice.toSemilatticeInf
thm	Pphi2.asymShift.congr_simp	Pphi2.AsymTorus.AsymWickVariance	GaussianField.AsymLatticeSites Pphi2.asymShift GaussianField.AsymLatticeField
def	Pphi2.ContinuumTestFunction	Pphi2.Backgrounds.EuclideanPlane	Pphi2.EuclideanPlaneBackground.RealTestFunction Pphi2.planeBackground
def	GaussianHilbert.IsSubGaussianMeasure	GaussianHilbert.PolynomialDensity
thm	Pphi2.SatisfiesTorusOS.os1	Pphi2.TorusContinuumLimit.TorusOSAxioms	GaussianField.NuclearTensorProduct.instModuleReal GaussianField.NuclearTensorProduct.instTopologicalSpace GaussianField.NuclearTensorProduct.instIsTopologicalAddGroup Pphi2.TorusOS1_Regularity GaussianField.NuclearTensorProduct.instAddCommGroup Pphi2.SatisfiesTorusOS GaussianField.Configuration GaussianField.NuclearTensorProduct.instContinuousSMulReal GaussianField.SmoothMap_Circle GaussianField.instMeasurableSpaceConfiguration GaussianField.TorusTestFunction
thm	Pphi2.latticeInteraction_bounded_below	Pphi2.InteractingMeasure.LatticeAction	GaussianField.FinLatticeSites Pphi2.wickConstant GaussianField.FinLatticeField Pphi2.wickPolynomial_bounded_below Pphi2.wickPolynomial Pphi2.latticeInteraction
thm	GaussianField.siteWickMonomial_eigenbasis_expansion	GaussianField.WickMultivariate	GaussianField.gffMultiWickMonomial GaussianField.FinLatticeSites GaussianField.gffOrthonormalCoord GaussianField.gffSiteVariance GaussianField.Configuration GaussianField.multiIndicesOfDegree GaussianField.FinLatticeField GaussianField.MultiIndexLattice.totalDegree
thm	Pphi2.complex_gf_invariant_of_real_gf_invariant	Pphi2.ContinuumLimit.CharacteristicFunctional	Pphi2.EuclideanPlaneBackground.SpaceTime Pphi2.generatingFunctionalℂ_ofReal_add_real_smul Pphi2.FieldConfig2 Pphi2.E2 Pphi2.EuclideanPlaneBackground.RealTestFunction Pphi2.planeBackground Pphi2.schwartzOfReal Pphi2.EuclideanPlaneBackground.dim Pphi2.schwartz_decompose_continuumEuclideanActionComplex Pphi2.EuclideanOS.schwartzIm Pphi2.schwartz_decompose Pphi2.EuclideanOS.schwartzRe Pphi2.TestFunction2ℂ Pphi2.plane2Background Pphi2.analyticOn_generatingFunctionalC Pphi2.EuclideanOS.generatingFunctionalℂ GaussianField.instMeasurableSpaceConfiguration Pphi2.euclideanAction2ℂ Pphi2.TestFunction2 Pphi2.euclideanAction2 Pphi2.EuclideanOS.generatingFunctional Pphi2.EuclideanOS.generatingFunctionalℂ.congr_simp Pphi2.EuclideanPlaneBackground.ComplexTestFunction Pphi2.EuclideanOS.generatingFunctional.congr_simp Pphi2.EuclideanPlaneBackground.Distribution
thm	GaussianField.cylinderMassOperator_inner	Cylinder.GreenFunction	GaussianField.NuclearTensorProduct.instModuleReal GaussianField.NuclearTensorProduct.instTopologicalSpace GaussianField.CylinderTestFunction GaussianField.cylinderGreen GaussianField.NuclearTensorProduct.instAddCommGroup GaussianField.cylinderMassOperator GaussianField.SmoothMap_Circle GaussianField.ell2'
thm	GaussianField.circleHeatSemigroup_reflection_comm	SmoothCircle.HeatEquivariance	GaussianField.fourierCoeffReal_circleReflection_zero GaussianField.circleHeatSemigroup_fourierCoeff GaussianField.RapidDecaySeq GaussianField.RapidDecaySeq.val GaussianField.SmoothMap_Circle.smoothCircleRapidDecayEquiv GaussianField.SmoothMap_Circle.instAddCommGroup GaussianField.heatWeight GaussianField.SmoothMap_Circle.fourierCoeffReal GaussianField.RapidDecaySeq.instModule GaussianField.RapidDecaySeq.ext GaussianField.circleReflection GaussianField.SmoothMap_Circle.instModule GaussianField.RapidDecaySeq.instAddCommGroup GaussianField.SmoothMap_Circle GaussianField.RapidDecaySeq.instTopologicalSpace GaussianField.fourierCoeffReal_circleReflection_cos GaussianField.circleHeatSemigroup GaussianField.fourierCoeffReal_circleReflection_sin GaussianField.SmoothMap_Circle.instTopologicalSpace
thm	Pphi2.transferOperator_strictly_positive_definite	Pphi2.TransferMatrix.Jentzsch	Pphi2.L2SpatialField Pphi2.SpatialField Pphi2.transferWeight Pphi2.transferGaussian_memLp Pphi2.transferWeight_measurable Pphi2.transferOperatorCLM Pphi2.convolution_gaussian_strictly_positive_definite Pphi2.transferWeight_pos Pphi2.transferGaussian Pphi2.transferWeight_bound
thm	GaussianField.measure.congr_simp	GaussianField.Properties	GaussianField.DyninMityaginSpace GaussianField.measure GaussianField.Configuration GaussianField.instMeasurableSpaceConfiguration
thm	GaussianField.gram_isCompact'	GaussianField.NuclearSVD
thm	GaussianField.fkg_lattice_condition_mul	Lattice.FKG	GaussianField.FKGLatticeCondition
thm	GaussianField.SmoothMap_Circle.fromRapidDecay_toRapidDecay	SmoothCircle.Nuclear	GaussianField.SmoothMap_Circle.toRapidDecay GaussianField.SmoothMap_Circle.fromRapidDecay GaussianField.SmoothMap_Circle GaussianField.SmoothMap_Circle.hasSum_fourierBasis
thm	Pphi2.asymGeomSpacing.congr_simp	Pphi2.AsymTorus.AsymTorusEmbedding	Pphi2.asymGeomSpacing
thm	GaussianField.greenFunctionBilinear.congr_simp	HeatKernel.Bilinear	GaussianField.DyninMityaginSpace GaussianField.HasLaplacianEigenvalues GaussianField.greenFunctionBilinear
thm	Pphi2.deriv_affine_bound_neg	Pphi2.InteractingMeasure.U4Derivative
thm	Pphi2.schwartzTranslate_apply	Pphi2.Backgrounds.EuclideanPlane	Pphi2.EuclideanPlaneBackground.SpaceTime Pphi2.planeBackground Pphi2.ContinuumSpaceTime Pphi2.EuclideanPlaneBackground.dim Pphi2.ContinuumTestFunction Pphi2.EuclideanPlaneBackground.translate_apply Pphi2.schwartzTranslate
thm	Pphi2.partitionFnDeriv2.congr_simp	Pphi2.InteractingMeasure.U4SecondDerivBound	Pphi2.partitionFnDeriv2
struct	Common.QFT.Euclidean.MeasureModel	Common.QFT.Euclidean.Formulations	Common.QFT.Euclidean.Formulation
thm	Pphi2.lattice_rp	Pphi2.OSProofs.OS3_RP_Lattice	Pphi2.fieldReflection2D Pphi2.evalField2D GaussianField.FinLatticeSites Pphi2.partitionFunction Pphi2.interactionFunctional_measurable Pphi2.interactingLatticeMeasure GaussianField.latticeGaussianMeasure Pphi2.gaussian_rp_with_boundary_weight GaussianField.Configuration GaussianField.instMeasurableSpaceConfiguration Pphi2.boltzmannWeight Pphi2.fieldFromSites GaussianField.FinLatticeField Pphi2.PositiveTimeSupported Pphi2.interactionFunctional Pphi2.boltzmannWeight_pos
thm	Pphi2.latticeTestFn.congr_simp	Pphi2.TorusContinuumLimit.TorusPropagatorConvergence	GaussianField.FinLatticeSites Pphi2.latticeTestFn GaussianField.TorusTestFunction
def	Pphi2.groundSliceVarianceSum	Pphi2.AsymTorus.AsymB5bSingleSlice	Pphi2.groundSliceVariance Pphi2.SpatialField
def	GaussianField.cylinderTimeReflectionSym	Cylinder.GreenFunction	GaussianField.CylinderSpacetimeSymmetry GaussianField.CylinderTestFunction GaussianField.cylinderMassOperator_timeReflection_norm_eq GaussianField.cylinderTimeReflection GaussianField.cylinderHeatSemigroup_timeReflection_comm
thm	Pphi2.asymCanonicalSmoothCovariance.congr_simp	Pphi2.NelsonEstimate.AsymCrossTermL2Identity	Pphi2.asymCanonicalSmoothCovariance GaussianField.AsymLatticeSites
thm	Pphi2.u4_at_zero	Pphi2.InteractingMeasure.U4Derivative	Pphi2.partitionFn_zero GaussianField.FinLatticeSites Pphi2.latticeFourthMoment_eq GaussianField.latticeGaussianMeasure GaussianField.Configuration GaussianField.instMeasurableSpaceConfiguration GaussianField.FinLatticeField Pphi2.interactionFunctional
def	Pphi2.asymCanonicalSumFieldLaw	Pphi2.NelsonEstimate.AsymFieldDecomposition	GaussianField.AsymLatticeSites Pphi2.AsymCanonicalJointSumIndex GaussianField.AsymLatticeField Pphi2.asymCanonicalStdToFieldCLM Pphi2.AsymCanonicalMode
def	GaussianField.normalizedGaussianDensityMeasure	GaussianField.Density	GaussianField.FinLatticeSites GaussianField.gaussianDensityMeasure GaussianField.gaussianDensityNormConst GaussianField.FinLatticeField
def	Pphi2.latticeConfigEuclideanTimeShift	Pphi2.InteractingMeasure.LatticeEuclideanTime	GaussianField.FinLatticeSites GaussianField.latticeTranslation GaussianField.Configuration Pphi2.latticeEuclideanTimeShift GaussianField.FinLatticeField
def	Pphi2.AsymCanonicalJoint	Pphi2.NelsonEstimate.AsymFieldDecomposition	Pphi2.AsymCanonicalMode
def	GaussianField.AsymLatticeField	Torus.AsymmetricTorus	GaussianField.AsymLatticeSites
thm	Pphi2.timeCoupling_eq_zero_iff	Pphi2.TransferMatrix.TransferMatrix	Pphi2.SpatialField Pphi2.timeCoupling Lattice.toSemilatticeInf
def	Pphi2.asymCanonicalCrossTerm	Pphi2.NelsonEstimate.AsymCrossTermL2Identity	GaussianField.AsymLatticeSites Pphi2.asymCanonicalRoughWickConstant Pphi2.AsymCanonicalJoint Pphi2.wickMonomial Pphi2.asymCanonicalRoughFieldFunction Pphi2.asymSmoothWickConstant GaussianField.instFintypeAsymLatticeSitesOfNeZeroNat Pphi2.asymCanonicalSmoothFieldFunction
def	Pphi2.EuclideanOS.distribPairing	Pphi2.EuclideanOS	Pphi2.EuclideanPlaneBackground.SpaceTime Pphi2.EuclideanPlaneBackground.RealTestFunction Pphi2.EuclideanPlaneBackground.dim Pphi2.EuclideanPlaneBackground Pphi2.EuclideanPlaneBackground.Distribution
thm	Pphi2.asymCanonicalSumFieldFunction_memLp_two	Pphi2.NelsonEstimate.AsymFieldDecomposition	GaussianField.AsymLatticeSites Pphi2.AsymCanonicalJoint Pphi2.asymCanonicalSumFieldFunction Pphi2.asymCanonicalRoughFieldFunction Pphi2.asymCanonicalSmoothFieldFunction_memLp_two Pphi2.asymCanonicalRoughFieldFunction_memLp_two Pphi2.asymCanonicalSmoothFieldFunction Pphi2.asymCanonicalJointMeasure Pphi2.AsymCanonicalMode
def	GaussianField.heatSymbol	Cylinder.FourierMultiplier
thm	Pphi2.wickMonomial_add_binomial	Pphi2.NelsonEstimate.WickBinomial	Pphi2.wickMonomial_succ_succ Pphi2.wickMonomial Lattice.toSemilatticeInf
thm	Pphi2.normalizedMoment_hasDerivAt_explicit	Pphi2.InteractingMeasure.U4DerivativeClosedForm	Pphi2.partitionFnDeriv Pphi2.normalizedMoment_hasDerivAt GaussianField.FinLatticeSites Pphi2.gibbsMoment GaussianField.latticeGaussianMeasure GaussianField.Configuration Pphi2.normalizedMoment GaussianField.instMeasurableSpaceConfiguration Pphi2.partitionFn Pphi2.normalizedMomentDeriv Pphi2.momentDeriv GaussianField.FinLatticeField Pphi2.interactionFunctional
thm	GaussianField.torusEmbedCLM_apply	Torus.Evaluation	GaussianField.torusEmbedCLM GaussianField.NuclearTensorProduct.instModuleReal GaussianField.NuclearTensorProduct.instTopologicalSpace GaussianField.FinLatticeSites GaussianField.NuclearTensorProduct.instIsTopologicalAddGroup GaussianField.NuclearTensorProduct.instAddCommGroup GaussianField.evalTorusAtSite GaussianField.Configuration GaussianField.NuclearTensorProduct.instContinuousSMulReal GaussianField.SmoothMap_Circle GaussianField.FinLatticeField GaussianField.TorusTestFunction
thm	Pphi2.asymTransferOperatorCLM_apply	Pphi2.AsymTorus.AsymTransferKernelOperator	Pphi2.asymTransferWeight_measurable Pphi2.L2SpatialField Pphi2.SpatialField Pphi2.asymTransferKernel Pphi2.asymTransferWeight Pphi2.transferGaussian_memLp Pphi2.asymTransferWeight_bound Pphi2.asymTransferOperatorCLM Pphi2.transferGaussian
thm	GaussianField.cylinderPositiveTime_disjoint_reflected	Cylinder.PositiveTime	GaussianField.NuclearTensorProduct.instModuleReal GaussianField.NuclearTensorProduct.instTopologicalSpace GaussianField.cylinderPositiveTimeSubmodule GaussianField.cylinderPositiveTime_negativeTime_disjoint GaussianField.cylinderTimeReflection_pos_to_neg GaussianField.CylinderTestFunction GaussianField.CylinderPositiveTimeTestFunction GaussianField.cylinderNegativeTimeSubmodule GaussianField.NuclearTensorProduct.instAddCommGroup GaussianField.cylinderTimeReflection GaussianField.cylinderTimeReflection_involution GaussianField.SmoothMap_Circle
def	GaussianField.fromRapidDecayNdCLM	SchwartzNuclear.HermiteTensorProduct	GaussianField.RapidDecaySeq GaussianField.RapidDecaySeq.instModule GaussianField.RapidDecaySeq.instAddCommGroup GaussianField.RapidDecaySeq.instTopologicalSpace
thm	Pphi2.AsymTransferGroundExcitedData.hlt	Pphi2.AsymTorus.AsymPositivity	Pphi2.AsymTransferGroundExcitedData.eigenval Pphi2.AsymTransferGroundExcitedData.i₀ Pphi2.AsymTransferGroundExcitedData.i₁ Pphi2.AsymTransferGroundExcitedData
thm	Pphi2.connectedFourPoint_map_const_smul	Pphi2.InteractingMeasure.FieldRedefinition	Pphi2.connectedFourPoint GaussianField.Configuration Pphi2.integral_pow_map_const_smul GaussianField.instMeasurableSpaceConfiguration
thm	Pphi2.asymCanonicalJointMeasure_map_sumConfig	Pphi2.NelsonEstimate.AsymFieldDecomposition	Pphi2.asymLatticeFieldToConfig_eq_evalMapInv GaussianField.AsymLatticeSites Pphi2.asymCanonicalSumFieldLaw Pphi2.asymCanonicalSumFieldLaw_eq_asymLatticeGaussianFieldLaw Pphi2.AsymCanonicalJoint Pphi2.asymCanonicalSumFieldLaw_eq_map_asymCanonicalSumFieldFunction Pphi2.asymEvalMapInv_measurable Pphi2.asymEvalMap_measurable Pphi2.asymCanonicalSumFieldFunction Pphi2.asymCanonicalSumConfig GaussianField.Configuration GaussianField.AsymLatticeField Pphi2.latticeGaussianMeasureAsym GaussianField.instMeasurableSpaceConfiguration Pphi2.asymEvalMap Pphi2.asymLatticeFieldToConfig Pphi2.asymLatticeGaussianFieldLaw Pphi2.asymCanonicalSumFieldFunction_measurable Pphi2.asymCanonicalJointMeasure Pphi2.asymEvalMapInv_evalMap Pphi2.asymEvalMapInv Pphi2.AsymCanonicalMode
thm	GaussianField.cylinderGreen_symm	Cylinder.GreenFunction	GaussianField.NuclearTensorProduct.instModuleReal GaussianField.NuclearTensorProduct.instTopologicalSpace GaussianField.CylinderTestFunction GaussianField.cylinderGreen GaussianField.NuclearTensorProduct.instAddCommGroup GaussianField.cylinderMassOperator GaussianField.SmoothMap_Circle GaussianField.ell2'
thm	GaussianHilbert.chaosProjection_eLpNorm_two_le	GaussianHilbert.WienerChaos	GaussianHilbert.chaosProjection GaussianHilbert.stdGaussianFin GaussianHilbert.wienerChaos GaussianHilbert.wienerChaos_hasOrthogonalProjection
def	Pphi2.compTimeReflection2ℂ	Pphi2.Backgrounds.EuclideanPlane2D	Pphi2.EuclideanPlaneBackground.SpaceTime Pphi2.EuclideanTimeStructure.reflectOnComplexTestFunctions Pphi2.planeBackground Pphi2.EuclideanPlaneBackground.dim Pphi2.TestFunction2ℂ Pphi2.plane2Background Pphi2.plane2TimeStructure
thm	Pphi2.u4_hasDerivAt2	Pphi2.InteractingMeasure.U4DerivativeClosedForm	Pphi2.u4Deriv2 Pphi2.normalizedMomentDeriv2 Pphi2.normalizedMoment_hasDerivAt_explicit Pphi2.normalizedMomentDeriv_hasDerivAt Pphi2.normalizedMoment Pphi2.normalizedMomentDeriv GaussianField.FinLatticeField Pphi2.u4Deriv
thm	Pphi2.LayerCake.setOf_le_max_eq_setOf_le_neg	Pphi2.NelsonEstimate.LayerCake	Lattice.toSemilatticeSup Lattice.toSemilatticeInf
thm	GaussianField.schwartzPositiveTimeSubmodule_isClosed	Cylinder.Symmetry	GaussianField.schwartzPositiveTimeSubmodule GaussianField.schwartzEvalCLM
thm	Pphi2.latticeEuclideanTimeShift_mod	Pphi2.InteractingMeasure.LatticeEuclideanTime	GaussianField.FinLatticeSites Pphi2.latticeEuclideanTimeShift
thm	Pphi2.interacting_second_moment_bound_to_lattice_free_covariance	Pphi2.AsymTorus.AsymB5bSingleSlice	Pphi2.freeSingleSliceCovarianceSum GaussianField.AsymLatticeSites Pphi2.groundVarianceFreeCovarianceConstant Pphi2.SpatialField Pphi2.asymSliceEquiv Pphi2.asymTransferSystem Pphi2.asymSliceFamilyLinear GaussianField.Configuration Pphi2.interacting_second_moment_bound_to_freeCovariance_sum GaussianField.AsymLatticeField Pphi2.latticeGaussianMeasureAsym Pphi2.interactingLatticeMeasureAsym GaussianField.instMeasurableSpaceConfiguration Pphi2.groundSliceVarianceSum
thm	Pphi2.leadingTerm_const_eq	Pphi2.InteractingMeasure.LeadingTerm	GaussianField.FinLatticeSites GaussianField.gffPositionCovariance Pphi2.gffPositionCovariance_row_sum
thm	GaussianField.latticeGaussianFieldLaw_univ	GaussianField.Density	GaussianField.measurable_evalMap GaussianField.evalMap GaussianField.FinLatticeSites GaussianField.latticeGaussianFieldLaw GaussianField.latticeGaussianMeasure_isProbability GaussianField.latticeGaussianMeasure GaussianField.Configuration GaussianField.instMeasurableSpaceConfiguration GaussianField.FinLatticeField
thm	GaussianField.resolventSymbol_mul_quotient	SchwartzFourier.ResolventUniformBound	GaussianField.resolventQuotientSymbol GaussianField.resolventSymbol Lattice.toSemilatticeInf
thm	Pphi2.asymTransferNormalized_gap	Pphi2.AsymTorus.AsymSpectralGap	Pphi2.AsymTransferGroundExcitedData.htop Pphi2.asymTransferNormalized Pphi2.L2SpatialField Pphi2.AsymTransferGroundExcitedData.eigenval Pphi2.SpatialField Pphi2.AsymTransferGroundExcitedData.i₀ Pphi2.asymGroundVector GaussianField.compact_selfAdjoint_hasEigenvector Pphi2.asymTransferGroundExcitedData Pphi2.asymTransferOperator_isCompact Pphi2.asymTransferGroundEigenvalue_pos Pphi2.AsymTransferGroundExcitedData Pphi2.asymTransferGroundEigenvalue Pphi2.asymTransferOperator_isSelfAdjoint Pphi2.AsymTransferGroundExcitedData.b Pphi2.AsymTransferGroundExcitedData.ι Pphi2.AsymTransferGroundExcitedData.h_eigen Pphi2.asymTransferOperatorCLM
thm	GaussianField.latticeEigenvalue1d_ge_quadratic	Lattice.CirculantDFT	GaussianField.latticeEigenvalue1d GaussianField.circleSpacing GaussianField.SmoothMap_Circle.fourierFreq Lattice.toSemilatticeInf
thm	Pphi2.timeReflection2_involution	Pphi2.Backgrounds.EuclideanPlane2D	Pphi2.planeBackground Pphi2.EuclideanPlaneBackground.dim Pphi2.SpaceTime2 Pphi2.timeReflection2
thm	GaussianField.algebraic_four_functions_ennreal	Lattice.FKG
thm	Pphi2.schwartzRe_sum_complex_smul	Pphi2.EuclideanComplex	Pphi2.EuclideanPlaneBackground.SpaceTime Pphi2.EuclideanPlaneBackground.RealTestFunction Pphi2.EuclideanPlaneBackground.dim Pphi2.EuclideanOS.schwartzIm Pphi2.EuclideanOS.schwartzRe Pphi2.EuclideanPlaneBackground Pphi2.EuclideanPlaneBackground.ComplexTestFunction
thm	GaussianField.configuration_eval_measurable	GaussianField.Construction	GaussianField.Configuration GaussianField.instMeasurableSpaceConfiguration
thm	Pphi2.ChaosTailBridge.polynomial_chaos_concentration_explicit	Pphi2.NelsonEstimate.ChaosTailBridge	GaussianHilbert.stdGaussianFin GaussianHilbert.wienerChaosLE Pphi2.ChaosTailBridge.chaosTailConstant Lattice.toSemilatticeInf
thm	Pphi2.DynamicalCutoff.smooth_lower_bound_at_cutoff	Pphi2.NelsonEstimate.DynamicalCutoff	Pphi2.smoothWickConstant Pphi2.DynamicalCutoff.dynamicalCutoffScale_log_sq_le GaussianField.FinLatticeSites Pphi2.smooth_interaction_lower_bound_log_uniform Pphi2.DynamicalCutoff.dynamicalCutoffScale_pos Pphi2.wickMonomial Pphi2.smoothBoundConstant Pphi2.DynamicalCutoff.dynamicalCutoffScale Pphi2.smoothBoundConstant_pos
def	Pphi2.asymLatticeFieldToConfig	Pphi2.NelsonEstimate.AsymFieldDecomposition	GaussianField.AsymLatticeSites GaussianField.Configuration GaussianField.AsymLatticeField GaussianField.instFintypeAsymLatticeSitesOfNeZeroNat
thm	GaussianField.gff_wickPower_two_smeared_inner	GaussianField.WickMultivariate	GaussianField.gffMultiWickMonomial GaussianField.FinLatticeSites GaussianField.gffSmearedCoeff GaussianField.latticeGaussianMeasure GaussianField.Configuration GaussianField.gffMultiWickMonomial_orthogonality GaussianField.instMeasurableSpaceConfiguration GaussianField.FinLatticeField GaussianField.gffSmearedCovariance
thm	Pphi2.torusEmbeddedTwoPoint_le_seminorm	Pphi2.TorusContinuumLimit.TorusInteractingOS	GaussianField.NuclearTensorProduct.instTopologicalSpace GaussianField.RapidDecaySeq.instZero GaussianField.RapidDecaySeq.rapidDecaySeminorm GaussianField.RapidDecaySeq Pphi2.torusEmbeddedTwoPoint GaussianField.RapidDecaySeq.instSMul GaussianField.RapidDecaySeq.instModule GaussianField.NuclearTensorProduct.instAddCommGroup GaussianField.RapidDecaySeq.instAddCommGroup GaussianField.SmoothMap_Circle GaussianField.RapidDecaySeq.instTopologicalSpace GaussianField.RapidDecaySeq.rapidDecay_withSeminorms Pphi2.torusEmbeddedTwoPoint_le_seminorm_tight GaussianField.TorusTestFunction
thm	GaussianField.RapidDecayLattice.latticeEnum_index_bound	Lattice.RapidDecayLattice	GaussianField.RapidDecayLattice.latticeEnum GaussianField.latticeNorm
thm	Pphi2.actionComplex_schwartzOfReal	Pphi2.EuclideanComplex	Pphi2.EuclideanPlaneBackground.SpaceTime Pphi2.EuclideanPlaneBackground.action Pphi2.EuclideanPlaneBackground.RealTestFunction Pphi2.schwartzOfReal Pphi2.EuclideanPlaneBackground.dim Pphi2.EuclideanPlaneBackground.Motion Pphi2.EuclideanPlaneBackground Pphi2.EuclideanPlaneBackground.actionComplex Pphi2.EuclideanPlaneBackground.ComplexTestFunction
thm	Common.QFT.Euclidean.TensorSchwingerModel.ext	Common.QFT.Euclidean.Formulations	Common.QFT.Euclidean.Formulation.TestFunction Common.QFT.Euclidean.TensorSchwingerModel Common.QFT.Euclidean.Formulation Common.QFT.Euclidean.TensorSchwingerModel.schwinger
thm	Pphi2.spatialAction.congr_simp	Pphi2.TransferMatrix.TransferMatrix	Pphi2.spatialAction Pphi2.SpatialField
def	Pphi2.asymCanonicalBasis	Pphi2.NelsonEstimate.AsymFieldDecomposition	GaussianField.AsymLatticeSites GaussianField.latticeFourierBasisFun Pphi2.AsymCanonicalMode
thm	GaussianField.cylinderMassOperator_formula	Cylinder.MassOperatorConstruction	GaussianField.NuclearTensorProduct.instModuleReal GaussianField.NuclearTensorProduct.instTopologicalSpace GaussianField.DyninMityaginSpace.coeff GaussianField.schwartz_dyninMityaginSpace_1D GaussianField.CylinderTestFunction GaussianField.NuclearTensorProduct.instAddCommGroup GaussianField.massOperatorCoord GaussianField.cylinderMassOperator_coord GaussianField.resolventFreq_pos GaussianField.resolventFreq GaussianField.cylinderMassOperator GaussianField.SmoothMap_Circle GaussianField.ntpSliceSchwartz GaussianField.resolventMultiplierCLM GaussianField.ell2'
def	Pphi2.roughCovEigenvalue	Pphi2.NelsonEstimate.CovarianceSplit	GaussianField.latticeEigenvalue
thm	GaussianField.gaussianDensityAsym_measurable	GaussianField.DensityAsym	GaussianField.AsymLatticeSites GaussianField.gaussianDensityAsym GaussianField.AsymLatticeField GaussianField.instFintypeAsymLatticeSitesOfNeZeroNat GaussianField.massOperatorAsym
thm	Pphi2.asymSliceMeasurableEquiv_coe	Pphi2.AsymTorus.AsymMeasureFactorization	GaussianField.AsymLatticeSites Pphi2.asymSliceMeasurableEquiv Pphi2.SpatialField Pphi2.asymSliceEquiv Pphi2.asymSliceEquiv_apply GaussianField.AsymLatticeField
thm	Pphi2.wickMonomial_eq_root_local	Pphi2.NelsonEstimate.RoughErrorBound	Pphi2.wickMonomial
thm	GaussianField.evalAsymTorusAtSite.congr_simp	Torus.AsymmetricTorus	GaussianField.NuclearTensorProduct.instModuleReal GaussianField.NuclearTensorProduct.instTopologicalSpace GaussianField.AsymLatticeSites GaussianField.evalAsymTorusAtSite GaussianField.NuclearTensorProduct.instAddCommGroup GaussianField.SmoothMap_Circle GaussianField.AsymTorusTestFunction
thm	GaussianField.nuclear_ell2_embedding_from_decay	GaussianField.TargetFactorization	GaussianField.DyninMityaginSpace GaussianField.DyninMityaginSpace.ι GaussianField.DyninMityaginSpace.h_with GaussianField.DyninMityaginSpace.p GaussianField.ell2' Lattice.toSemilatticeInf
thm	GaussianField.schwartzTranslation_apply	Cylinder.Symmetry	GaussianField.schwartzTranslation
thm	Pphi2.groundVariance_le_freeCovariance_with_constant	Pphi2.AsymTorus.AsymB5bSingleSlice	Pphi2.groundSliceVariance Pphi2.groundVarianceFreeCovarianceConstant Pphi2.SpatialField Pphi2.freeSingleSliceCovariance Pphi2.groundVariance_le_freeCovariance
def	Pphi2.partitionFnDeriv	Pphi2.InteractingMeasure.U4DerivativeClosedForm	GaussianField.FinLatticeSites GaussianField.latticeGaussianMeasure GaussianField.Configuration GaussianField.instMeasurableSpaceConfiguration GaussianField.FinLatticeField Pphi2.interactionFunctional
thm	Pphi2.gaussian_measure_unique_of_covariance	Pphi2.TorusContinuumLimit.TorusGaussianLimit	GaussianField.NuclearTensorProduct.instModuleReal GaussianField.NuclearTensorProduct.instTopologicalSpace GaussianField.NuclearTensorProduct.dyninMityaginSpace GaussianField.NuclearTensorProduct.instIsTopologicalAddGroup GaussianField.NuclearTensorProduct.instAddCommGroup GaussianField.Configuration GaussianField.gaussian_measure_unique_of_covariance GaussianField.NuclearTensorProduct.instContinuousSMulReal GaussianField.SmoothMap_Circle GaussianField.instMeasurableSpaceConfiguration GaussianField.TorusTestFunction
thm	Pphi2.torusInteractingMeasure_isProbability	Pphi2.TorusContinuumLimit.TorusInteractingLimit	GaussianField.NuclearTensorProduct.instModuleReal GaussianField.NuclearTensorProduct.instTopologicalSpace GaussianField.FinLatticeSites GaussianField.NuclearTensorProduct.instIsTopologicalAddGroup Pphi2.torusEmbedLift Pphi2.interactingLatticeMeasure_isProbability Pphi2.torusEmbedLift_measurable Pphi2.interactingLatticeMeasure GaussianField.NuclearTensorProduct.instAddCommGroup GaussianField.Configuration GaussianField.NuclearTensorProduct.instContinuousSMulReal GaussianField.SmoothMap_Circle GaussianField.circleSpacing GaussianField.instMeasurableSpaceConfiguration Pphi2.torusInteractingMeasure GaussianField.FinLatticeField GaussianField.TorusTestFunction GaussianField.circleSpacing_pos
thm	GaussianField.greenFunctionBilinear_translation_pure	HeatKernel.GreenInvariance	GaussianField.NuclearTensorProduct.instModuleReal GaussianField.circleTranslation GaussianField.NuclearTensorProduct.instTopologicalSpace GaussianField.circleHasLaplacianEigenvalues GaussianField.NuclearTensorProduct.dyninMityaginSpace GaussianField.SmoothMap_Circle.instAddCommGroup GaussianField.NuclearTensorProduct.instIsTopologicalAddGroup GaussianField.tensorProductHasLaplacianEigenvalues GaussianField.NuclearTensorProduct GaussianField.NuclearTensorProduct.instAddCommGroup GaussianField.SmoothMap_Circle.instModule GaussianField.SmoothMap_Circle.instContinuousSMul GaussianField.smoothCircle_dyninMityaginSpace GaussianField.SmoothMap_Circle.instIsTopologicalAddGroup GaussianField.NuclearTensorProduct.instContinuousSMulReal GaussianField.NuclearTensorProduct.pure GaussianField.SmoothMap_Circle GaussianField.greenFunctionBilinear_swap_pure GaussianField.SmoothMap_Circle.instTopologicalSpace GaussianField.greenFunctionBilinear
thm	Pphi2.roughCovEigenvalue_pos	Pphi2.NelsonEstimate.CovarianceSplit	Pphi2.roughCovEigenvalue GaussianField.latticeEigenvalue_pos GaussianField.latticeEigenvalue
thm	GaussianHilbert.wienerChaos_isClosed	GaussianHilbert.WienerChaos	GaussianHilbert.MultiIndex.totalDegree GaussianHilbert.stdGaussianFin GaussianHilbert.wienerChaos GaussianHilbert.hermiteMultiLp
thm	Pphi2.asymTransferKernel_symm	Pphi2.AsymTorus.AsymTransferInstantiation	Pphi2.transferGaussian_sub_comm Pphi2.SpatialField Pphi2.asymTransferKernel Pphi2.asymTransferWeight Pphi2.transferGaussian
thm	Pphi2.asymNelson_exponential_estimate_iso	Pphi2.AsymTorus.AsymNelson	GaussianField.AsymLatticeSites Pphi2.asymChaosCutoffDecomposition GaussianField.Configuration GaussianField.AsymLatticeField Pphi2.latticeGaussianMeasureAsym Pphi2.interactionFunctionalAsym GaussianField.instMeasurableSpaceConfiguration Pphi2.BridgeFromTail.bridgeAxiom_of_setup_real_generic Pphi2.interactionFunctionalAsym_measurable Pphi2.latticeGaussianMeasureAsym_isProbability
thm	GaussianField.abstract_spectral_eq_dft_spectral_2d_asym	Lattice.AsymCovariance	GaussianField.spectralLatticeCovarianceAsym GaussianField.latticeEigenvalue1d GaussianField.AsymLatticeSites GaussianField.latticeFourierBasisFun GaussianField.covariance GaussianField.massEigenvectorBasisAsym GaussianField.massOperatorAsym_eigenCoeff_eq_eigenvalues_mul_eigenCoeff GaussianField.latticeEigenvalue1d_nonneg GaussianField.massEigenbasisAsym_sum_mul_sum_eq_site_inner GaussianField.massEigenvaluesAsym GaussianField.covariance_spectralLatticeCovarianceAsym_eq GaussianField.latticeFourierNormSq GaussianField.massOperatorMatrixAsym_eigenvalues_pos GaussianField.AsymLatticeField GaussianField.instFintypeAsymLatticeSitesOfNeZeroNat GaussianField.dft_parseval_2d_asym GaussianField.massOperatorAsym_surjective GaussianField.massOperatorAsym GaussianField.dft_eigencoeff_massOperatorAsym GaussianField.ell2'
thm	Pphi2.canonicalRoughWickPower_two_site_marginal_eq_diag	Pphi2.NelsonEstimate.FieldDecomposition	Pphi2.canonicalRoughFieldFunctionOfSnd_eq_sum_gamma Pphi2.canonicalRoughFieldFunctionOfSnd Pphi2.canonicalRoughCovariance Pphi2.canonicalRoughCovariance_eq_sum_gamma_mul_gamma GaussianField.FinLatticeSites Pphi2.wickPower_two_site_pi_gaussianReal_eq_diag Pphi2.wickMonomial Pphi2.roughWickConstant Pphi2.canonicalRoughGamma
def	Pphi2.EuclideanTimeStructure.reflectCLE	Pphi2.Backgrounds.EuclideanTime	Pphi2.EuclideanPlaneBackground.SpaceTime Pphi2.EuclideanTimeStructure.reflect_involutive Pphi2.EuclideanPlaneBackground.dim Pphi2.EuclideanPlaneBackground Pphi2.EuclideanTimeStructure Pphi2.EuclideanTimeStructure.reflect
thm	GaussianHilbert.stdGaussianFin_dirichletMarkovSemigroup_satisfiesLogSobolev	GaussianHilbert.HypercontractivityFromBE	GaussianHilbert.stdGaussianFin_LSI
def	Common.QFT.Euclidean.SchwingerFormulation.NPointTestFunction	Common.QFT.Euclidean.Formulations	Common.QFT.Euclidean.SchwingerFormulation
def	GaussianField.cylinderPositiveTimeSubmodule	Cylinder.PositiveTime	GaussianField.NuclearTensorProduct.instModuleReal GaussianField.NuclearTensorProduct.instTopologicalSpace GaussianField.CylinderTestFunction GaussianField.NuclearTensorProduct.instAddCommGroup GaussianField.SmoothMap_Circle
axiom	Pphi2.asymTransferNormalized_contract	Pphi2.AsymTorus.AsymBridgeInstance	Pphi2.L2SpatialField Pphi2.SpatialField Pphi2.asymTransferGroundEigenvalue Pphi2.asymTransferOperatorCLM
thm	Pphi2.schwartzIm_schwartzOfReal	Pphi2.EuclideanComplex	Pphi2.EuclideanPlaneBackground.SpaceTime Pphi2.EuclideanPlaneBackground.RealTestFunction Pphi2.schwartzOfReal Pphi2.EuclideanPlaneBackground.dim Pphi2.EuclideanOS.schwartzIm Pphi2.EuclideanPlaneBackground
def	GaussianField.nuclearLift	Nuclear.NuclearExtension	GaussianField.DyninMityaginSpace GaussianField.NuclearTensorProduct.instModuleReal GaussianField.NuclearTensorProduct.instTopologicalSpace GaussianField.DyninMityaginSpace.ι GaussianField.NuclearTensorProduct GaussianField.NuclearTensorProduct.instAddCommGroup GaussianField.NuclearTensorProduct.lift GaussianField.DyninMityaginSpace.p
thm	Pphi2.LatticeBridge.LatticeRoughErrorSetup.htail	Pphi2.NelsonEstimate.LatticeBridge	GaussianField.FinLatticeSites Pphi2.LatticeBridge.LatticeRoughErrorSetup.ψ Pphi2.LatticeBridge.LatticeRoughErrorSetup GaussianField.latticeGaussianMeasure GaussianField.Configuration GaussianField.instMeasurableSpaceConfiguration GaussianField.FinLatticeField Pphi2.LatticeBridge.LatticeRoughErrorSetup.E_R
thm	GaussianHilbert.MvPolynomial_eval_memLp_two_of_subGaussian	GaussianHilbert.PolynomialDensity	GaussianHilbert.memLp_monomial_eval_two_of_subGaussian GaussianHilbert.IsSubGaussianMeasure
def	Pphi2.LatticeBridge.LatticeRoughErrorSetup.V_S	Pphi2.NelsonEstimate.LatticeBridge	GaussianField.FinLatticeSites Pphi2.LatticeBridge.LatticeRoughErrorSetup GaussianField.Configuration GaussianField.FinLatticeField
thm	Pphi2.transferGaussian_pos	Pphi2.TransferMatrix.L2Operator	Pphi2.SpatialField Pphi2.timeCoupling Pphi2.transferGaussian
thm	GaussianField.gffOrthonormalProj_measurable	GaussianField.StandardGaussianBridge	GaussianField.FinLatticeSites GaussianField.gffOrthonormalProj GaussianField.configuration_eval_measurable GaussianField.Configuration GaussianField.massEigenvalues GaussianField.massEigenvectorBasis GaussianField.instMeasurableSpaceConfiguration GaussianField.FinLatticeField
def	Pphi2.evalField2D	Pphi2.OSProofs.OS3_RP_Lattice	GaussianField.FinLatticeSites GaussianField.Configuration Pphi2.fieldFromSites GaussianField.FinLatticeField
def	Pphi2.u4Deriv	Pphi2.InteractingMeasure.U4DerivativeClosedForm	Pphi2.normalizedMoment Pphi2.normalizedMomentDeriv GaussianField.FinLatticeField
thm	Pphi2.compTimeReflection2_apply	Pphi2.Backgrounds.EuclideanPlane2D	Pphi2.EuclideanPlaneBackground.SpaceTime Pphi2.planeBackground Pphi2.EuclideanPlaneBackground.dim Pphi2.SpaceTime2 Pphi2.timeReflection2 Pphi2.TestFunction2 Pphi2.compTimeReflection2
def	GaussianField.rapidDecayLattice_hasPointEval	Lattice.RapidDecayLattice	GaussianField.RapidDecayLattice GaussianField.RapidDecayLattice.val GaussianField.HasPointEval
thm	Pphi2.canonicalRoughFieldFunction_self_moment_eq_roughWickConstant	Pphi2.NelsonEstimate.FieldDecomposition	Pphi2.canonicalJointMeasure GaussianField.FinLatticeSites Pphi2.canonicalRoughFieldFunction_self_moment_diag Pphi2.canonicalRoughWeight Pphi2.canonicalRoughFieldFunction GaussianField.latticeFourierProductBasisFun Pphi2.roughWickConstant GaussianField.latticeFourierProductNormSq Pphi2.CanonicalJoint
thm	Pphi2.SatisfiesTorusOS.os0	Pphi2.TorusContinuumLimit.TorusOSAxioms	GaussianField.NuclearTensorProduct.instModuleReal GaussianField.NuclearTensorProduct.instTopologicalSpace GaussianField.NuclearTensorProduct.instIsTopologicalAddGroup Pphi2.TorusOS0_Analyticity GaussianField.NuclearTensorProduct.instAddCommGroup Pphi2.SatisfiesTorusOS GaussianField.Configuration GaussianField.NuclearTensorProduct.instContinuousSMulReal GaussianField.SmoothMap_Circle GaussianField.instMeasurableSpaceConfiguration GaussianField.TorusTestFunction
thm	Pphi2.interacting_second_moment_bound_to_freeCovariance_sum	Pphi2.AsymTorus.AsymB5bSingleSlice	Pphi2.freeSingleSliceCovarianceSum Pphi2.asym_interacting_second_moment_eq_pathMeasure_slicePairing GaussianField.AsymLatticeSites Pphi2.groundVarianceFreeCovarianceConstant Pphi2.SpatialField Pphi2.asymSliceEquiv Pphi2.asymTransferSystem Pphi2.asymSliceFamilyLinear GaussianField.Configuration GaussianField.AsymLatticeField Pphi2.piece3_pathMeasure_bound_to_freeCovariance_sum Pphi2.slicePairing Pphi2.slicePairing.congr_simp Pphi2.interactingLatticeMeasureAsym GaussianField.instMeasurableSpaceConfiguration Pphi2.asymSliceFamilyLinear_eq_slicePairing Pphi2.groundSliceVarianceSum
thm	Pphi2.canonicalRoughFieldFunction_add	Pphi2.NelsonEstimate.FieldDecomposition	GaussianField.FinLatticeSites Pphi2.canonicalRoughFieldFunction Pphi2.CanonicalJoint
def	GaussianField.mapImage	Nuclear.TensorProductFunctorAxioms	GaussianField.DyninMityaginSpace GaussianField.NuclearTensorProduct GaussianField.DyninMityaginSpace.basis GaussianField.NuclearTensorProduct.pure
thm	GaussianField.SmoothMap_Circle.sobolevSeminorm_nonneg	SmoothCircle.Basic	GaussianField.SmoothMap_Circle.instFunLike GaussianField.SmoothMap_Circle.instAddCommGroup GaussianField.SmoothMap_Circle.instSMul GaussianField.SmoothMap_Circle GaussianField.SmoothMap_Circle.sobolevSeminorm GaussianField.SmoothMap_Circle.bddAbove_norm_iteratedDeriv_image
thm	GaussianField.asymTorusEmbedCLM_apply	Torus.AsymmetricTorus	GaussianField.NuclearTensorProduct.instModuleReal GaussianField.NuclearTensorProduct.instTopologicalSpace GaussianField.AsymLatticeSites GaussianField.NuclearTensorProduct.instIsTopologicalAddGroup GaussianField.evalAsymTorusAtSite GaussianField.NuclearTensorProduct.instAddCommGroup GaussianField.Configuration GaussianField.NuclearTensorProduct.instContinuousSMulReal GaussianField.AsymLatticeField GaussianField.SmoothMap_Circle GaussianField.instFintypeAsymLatticeSitesOfNeZeroNat GaussianField.AsymTorusTestFunction GaussianField.asymTorusEmbedCLM
thm	Pphi2.integrable_pow_pairing	Pphi2.InteractingMeasure.MomentIntegrability	GaussianField.FinLatticeSites GaussianField.latticeGaussianMeasure_isProbability Pphi2.pairing_memLp_lattice GaussianField.latticeGaussianMeasure GaussianField.configuration_eval_measurable GaussianField.Configuration GaussianField.instMeasurableSpaceConfiguration GaussianField.FinLatticeField
thm	Pphi2.covarianceGJ_massOperator	Pphi2.InteractingMeasure.LeadingTerm	GaussianField.latticeCovariance_GJ_eq_inv_smul_bare GaussianField.covariance GaussianField.latticeCovariance GaussianField.FinLatticeSites GaussianField.latticeCovarianceGJ GaussianField.massOperator GaussianField.ell2' GaussianField.FinLatticeField Pphi2.spectralCov_massOperator_inner
thm	GaussianField.resolventSymbol_mul_inverse	Cylinder.FourierMultiplier	GaussianField.inverseResolventSymbol GaussianField.resolventSymbol Lattice.toSemilatticeInf
thm	GaussianField.euclideanFin1MeasEquiv_mp	SchwartzNuclear.HermiteTensorProduct	GaussianField.euclideanFin1MeasEquiv
thm	Pphi2.asym_timeBond_sum_slice	Pphi2.AsymTorus.AsymEnergyFactorization	GaussianField.AsymLatticeSites Pphi2.SpatialField Pphi2.asymSliceEquiv Pphi2.asymSliceEquiv_apply GaussianField.AsymLatticeField GaussianField.instFintypeAsymLatticeSitesOfNeZeroNat
thm	Pphi2.partitionFn_zero	Pphi2.InteractingMeasure.ConnectedCorrelatorDerivative	GaussianField.FinLatticeSites GaussianField.latticeGaussianMeasure_isProbability GaussianField.latticeGaussianMeasure GaussianField.Configuration GaussianField.instMeasurableSpaceConfiguration GaussianField.FinLatticeField Pphi2.interactionFunctional
thm	Pphi2.asymCanonicalRoughWickPower_two_site_marginal_eq_zero_of_ne	Pphi2.NelsonEstimate.AsymCrossTermL2Identity	Pphi2.asymCanonicalRoughFieldFunctionOfSnd GaussianField.AsymLatticeSites Pphi2.asymCanonicalRoughWickConstant Pphi2.asymCanonicalRoughGamma Pphi2.asymCanonicalRoughFieldFunctionOfSnd_eq_sum_gamma Pphi2.wickMonomial Pphi2.asymCanonicalRoughGamma_sq_sum_eq_asymCanonicalRoughWickConstant Pphi2.AsymCanonicalMode Pphi2.wickPower_two_site_pi_gaussianReal_eq_zero_of_ne
thm	GaussianField.strongDualToFieldAsym.congr_simp	GaussianField.DensityAsym	GaussianField.AsymLatticeSites GaussianField.strongDualToFieldAsym GaussianField.AsymLatticeField
thm	Pphi2.torusGaussianLimit_exists	Pphi2.TorusContinuumLimit.TorusConvergence	GaussianField.NuclearTensorProduct.instModuleReal GaussianField.NuclearTensorProduct.instTopologicalSpace GaussianField.NuclearTensorProduct.dyninMityaginSpace GaussianField.NuclearTensorProduct.instIsTopologicalAddGroup Pphi2.torusContinuumMeasure GaussianField.NuclearTensorProduct.instAddCommGroup GaussianField.prokhorov_configuration GaussianField.Configuration GaussianField.NuclearTensorProduct.instContinuousSMulReal Pphi2.torusContinuumMeasure_isProbability GaussianField.SmoothMap_Circle GaussianField.instMeasurableSpaceConfiguration Pphi2.torusContinuumMeasures_tight GaussianField.TorusTestFunction
thm	GaussianField.heatWeight_zero	SmoothCircle.HeatSemigroup	GaussianField.circleHasLaplacianEigenvalues GaussianField.SmoothMap_Circle.instAddCommGroup GaussianField.heatWeight GaussianField.HasLaplacianEigenvalues.eigenvalue GaussianField.SmoothMap_Circle.instModule GaussianField.SmoothMap_Circle.instContinuousSMul GaussianField.smoothCircle_dyninMityaginSpace GaussianField.SmoothMap_Circle.instIsTopologicalAddGroup GaussianField.SmoothMap_Circle GaussianField.SmoothMap_Circle.instTopologicalSpace
thm	GaussianField.sum_latticeEigenvalue_two_eq_sum_latticeEigenvalue1d_pair	Lattice.LatticeFourierIndexing	GaussianField.latticeEigenvalue1d GaussianField.FinLatticeSites GaussianField.latticeLaplacianEigenvalue GaussianField.sum_rawFrequency_pair_eq_sum_latticeEigenvalue1d_pair GaussianField.latticeEigenvalue
thm	GaussianField.cylinderMassOperator_timeReflection_norm_eq	Cylinder.GreenFunction	GaussianField.NuclearTensorProduct.instModuleReal GaussianField.NuclearTensorProduct.instTopologicalSpace GaussianField.CylinderTestFunction GaussianField.NuclearTensorProduct.instAddCommGroup GaussianField.cylinderMassOperator_timeReflection_norm_eq_proved GaussianField.cylinderTimeReflection GaussianField.cylinderMassOperator GaussianField.SmoothMap_Circle GaussianField.ell2'
def	GaussianField.schwartzReflection	Cylinder.Symmetry
def	GaussianHilbert.mehlerOp	GaussianHilbert.OUEigenfunctions	GaussianHilbert.stdGaussianFin GaussianHilbert.mehlerLM
thm	Pphi2.asymSliceFamilyTrunc_measurable	Pphi2.AsymTorus.AsymBridgeKLimit	Pphi2.asymSliceObsTrunc_measurable Pphi2.SpatialField Pphi2.asymSliceFamilyTrunc Pphi2.asymSliceObsTrunc
thm	Pphi2.latticeFieldToConfig.congr_simp	Pphi2.NelsonEstimate.RoughErrorBound	GaussianField.FinLatticeSites GaussianField.Configuration Pphi2.latticeFieldToConfig GaussianField.FinLatticeField
thm	Pphi2.lattice_rp_matrix_reduction	Pphi2.OSProofs.OS3_RP_Lattice	Pphi2.fieldReflection2D Pphi2.lattice_rp Pphi2.evalField2D GaussianField.FinLatticeSites Pphi2.positiveTimeSupported_Fcos Pphi2.positiveTimeSupported_Fsin Pphi2.interactingLatticeMeasure Pphi2.pairing2D GaussianField.Configuration GaussianField.instMeasurableSpaceConfiguration Pphi2.timeReflection2D Pphi2.Fsin GaussianField.FinLatticeField Pphi2.Fcos
struct	Pphi2.EuclideanPlaneBackground.Motion	Pphi2.Backgrounds.EuclideanPlane	Pphi2.EuclideanPlaneBackground
thm	Pphi2.canonicalJointMeasure_isProbability	Pphi2.NelsonEstimate.FieldDecomposition	Pphi2.canonicalJointMeasure Pphi2.CanonicalJoint
def	GaussianField.FKGLatticeCondition	Lattice.FKG
thm	Pphi2.wickConstant_eq_latticeEigenvalue1d_family_average	Pphi2.WickOrdering.Counterterm	GaussianField.latticeEigenvalue1d GaussianField.FinLatticeSites Pphi2.wickConstant GaussianField.sum_latticeEigenvalue_eq_sum_latticeEigenvalue1d_family GaussianField.latticeEigenvalue
thm	Pphi2.canonicalSumFieldFunction_covariance_eq_GJ	Pphi2.NelsonEstimate.FieldDecomposition	Pphi2.canonicalJointMeasure GaussianField.latticeEigenvalue1d GaussianField.latticeCovariance_GJ_eq_inv_smul_bare GaussianField.covariance GaussianField.latticeCovariance GaussianField.abstract_spectral_eq_dft_spectral_family GaussianField.FinLatticeSites GaussianField.latticeCovarianceGJ Pphi2.canonicalSumFieldFunction_covariance Pphi2.canonicalEigenvalue Pphi2.canonicalSumFieldFunction GaussianField.latticeFourierProductBasisFun GaussianField.latticeFourierProductCoeff GaussianField.ell2' GaussianField.FinLatticeField GaussianField.latticeFourierProductNormSq Pphi2.CanonicalJoint
thm	Pphi2.normalizedMomentDeriv_hasDerivAt	Pphi2.InteractingMeasure.U4DerivativeClosedForm	Pphi2.partitionFn_ge_one Pphi2.partitionFn_hasDerivAt Pphi2.partitionFnDeriv Pphi2.partitionFn_hasDerivAt2 GaussianField.FinLatticeSites Pphi2.partitionFnDeriv2 Pphi2.gibbsMoment Pphi2.moment_hasDerivAt Pphi2.normalizedMomentDeriv2 GaussianField.latticeGaussianMeasure GaussianField.Configuration GaussianField.instMeasurableSpaceConfiguration Pphi2.moment_hasDerivAt2 Pphi2.momentDeriv2 Pphi2.partitionFn Pphi2.normalizedMomentDeriv Pphi2.momentDeriv GaussianField.FinLatticeField Pphi2.interactionFunctional
def	Pphi2.asymTransferKernel	Pphi2.AsymTorus.AsymTransferInstantiation	Pphi2.SpatialField Pphi2.asymTransferWeight Pphi2.transferGaussian
def	GaussianField.HasPointEval.eval	Nuclear.PointEval	GaussianField.HasPointEval GaussianField.HasPointEval.pointEval
thm	GaussianField.freeHeatSemigroup_reflection_comm	Cylinder.FourierMultiplier	GaussianField.freeHeatSemigroup GaussianField.heatMultiplierCLM_reflection_comm GaussianField.schwartzReflection
thm	Pphi2.LatticeSetup.latticeSmoothInteraction_measurable	Pphi2.NelsonEstimate.LatticeSetup	Pphi2.LatticeSetup.latticeSmoothInteraction Pphi2.smoothWickConstant GaussianField.finLatticeDelta GaussianField.FinLatticeSites Pphi2.wickPolynomial_continuous₂ GaussianField.configuration_eval_measurable GaussianField.Configuration GaussianField.instMeasurableSpaceConfiguration GaussianField.FinLatticeField Pphi2.wickPolynomial
def	GaussianField.schwartzRapidDecayEquiv	SchwartzNuclear.HermiteTensorProduct	GaussianField.schwartzDomCongr GaussianField.RapidDecaySeq GaussianField.schwartzRapidDecayEquivFin GaussianField.RapidDecaySeq.instModule GaussianField.RapidDecaySeq.instAddCommGroup GaussianField.RapidDecaySeq.instTopologicalSpace
thm	GaussianField.SmoothMap_Circle.smul_apply	SmoothCircle.Basic	GaussianField.SmoothMap_Circle.instFunLike GaussianField.SmoothMap_Circle.instSMul GaussianField.SmoothMap_Circle
def	GaussianField.cylinderNegativeTimeSubmodule	Cylinder.PositiveTime	GaussianField.NuclearTensorProduct.instModuleReal GaussianField.NuclearTensorProduct.instTopologicalSpace GaussianField.CylinderTestFunction GaussianField.NuclearTensorProduct.instAddCommGroup GaussianField.SmoothMap_Circle
thm	Pphi2.EuclideanPlaneBackground.actionComplex_apply	Pphi2.Backgrounds.EuclideanPlane	Pphi2.EuclideanPlaneBackground.SpaceTime Pphi2.EuclideanPlaneBackground.inversePointAction Pphi2.EuclideanPlaneBackground.dim Pphi2.EuclideanPlaneBackground.Motion Pphi2.EuclideanPlaneBackground Pphi2.EuclideanPlaneBackground.actionComplex Pphi2.EuclideanPlaneBackground.ComplexTestFunction
thm	Pphi2.asymGeomSpacing_sq_mul_sq	Pphi2.AsymTorus.AsymTorusInteractingLimit	Pphi2.asymTimeSpacing Pphi2.asymSpaceSpacing Pphi2.asymGeomSpacing
thm	GaussianField.periodizeCLM_comp_schwartzReflection	SchwartzNuclear.Periodization	GaussianField.SmoothMap_Circle.instFunLike GaussianField.SmoothMap_Circle.ext GaussianField.periodizeCLM_apply GaussianField.SmoothMap_Circle.instAddCommGroup GaussianField.periodizeCLM GaussianField.SmoothMap_Circle.toFun GaussianField.circleReflection GaussianField.SmoothMap_Circle.instModule GaussianField.SmoothMap_Circle GaussianField.schwartzReflection GaussianField.SmoothMap_Circle.instTopologicalSpace
thm	Pphi2.schwartzOfReal_apply	Pphi2.EuclideanComplex	Pphi2.EuclideanPlaneBackground.SpaceTime Pphi2.EuclideanPlaneBackground.RealTestFunction Pphi2.schwartzOfReal Pphi2.EuclideanPlaneBackground.dim Pphi2.EuclideanPlaneBackground Pphi2.EuclideanPlaneBackground.ComplexTestFunction
thm	GaussianHilbert.withDensity_pos_eq_neg_of_mem_orthogonal_polynomialToL2	GaussianHilbert.PolynomialDensity	Lattice.toSemilatticeSup GaussianHilbert.polynomialToL2 GaussianHilbert.linearFunctionalPolynomial GaussianHilbert.IsSubGaussianMeasure GaussianHilbert.complexMGF_eq_of_moments GaussianHilbert.memLp_exp_linear_two_of_subGaussian GaussianHilbert.linearFunctionalPolynomial_eval GaussianHilbert.MvPolynomial_eval_memLp_two_of_subGaussian
thm	GaussianField.SmoothMap_Circle.continuous_iteratedDeriv	SmoothCircle.Basic	GaussianField.SmoothMap_Circle.instFunLike GaussianField.SmoothMap_Circle.smooth GaussianField.SmoothMap_Circle
def	GaussianField.RapidDecayLattice.lattice_dyninMityaginSpace	Lattice.RapidDecayLattice	GaussianField.DyninMityaginSpace GaussianField.RapidDecayLattice.latticeRapidDecaySeminorm GaussianField.DyninMityaginSpace.ofRapidDecayEquiv GaussianField.RapidDecayLattice.instAddCommGroup GaussianField.RapidDecayLattice.latticeRapidDecayEquiv GaussianField.RapidDecayLattice GaussianField.RapidDecayLattice.lattice_withSeminorms GaussianField.RapidDecayLattice.instTopologicalSpace GaussianField.RapidDecayLattice.instModule GaussianField.RapidDecayLattice.instIsTopologicalAddGroup GaussianField.RapidDecayLattice.instContinuousSMul
def	GaussianField.NuclearTensorProduct.instModuleReal	Nuclear.NuclearTensorProduct	GaussianField.NuclearTensorProduct GaussianField.NuclearTensorProduct.instAddCommGroup
thm	Pphi2.asymTorusIso_cylinderUniformGreenBound	Pphi2.AsymTorus.AsymContinuumLimit	GaussianField.NuclearTensorProduct.instModuleReal GaussianField.NuclearTensorProduct.instTopologicalSpace GaussianField.AsymLatticeSites GaussianField.NuclearTensorProduct.instIsTopologicalAddGroup Pphi2.AsymTorusSequenceHasUniformGreenMomentBound Pphi2.asymLatticeTestFnIso GaussianField.NuclearTensorProduct.instAddCommGroup Pphi2.asymTorusInteractingMeasureIso GaussianField.Configuration GaussianField.NuclearTensorProduct.instContinuousSMulReal GaussianField.AsymLatticeField GaussianField.SmoothMap_Circle Pphi2.latticeGaussianMeasureAsym GaussianField.instMeasurableSpaceConfiguration Pphi2.MeasureHasGreenMomentBound Pphi2.asymTorusIso_measureHasGreenMomentBound_of_cutoff Pphi2.AsymTorusSequenceHasUniformGreenMomentBound.of_forall GaussianField.AsymTorusTestFunction
def	GaussianField.euclideanSnoc	SchwartzNuclear.SchwartzSlicing
def	Pphi2.rotationCFPointwiseDefectIntegrand	Pphi2.OSProofs.OS2_WardIdentity	Pphi2.EuclideanPlaneBackground.SpaceTime Pphi2.FieldConfig2 Pphi2.EuclideanPlaneBackground.RealTestFunction Pphi2.planeBackground Pphi2.EuclideanPlaneBackground.dim Pphi2.TestFunction2 Pphi2.euclideanAction2 Pphi2.O2
def	GaussianField.smoothCircle_hasPointEval	Nuclear.PointEval	GaussianField.SmoothMap_Circle.toFun GaussianField.HasPointEval GaussianField.SmoothMap_Circle
thm	Pphi2.CanonicalJointSumIndex.congr_simp	Pphi2.NelsonEstimate.RoughErrorBound	Pphi2.CanonicalJointSumIndex
thm	Pphi2.IsTorusGaussianContinuumLimit.isGaussian	Pphi2.TorusContinuumLimit.TorusGaussianLimit	Pphi2.IsTorusGaussianContinuumLimit GaussianField.NuclearTensorProduct.instModuleReal GaussianField.NuclearTensorProduct.instTopologicalSpace GaussianField.NuclearTensorProduct.instIsTopologicalAddGroup GaussianField.NuclearTensorProduct.instAddCommGroup GaussianField.Configuration GaussianField.NuclearTensorProduct.instContinuousSMulReal GaussianField.SmoothMap_Circle GaussianField.instMeasurableSpaceConfiguration GaussianField.TorusTestFunction
thm	Pphi2.spatialKinetic_sum_slice	Pphi2.AsymTorus.AsymEnergyFactorization	GaussianField.AsymLatticeSites Pphi2.SpatialField Pphi2.asymSliceEquiv Pphi2.spatialKinetic GaussianField.AsymLatticeField
thm	GaussianHilbert.hermiteMulti_orthogonality	GaussianHilbert.HermitePolynomials	GaussianField.wickMonomial_inner_gaussianReal_one GaussianHilbert.stdGaussianFin GaussianHilbert.hermiteEval GaussianHilbert.hermiteMultiEval
thm	Pphi2.integrable_wickFourth_wickPolynomial	Pphi2.InteractingMeasure.InteractionFourPoint	GaussianField.gffSmearedCovariance_self Pphi2.gffSmearedCovariance_single_single_eq_wickConstant GaussianField.integrable_wickMonomial_smeared_mul GaussianField.FinLatticeSites GaussianField.gffSmearedCoeff Pphi2.wickMonomial Pphi2.wickMonomial_eq_root_local GaussianField.latticeGaussianMeasure GaussianField.Configuration Pphi2.wickConstant GaussianField.instMeasurableSpaceConfiguration GaussianField.FinLatticeField GaussianField.gffSmearedCovariance Pphi2.wickPolynomial
def	GaussianField.SmoothMap_Circle.toRapidDecayLM	SmoothCircle.Nuclear	GaussianField.SmoothMap_Circle.toRapidDecay GaussianField.RapidDecaySeq GaussianField.SmoothMap_Circle.instAddCommGroup GaussianField.RapidDecaySeq.instModule GaussianField.SmoothMap_Circle.instModule GaussianField.RapidDecaySeq.instAddCommGroup GaussianField.SmoothMap_Circle
thm	GaussianField.spectralLatticeCovarianceAsym.congr_simp	Lattice.AsymCovariance	GaussianField.spectralLatticeCovarianceAsym GaussianField.AsymLatticeSites GaussianField.AsymLatticeField GaussianField.ell2'
thm	GaussianField.massOperatorCoord_apply	Cylinder.MassOperatorConstruction	GaussianField.NuclearTensorProduct.instModuleReal GaussianField.NuclearTensorProduct.instTopologicalSpace GaussianField.DyninMityaginSpace.coeff GaussianField.schwartz_dyninMityaginSpace_1D GaussianField.CylinderTestFunction GaussianField.NuclearTensorProduct.instAddCommGroup GaussianField.massOperatorCoord GaussianField.resolventFreq_pos GaussianField.resolventFreq GaussianField.SmoothMap_Circle GaussianField.ntpSliceSchwartz GaussianField.resolventMultiplierCLM
thm	GaussianField.wick_bound	GaussianField.Wick	GaussianField.DyninMityaginSpace GaussianField.measure GaussianField.Configuration GaussianField.instMeasurableSpaceConfiguration
struct	Common.QFT.Euclidean.DistributionalSchwingerModel	Common.QFT.Euclidean.Formulations	Common.QFT.Euclidean.SchwingerFormulation
thm	GaussianField.cylinderTimeReflection_pos_to_neg	Cylinder.PositiveTime	GaussianField.NuclearTensorProduct.instModuleReal GaussianField.NuclearTensorProduct.instTopologicalSpace GaussianField.CylinderTestFunction GaussianField.NuclearTensorProduct.instIsTopologicalAddGroup GaussianField.CylinderPositiveTimeTestFunction GaussianField.cylinderNegativeTimeSubmodule GaussianField.NuclearTensorProduct.instAddCommGroup GaussianField.cylinderTimeReflection GaussianField.NuclearTensorProduct.instContinuousSMulReal GaussianField.SmoothMap_Circle
def	GaussianField.euclideanFin1Equiv	SchwartzNuclear.HermiteTensorProduct
thm	GaussianField.schwartzNegativeTimeSubmodule_isClosed	Cylinder.Symmetry	GaussianField.schwartzEvalCLM GaussianField.schwartzNegativeTimeSubmodule
def	GaussianHilbert.chaosDiagCLM	GaussianHilbert.OUEigenfunctions	GaussianHilbert.stdGaussianFin GaussianHilbert.wienerChaos
def	Pphi2.euclideanAction2	Pphi2.Backgrounds.EuclideanPlane2D	Pphi2.EuclideanPlaneBackground.SpaceTime Pphi2.E2 Pphi2.planeBackground Pphi2.EuclideanPlaneBackground.dim Pphi2.continuumEuclideanAction Pphi2.TestFunction2
def	Pphi2.generatingFunctional	Pphi2.OSAxioms	Pphi2.EuclideanPlaneBackground.SpaceTime Pphi2.FieldConfig2 Pphi2.EuclideanPlaneBackground.RealTestFunction Pphi2.planeBackground Pphi2.EuclideanPlaneBackground.dim Pphi2.plane2Background GaussianField.instMeasurableSpaceConfiguration Pphi2.TestFunction2 Pphi2.EuclideanOS.generatingFunctional
def	GaussianField.NuclearTensorProduct.lift	Nuclear.NuclearTensorProduct	GaussianField.DyninMityaginSpace GaussianField.NuclearTensorProduct.instModuleReal GaussianField.NuclearTensorProduct.instTopologicalSpace GaussianField.DyninMityaginSpace.ι GaussianField.NuclearTensorProduct GaussianField.NuclearTensorProduct.instAddCommGroup GaussianField.DyninMityaginSpace.p
thm	Pphi2.massOperator_cross_block_zero_symm	Pphi2.OSProofs.OS3_RP_Lattice	GaussianField.massOperatorMatrix_isHermitian GaussianField.massOperatorMatrix GaussianField.FinLatticeSites GaussianField.massOperatorEntry Lattice.toSemilatticeInf Pphi2.massOperator_cross_block_zero
thm	GaussianField.cylinderMassOperator_spatialTranslation_norm_eq_proved	Cylinder.MassOperatorSpatialEquivariance	GaussianField.NuclearTensorProduct.instModuleReal GaussianField.NuclearTensorProduct.instTopologicalSpace GaussianField.cylinderSpatialTranslation GaussianField.CylinderTestFunction GaussianField.NuclearTensorProduct.instAddCommGroup GaussianField.cylinderMassOperator_spatialTranslation_normSq_eq_proved GaussianField.cylinderMassOperator GaussianField.SmoothMap_Circle GaussianField.ell2' Lattice.toSemilatticeInf
thm	Pphi2.configuration_neg_apply	Pphi2.TorusContinuumLimit.TorusGaussianLimit	GaussianField.NuclearTensorProduct.instModuleReal GaussianField.NuclearTensorProduct.instTopologicalSpace GaussianField.NuclearTensorProduct.instIsTopologicalAddGroup GaussianField.NuclearTensorProduct.instAddCommGroup GaussianField.Configuration GaussianField.NuclearTensorProduct.instContinuousSMulReal GaussianField.SmoothMap_Circle GaussianField.TorusTestFunction
thm	GaussianField.greenFunctionBilinear_finset_sum	HeatKernel.Bilinear	GaussianField.DyninMityaginSpace GaussianField.HasLaplacianEigenvalues GaussianField.greenFunctionBilinear_finset_sum_left GaussianField.greenFunctionBilinear GaussianField.greenFunctionBilinear_symm
thm	Pphi2.spectralVarianceAsym_delta_eq	Pphi2.AsymTorus.AsymWickVariance	GaussianField.spectralLatticeCovarianceAsym GaussianField.AsymLatticeSites Pphi2.covariance_spectralLatticeCovarianceAsym_translation_invariant GaussianField.covariance Pphi2.asymShift_delta Pphi2.asymShift GaussianField.AsymLatticeField GaussianField.asymLatticeDelta GaussianField.ell2'
thm	GaussianField.SmoothMap_Circle.contDiff_fourierSeries	SmoothCircle.Nuclear	GaussianField.RapidDecaySeq GaussianField.SmoothMap_Circle.fourierBasis GaussianField.RapidDecaySeq.val GaussianField.SmoothMap_Circle.instAddCommGroup GaussianField.SmoothMap_Circle.fourierBasisFun_smooth GaussianField.SmoothMap_Circle.fourierBasisFun GaussianField.SmoothMap_Circle.instSMul GaussianField.SmoothMap_Circle GaussianField.SmoothMap_Circle.sobolevSeminorm_nonneg GaussianField.SmoothMap_Circle.sobolevSeminorm GaussianField.RapidDecaySeq.rapid_decay GaussianField.SmoothMap_Circle.sobolevSeminorm_fourierBasis_le Lattice.toSemilatticeInf
def	Pphi2.EuclideanOS.generatingFunctionalℂ	Pphi2.EuclideanOS	Pphi2.EuclideanPlaneBackground.SpaceTime Pphi2.EuclideanPlaneBackground.RealTestFunction Pphi2.EuclideanPlaneBackground.dim Pphi2.EuclideanOS.schwartzIm Pphi2.EuclideanOS.schwartzRe Pphi2.EuclideanPlaneBackground GaussianField.instMeasurableSpaceConfiguration Pphi2.EuclideanPlaneBackground.ComplexTestFunction Pphi2.EuclideanPlaneBackground.Distribution
thm	Pphi2.u4_hasDerivAt	Pphi2.InteractingMeasure.U4DerivativeClosedForm	Pphi2.normalizedMoment_hasDerivAt_explicit Pphi2.normalizedMoment Pphi2.normalizedMomentDeriv Pphi2.u4 GaussianField.FinLatticeField Pphi2.u4Deriv
thm	Pphi2.momentDeriv.congr_simp	Pphi2.InteractingMeasure.U4SecondDerivBound	Pphi2.momentDeriv GaussianField.FinLatticeField
thm	GaussianField.SmoothMap_Circle.toRapidDecay_fromRapidDecay	SmoothCircle.Nuclear	GaussianField.SmoothMap_Circle.toRapidDecay GaussianField.RapidDecaySeq GaussianField.SmoothMap_Circle.fourierBasis GaussianField.SmoothMap_Circle.fourierBasisFun_abs_le GaussianField.RapidDecaySeq.val GaussianField.SmoothMap_Circle.fromRapidDecay GaussianField.SmoothMap_Circle.fourierBasisFun_smooth GaussianField.SmoothMap_Circle.fourierCoeffReal_fourierBasis GaussianField.SmoothMap_Circle.fourierCoeffReal GaussianField.SmoothMap_Circle.fourierBasisFun GaussianField.RapidDecaySeq.ext GaussianField.RapidDecaySeq.rapid_decay Lattice.toSemilatticeInf
thm	GaussianHilbert.hermiteMultiEval_continuous	GaussianHilbert.WienerChaos	GaussianHilbert.hermiteEval GaussianHilbert.hermiteMultiEval
thm	Pphi2.latticeFieldToConfig_apply	Pphi2.NelsonEstimate.FieldDecomposition	GaussianField.FinLatticeSites GaussianField.Configuration Pphi2.latticeFieldToConfig GaussianField.FinLatticeField
def	Pphi2.FieldDecomposition.Joint	Pphi2.NelsonEstimate.FieldDecomposition	Pphi2.FieldDecomposition
thm	Pphi2.asymTransferKernel_nonneg	Pphi2.AsymTorus.AsymTransferInstantiation	Pphi2.SpatialField Pphi2.asymTransferKernel Pphi2.asymTransferWeight Pphi2.asymTransferWeight_pos Pphi2.timeCoupling Pphi2.transferGaussian
thm	GaussianField.latticeHeatKernelMatrix.congr_simp	Pphi2.NelsonEstimate.FieldDecomposition	GaussianField.FinLatticeSites GaussianField.latticeHeatKernelMatrix
thm	GaussianField.evalMap_evalMapInvAsym	GaussianField.DensityAsym	GaussianField.evalMapAsymInv_apply GaussianField.AsymLatticeSites GaussianField.Configuration GaussianField.AsymLatticeField GaussianField.evalMapAsym GaussianField.instFintypeAsymLatticeSitesOfNeZeroNat GaussianField.evalMapAsymInv GaussianField.asymLatticeDelta
struct	GaussianField.RapidDecaySeq	Nuclear.NuclearTensorProduct
def	Pphi2.TorusIsInteractingStrict	Pphi2.TorusContinuumLimit.TorusNontriviality	GaussianField.NuclearTensorProduct.instModuleReal GaussianField.NuclearTensorProduct.instTopologicalSpace GaussianField.NuclearTensorProduct.instIsTopologicalAddGroup Pphi2.torusConnectedFourPoint GaussianField.NuclearTensorProduct.instAddCommGroup GaussianField.Configuration GaussianField.NuclearTensorProduct.instContinuousSMulReal GaussianField.SmoothMap_Circle GaussianField.instMeasurableSpaceConfiguration GaussianField.TorusTestFunction
def	Pphi2.asymCanonicalCrossTermStd	Pphi2.NelsonEstimate.AsymRoughErrorChaosStd	GaussianField.AsymLatticeSites Pphi2.AsymCanonicalJointSumIndex GaussianField.instFintypeAsymLatticeSitesOfNeZeroNat Pphi2.AsymCanonicalMode
thm	Pphi2.interactionFunctionalAsym_evalMapAsymInv	Pphi2.AsymTorus.AsymMeasureFactorization	GaussianField.AsymLatticeSites Pphi2.wickConstantAsym GaussianField.Configuration GaussianField.AsymLatticeField GaussianField.evalMapAsym Pphi2.interactionFunctionalAsym GaussianField.instFintypeAsymLatticeSitesOfNeZeroNat GaussianField.evalMap_evalMapInvAsym GaussianField.evalMapAsymInv GaussianField.asymLatticeDelta Pphi2.wickPolynomial
thm	Pphi2.abs_canonicalSmoothCovariance_le_smoothWickConstant	Pphi2.NelsonEstimate.FieldDecomposition	Pphi2.smoothWickConstant Pphi2.canonicalSmoothCovariance GaussianField.FinLatticeSites Pphi2.canonicalSmoothGamma Lattice.toSemilatticeInf
thm	GaussianField.odd_moment_vanish	GaussianField.Wick	GaussianField.DyninMityaginSpace GaussianField.measure GaussianField.measure_centered GaussianField.Configuration GaussianField.instMeasurableSpaceConfiguration GaussianField.wick_recursive
thm	Pphi2.canonicalSmoothInteraction_sq_integrable	Pphi2.InteractingMeasure.InteractionVariance	Pphi2.smoothWickConstant Pphi2.canonicalJointMeasure GaussianField.FinLatticeSites Pphi2.canonicalSmoothInteraction_eq_sum_crossTerm_diag Pphi2.canonicalSmoothInteraction Pphi2.wickPolynomial_continuous₂ Pphi2.canonicalSmoothFieldFunction_pointwise_measurable Pphi2.canonicalCrossTerm_pair_integrable Pphi2.smoothCovEigenvalue Pphi2.canonicalSmoothFieldFunction Pphi2.canonicalCrossTerm Pphi2.wickPolynomial Pphi2.CanonicalJoint
def	GaussianField.heatMultiplierCLM	Cylinder.FourierMultiplier	GaussianField.heatSymbol GaussianField.heatSymbol_hasTemperateGrowth GaussianField.realFourierMultiplierCLM
thm	Pphi2.field_second_moment_finite	Pphi2.InteractingMeasure.Normalization	GaussianField.finLatticeField_dyninMityaginSpace GaussianField.measure GaussianField.ell2_separableSpace Pphi2.interactionFunctional_bounded_below GaussianField.finLatticeDelta GaussianField.FinLatticeSites Pphi2.partitionFunction GaussianField.latticeCovarianceGJ Pphi2.interactionFunctional_measurable Pphi2.interactingLatticeMeasure GaussianField.latticeGaussianMeasure GaussianField.configuration_eval_measurable GaussianField.Configuration GaussianField.instMeasurableSpaceConfiguration Pphi2.boltzmannWeight GaussianField.ell2' GaussianField.FinLatticeField Pphi2.interactionFunctional Pphi2.partitionFunction_pos Lattice.toSemilatticeInf Pphi2.boltzmannWeight_pos GaussianField.pairing_product_integrable
thm	GaussianField.resolventMultiplierCLE.congr_simp	Cylinder.MassOperatorRangeDense	GaussianField.resolventMultiplierCLE
thm	Pphi2.canonicalRoughFieldFunction_eq_of_snd	Pphi2.NelsonEstimate.FieldDecomposition	Pphi2.canonicalRoughFieldFunctionOfSnd GaussianField.FinLatticeSites Pphi2.canonicalRoughFieldFunction
thm	Pphi2.FieldDecomposition.pushforward_eq_GFF	Pphi2.NelsonEstimate.FieldDecomposition	GaussianField.FinLatticeSites Pphi2.FieldDecomposition.μ_joint Pphi2.FieldDecomposition.φ_S Pphi2.FieldDecomposition Pphi2.FieldDecomposition.φ_R Pphi2.FieldDecomposition.Joint GaussianField.latticeGaussianMeasure GaussianField.Configuration GaussianField.instMeasurableSpaceConfiguration Pphi2.FieldDecomposition.jointMeasurable GaussianField.FinLatticeField
axiom	Pphi2.asymInteractingVariance_le_freeVariance_lattice_Lt_uniform	Pphi2.AsymTorus.AsymExpMomentDischarge	GaussianField.AsymLatticeSites GaussianField.Configuration GaussianField.AsymLatticeField Pphi2.latticeGaussianMeasureAsym Pphi2.interactingLatticeMeasureAsym GaussianField.instMeasurableSpaceConfiguration
thm	Pphi2.canonicalRoughCovariance_pow_sum_le_uniform_in_aN_of_three_le	Pphi2.NelsonEstimate.CovarianceBoundsGJ	Pphi2.canonicalRoughCovariance GaussianField.FinLatticeSites Pphi2.canonicalRoughCovariance_eq_integral_Icc_heatKernel GaussianField.latticeHeatKernelMatrix Lattice.toSemilatticeInf
def	Pphi2.evalAsymAtFinSiteGJ	Pphi2.AsymTorus.AsymTorusEmbedding	GaussianField.NuclearTensorProduct.instModuleReal GaussianField.NuclearTensorProduct.instTopologicalSpace GaussianField.FinLatticeSites GaussianField.NuclearTensorProduct.instAddCommGroup Pphi2.evalAsymAtFinSite GaussianField.SmoothMap_Circle GaussianField.AsymTorusTestFunction Pphi2.asymGeomSpacing
thm	GaussianField.strongDualAsym_apply_eq_site_sum	GaussianField.DensityAsym	GaussianField.AsymLatticeSites GaussianField.asym_field_basis_decomp_density GaussianField.strongDualToFieldAsym GaussianField.AsymLatticeField GaussianField.instFintypeAsymLatticeSitesOfNeZeroNat GaussianField.asymLatticeDelta
thm	GaussianField.cylinderMassOperator_timeReflection_equivariant	Cylinder.GreenFunction	GaussianField.NuclearTensorProduct.instModuleReal GaussianField.NuclearTensorProduct.instTopologicalSpace GaussianField.cylinderTimeReflectionSym GaussianField.CylinderTestFunction GaussianField.NuclearTensorProduct.instAddCommGroup GaussianField.cylinderTimeReflection GaussianField.cylinderMassOperator GaussianField.SmoothMap_Circle GaussianField.cylinderMassOperator_equivariant GaussianField.ell2'
thm	GaussianField.inf_dite_eq	Lattice.FKG
def	GaussianField.covariance	GaussianField.Construction
def	Pphi2.EuclideanPlaneBackground.Motion.R	Pphi2.Backgrounds.EuclideanPlane	Pphi2.EuclideanPlaneBackground.OrthogonalGroup Pphi2.EuclideanPlaneBackground.Motion Pphi2.EuclideanPlaneBackground
def	Pphi2.EuclideanPlaneBackground.dim	Pphi2.Backgrounds.EuclideanPlane	Pphi2.EuclideanPlaneBackground
thm	Pphi2.configuration_neg_measurable	Pphi2.ContinuumLimit.CharacteristicFunctional	Pphi2.EuclideanPlaneBackground.SpaceTime Pphi2.FieldConfig2 Pphi2.EuclideanPlaneBackground.RealTestFunction Pphi2.planeBackground Pphi2.EuclideanPlaneBackground.dim GaussianField.configuration_measurable_of_eval_measurable GaussianField.configuration_eval_measurable GaussianField.Configuration GaussianField.instMeasurableSpaceConfiguration
thm	Pphi2.wickFourth_wickPolynomial_inner_quartic	Pphi2.InteractingMeasure.InteractionFourPoint	GaussianField.FinLatticeSites GaussianField.gffPositionCovariance GaussianField.latticeGaussianMeasure GaussianField.Configuration Pphi2.wickConstant GaussianField.instMeasurableSpaceConfiguration Pphi2.wickFourth_wickPolynomial_inner GaussianField.FinLatticeField GaussianField.gffSmearedCovariance Pphi2.wickPolynomial
thm	Lattice.le_inf	Mathlib.Order.Lattice	Lattice Lattice.toSemilatticeSup Lattice.inf
thm	GaussianHilbert.wienerChaos_completeSpace	GaussianHilbert.WienerChaos	GaussianHilbert.wienerChaos_isClosed GaussianHilbert.stdGaussianFin GaussianHilbert.wienerChaos
def	GaussianField.RapidDecaySeq.instAddCommGroup	Nuclear.NuclearTensorProduct	GaussianField.RapidDecaySeq.instAdd GaussianField.RapidDecaySeq.instZero GaussianField.RapidDecaySeq GaussianField.RapidDecaySeq.instNeg
def	Pphi2.timeReflection2D	Pphi2.OSProofs.OS3_RP_Lattice
thm	GaussianField.gaussianDensityMeasureAsym.congr_simp	GaussianField.DensityAsym	GaussianField.AsymLatticeSites GaussianField.gaussianDensityMeasureAsym GaussianField.AsymLatticeField
def	GaussianField.SmoothMap_Circle.fourierCoeffLM	SmoothCircle.Basic	GaussianField.SmoothMap_Circle.instAddCommGroup GaussianField.SmoothMap_Circle.fourierCoeffReal GaussianField.SmoothMap_Circle.instModule GaussianField.SmoothMap_Circle GaussianField.SmoothMap_Circle.fourierCoeffReal_add
thm	GaussianField.SmoothMap_Circle.fourierBasis_apply	SmoothCircle.Basic	GaussianField.SmoothMap_Circle.instFunLike GaussianField.SmoothMap_Circle.fourierBasis GaussianField.SmoothMap_Circle.fourierBasisFun GaussianField.SmoothMap_Circle
thm	Pphi2.wickConstant_eq_variance_two_dim	Pphi2.ContinuumLimit.Hypercontractivity	GaussianField.latticeEigenvalue1d GaussianField.latticeCovariance_GJ_eq_inv_smul_bare GaussianField.latticeCovariance GaussianField.finLatticeDelta GaussianField.FinLatticeSites GaussianField.latticeCovarianceGJ Pphi2.wickConstant_two_eq_dft_eigenvalue_average Pphi2.wickConstant GaussianField.ell2' GaussianField.FinLatticeField
thm	Pphi2.asymTorusIso_measureHasGreenMomentBound_of_nelson	Pphi2.AsymTorus.AsymContinuumLimit	GaussianField.NuclearTensorProduct.instModuleReal GaussianField.NuclearTensorProduct.instTopologicalSpace GaussianField.AsymLatticeSites GaussianField.NuclearTensorProduct.instIsTopologicalAddGroup Pphi2.asymLatticeTestFnIso Pphi2.asymTorusInteractingMeasureIso_exponentialMomentBound_cutoff_of_nelson GaussianField.NuclearTensorProduct.instAddCommGroup Pphi2.asymTorusInteractingMeasureIso GaussianField.Configuration GaussianField.NuclearTensorProduct.instContinuousSMulReal GaussianField.AsymLatticeField GaussianField.SmoothMap_Circle Pphi2.latticeGaussianMeasureAsym Pphi2.interactionFunctionalAsym GaussianField.instMeasurableSpaceConfiguration Pphi2.MeasureHasGreenMomentBound Pphi2.asymTorusIso_measureHasGreenMomentBound_of_cutoff GaussianField.AsymTorusTestFunction
thm	GaussianField.periodizeFun_periodic	SchwartzNuclear.Periodization	GaussianField.periodizeFun
thm	Pphi2.wickMonomial_latticeGaussian	Pphi2.ContinuumLimit.Hypercontractivity	GaussianField.finLatticeField_dyninMityaginSpace GaussianField.measure GaussianField.ell2_separableSpace GaussianField.finLatticeDelta GaussianField.FinLatticeSites GaussianField.latticeCovarianceGJ Pphi2.gaussian_hermite_zero_mean Pphi2.wickMonomial GaussianField.pairing_is_gaussian GaussianField.latticeGaussianMeasure Pphi2.wickConstant_pos GaussianField.configuration_eval_measurable GaussianField.Configuration Pphi2.wickConstant_eq_variance Pphi2.wickConstant GaussianField.instMeasurableSpaceConfiguration GaussianField.ell2' GaussianField.FinLatticeField
thm	Pphi2.generatingFunctionalℂ_ofReal_add_real_smul	Pphi2.EuclideanComplex	Pphi2.EuclideanPlaneBackground.SpaceTime Pphi2.EuclideanPlaneBackground.RealTestFunction Pphi2.schwartzOfReal Pphi2.EuclideanPlaneBackground.dim Pphi2.EuclideanOS.schwartzIm Pphi2.EuclideanOS.schwartzRe Pphi2.schwartzRe_ofReal_add_real_smul Pphi2.EuclideanPlaneBackground Pphi2.EuclideanOS.generatingFunctionalℂ GaussianField.instMeasurableSpaceConfiguration Pphi2.EuclideanOS.generatingFunctional Pphi2.EuclideanPlaneBackground.ComplexTestFunction Pphi2.schwartzIm_ofReal_add_real_smul Pphi2.EuclideanPlaneBackground.Distribution
def	GaussianField.HasPointEval.ctorIdx	Nuclear.PointEval	GaussianField.HasPointEval
thm	Pphi2.asymCanonicalSumFieldFunction_add	Pphi2.NelsonEstimate.AsymFieldDecomposition	GaussianField.AsymLatticeSites Pphi2.AsymCanonicalJoint Pphi2.asymCanonicalSumFieldFunction Pphi2.asymCanonicalRoughFieldFunction Pphi2.asymCanonicalRoughFieldFunction_add Pphi2.asymCanonicalSmoothFieldFunction_add Pphi2.asymCanonicalSmoothFieldFunction Pphi2.AsymCanonicalMode
thm	GaussianField.gaussian_hypercontractive	GaussianField.HypercontractiveNat	GaussianField.DyninMityaginSpace GaussianField.measure GaussianField.hypercontractive_gaussianReal GaussianField.pairing_is_gaussian GaussianField.configuration_eval_measurable GaussianField.Configuration GaussianField.instMeasurableSpaceConfiguration
def	Common.QFT.Euclidean.PairingMeasureModel.ctorIdx	Common.QFT.Euclidean.Formulations	Common.QFT.Euclidean.PairingMeasureModel Common.QFT.Euclidean.Formulation
thm	Pphi2.canonicalRoughFieldFunction_memLp_two	Pphi2.NelsonEstimate.FieldDecomposition	Pphi2.canonicalJointMeasure GaussianField.FinLatticeSites Pphi2.canonicalRoughFieldFunction Pphi2.CanonicalJoint
def	Pphi2.evalAsymTorusAtSiteGJ	Pphi2.AsymTorus.AsymTorusEmbeddingIso	GaussianField.NuclearTensorProduct.instModuleReal GaussianField.NuclearTensorProduct.instTopologicalSpace GaussianField.AsymLatticeSites GaussianField.evalAsymTorusAtSite GaussianField.NuclearTensorProduct.instAddCommGroup GaussianField.SmoothMap_Circle GaussianField.AsymTorusTestFunction
def	Common.QFT.Euclidean.PairingMeasureModel.measure	Common.QFT.Euclidean.Formulations	Common.QFT.Euclidean.PairingMeasureModel Common.QFT.Euclidean.Formulation Common.QFT.Euclidean.PairingMeasureModel.instMeasurableSpaceFieldConfig
thm	Pphi2.transferOperator_ground_simple	Pphi2.TransferMatrix.Jentzsch	Pphi2.transferOperator_positivityImproving Pphi2.L2SpatialField Pphi2.transferOperator_isCompact Pphi2.SpatialField Pphi2.transferOperator_eigenvalues_pos Pphi2.transferOperator_isSelfAdjoint Pphi2.l2SpatialField_hilbertBasis_nontrivial Pphi2.transferOperatorCLM
def	Pphi2.asymSliceObsTrunc	Pphi2.AsymTorus.AsymObsTrunc	Pphi2.asymSliceObsLinear Pphi2.SpatialField
thm	Pphi2.freeSingleSliceCovariance_nonneg	Pphi2.AsymTorus.AsymB5bSingleSlice	GaussianField.AsymLatticeSites GaussianField.covariance Pphi2.SpatialField Pphi2.freeSingleSliceCovariance GaussianField.AsymLatticeField GaussianField.latticeCovarianceAsymGJ Pphi2.singleSliceLatticeField GaussianField.ell2'
def	Common.QFT.Euclidean.SchwingerFormulation.instAddCommGroupNPointTestFunction	Common.QFT.Euclidean.Formulations	Common.QFT.Euclidean.SchwingerFormulation.NPointTestFunction Common.QFT.Euclidean.SchwingerFormulation
thm	GaussianField.greenFunctionBilinear_add_left	HeatKernel.Bilinear	GaussianField.DyninMityaginSpace GaussianField.HasLaplacianEigenvalues GaussianField.DyninMityaginSpace.coeff GaussianField.greenFunctionBilinear_summable GaussianField.HasLaplacianEigenvalues.eigenvalue GaussianField.greenFunctionBilinear
thm	GaussianField.gaussianDensityNormConst.congr_simp	GaussianField.Density	GaussianField.gaussianDensityNormConst
thm	GaussianField.torusEmbedCLMGJ_apply	Torus.Evaluation	GaussianField.NuclearTensorProduct.instModuleReal GaussianField.NuclearTensorProduct.instTopologicalSpace GaussianField.FinLatticeSites GaussianField.NuclearTensorProduct.instIsTopologicalAddGroup GaussianField.NuclearTensorProduct.instAddCommGroup GaussianField.Configuration GaussianField.NuclearTensorProduct.instContinuousSMulReal GaussianField.SmoothMap_Circle GaussianField.evalTorusAtSiteGJ GaussianField.torusEmbedCLMGJ GaussianField.FinLatticeField GaussianField.TorusTestFunction
def	Common.QFT.Euclidean.SchwingerFormulation.instModuleComplexTestFunction	Common.QFT.Euclidean.Formulations	Common.QFT.Euclidean.SchwingerFormulation.instAddCommGroupComplexTestFunction Common.QFT.Euclidean.Formulation.ComplexTestFunction Common.QFT.Euclidean.SchwingerFormulation.toFormulation Common.QFT.Euclidean.SchwingerFormulation
thm	GaussianField.config_apply_eq_sum_deltaAsym	GaussianField.DensityAsym	GaussianField.AsymLatticeSites GaussianField.asym_field_basis_decomp_density GaussianField.Configuration GaussianField.AsymLatticeField GaussianField.instFintypeAsymLatticeSitesOfNeZeroNat GaussianField.asymLatticeDelta
def	Pphi2.plane2TimeStructure	Pphi2.Backgrounds.EuclideanPlane2D	Pphi2.EuclideanPlaneBackground.SpaceTime Pphi2.timeReflectionLinear Pphi2.EuclideanPlaneBackground.dim Pphi2.timeAxis2 Pphi2.plane2Background Pphi2.EuclideanTimeStructure Pphi2.timeReflection2_involution
thm	Pphi2.u4Deriv2.congr_simp	Pphi2.InteractingMeasure.U4AffineBound	Pphi2.u4Deriv2 GaussianField.FinLatticeField
thm	Pphi2.Fcos.congr_simp	Pphi2.OSProofs.OS3_RP_Lattice	Pphi2.Fcos
thm	Pphi2.rough_error_variance	Pphi2.NelsonEstimate.RoughErrorBound	Pphi2.integrable_sum_mul_sum_of_pairwise Pphi2.canonicalJointMeasure Pphi2.canonicalCrossTerm_inner_eq_zero Pphi2.canonicalRoughError_l2_sq_eq Pphi2.integral_sum_mul_sum_eq_zero_of_orth Pphi2.integrable_sq_real_sum_of_pairwise Pphi2.canonicalCrossTerm_pair_integrable Pphi2.canonicalCrossTerm_l2_sq_le Pphi2.canonicalRoughError Pphi2.canonicalCrossTerm Lattice.toSemilatticeInf Pphi2.CanonicalJoint
thm	Pphi2.asymCanonicalRoughWickPower_two_site_marginal_integrable	Pphi2.NelsonEstimate.AsymCrossTermL2Identity	Pphi2.asymCanonicalRoughFieldFunctionOfSnd GaussianField.AsymLatticeSites Pphi2.asymCanonicalRoughWickConstant Pphi2.asymCanonicalRoughGamma Pphi2.wickPower_two_site_pi_gaussianReal_integrable Pphi2.asymCanonicalRoughFieldFunctionOfSnd_eq_sum_gamma Pphi2.wickMonomial Pphi2.asymCanonicalRoughGamma_sq_sum_eq_asymCanonicalRoughWickConstant Pphi2.AsymCanonicalMode
thm	Pphi2.norm_generatingFunctional_le_one	Pphi2.ContinuumLimit.CharacteristicFunctional	Pphi2.EuclideanPlaneBackground.SpaceTime Pphi2.FieldConfig2 Pphi2.EuclideanPlaneBackground.RealTestFunction Pphi2.planeBackground Pphi2.EuclideanPlaneBackground.dim Pphi2.plane2Background GaussianField.instMeasurableSpaceConfiguration Pphi2.TestFunction2 Pphi2.EuclideanOS.generatingFunctional
thm	Pphi2.asymSliceObsTruncMulCLM_coeFn	Pphi2.AsymTorus.AsymObsTrunc	Pphi2.L2SpatialField Pphi2.asymSliceObsTrunc_measurable Pphi2.SpatialField Pphi2.asymSliceObsTruncMulCLM Pphi2.asymSliceObsTrunc Pphi2.asymSliceObsTrunc_abs_le_bound
thm	Pphi2.latticeGaussianMeasureAsym_isProbability	Pphi2.AsymTorus.AsymLatticeMeasure	GaussianField.AsymLatticeSites GaussianField.ell2_separableSpace GaussianField.asymLatticeField_dyninMityaginSpace GaussianField.Configuration GaussianField.AsymLatticeField Pphi2.latticeGaussianMeasureAsym GaussianField.instMeasurableSpaceConfiguration GaussianField.latticeCovarianceAsymGJ GaussianField.ell2' GaussianField.measure_isProbability
thm	GaussianField.nuclearTensorProduct_mapCLM_id	Nuclear.TensorProductFunctorAxioms	GaussianField.DyninMityaginSpace GaussianField.NuclearTensorProduct.ext GaussianField.NuclearTensorProduct.instModuleReal GaussianField.NuclearTensorProduct.instTopologicalSpace GaussianField.DyninMityaginSpace.coeff GaussianField.nuclearTensorProduct_mapCLM GaussianField.RapidDecaySeq.val GaussianField.NuclearTensorProduct GaussianField.DyninMityaginSpace.HasBiorthogonalBasis.coeff_basis GaussianField.NuclearTensorProduct.instAddCommGroup GaussianField.DyninMityaginSpace.basis GaussianField.DyninMityaginSpace.HasBiorthogonalBasis
def	GaussianField.SmoothMap_Circle.instNeg	SmoothCircle.Basic	GaussianField.SmoothMap_Circle.instFunLike GaussianField.SmoothMap_Circle
thm	Pphi2.os3_for_continuum_limit	Pphi2.OSProofs.OS2_WardIdentity	Pphi2.EuclideanPlaneBackground.SpaceTime Pphi2.FieldConfig2 Pphi2.EuclideanPlaneBackground.RealTestFunction Pphi2.planeBackground Pphi2.EuclideanPlaneBackground.dim Pphi2.IsPphi2Limit Pphi2.SpaceTime2 Pphi2.EuclideanTimeStructure.positiveTimeSubmodule Pphi2.PositiveTimeTestFunction2 Pphi2.OS3_ReflectionPositivity Pphi2.plane2Background GaussianField.Configuration GaussianField.instMeasurableSpaceConfiguration Pphi2.EuclideanTimeStructure.reflectOnRealTestFunctions Pphi2.TestFunction2 Pphi2.ContinuumTestFunction Pphi2.compTimeReflection2 Pphi2.EuclideanOS.generatingFunctional Pphi2.plane2TimeStructure Pphi2.schwartzTranslate Pphi2.EuclideanPlaneBackground.Distribution
def	GaussianField.massOperatorEntry	Lattice.SpectralCovariance	GaussianField.finLatticeDelta GaussianField.FinLatticeSites GaussianField.massOperator GaussianField.FinLatticeField
thm	GaussianField.coeff_eq_fourierCoeffReal	HeatKernel.GreenInvariance	GaussianField.DyninMityaginSpace.coeff GaussianField.SmoothMap_Circle.instAddCommGroup GaussianField.SmoothMap_Circle.fourierCoeffReal GaussianField.SmoothMap_Circle.instModule GaussianField.SmoothMap_Circle.instContinuousSMul GaussianField.smoothCircle_dyninMityaginSpace GaussianField.SmoothMap_Circle.instIsTopologicalAddGroup GaussianField.SmoothMap_Circle GaussianField.SmoothMap_Circle.instTopologicalSpace
thm	Pphi2.partitionFunctionAsym_pos	Pphi2.AsymTorus.AsymLatticeMeasure	Pphi2.boltzmannWeightAsym_integrable GaussianField.AsymLatticeSites Pphi2.boltzmannWeightAsym Pphi2.boltzmannWeightAsym_pos Pphi2.partitionFunctionAsym GaussianField.Configuration GaussianField.AsymLatticeField Pphi2.latticeGaussianMeasureAsym GaussianField.instMeasurableSpaceConfiguration Pphi2.latticeGaussianMeasureAsym_isProbability
thm	Pphi2.normalizedMoment_abs_le	Pphi2.InteractingMeasure.U4SecondDerivBound	Pphi2.torus_normConst_field_moment_uniform GaussianField.FinLatticeSites Pphi2.integrable_pow_pairing GaussianField.latticeGaussianMeasure GaussianField.configuration_eval_measurable GaussianField.Configuration Pphi2.expMoment_two_le_uniform Pphi2.normalizedMoment GaussianField.circleSpacing GaussianField.instMeasurableSpaceConfiguration Pphi2.abs_interacting_moment_le GaussianField.FinLatticeField Pphi2.interactionFunctional GaussianField.circleSpacing_pos
thm	Pphi2.asymCanonicalSmoothModeCoeff.congr_simp	Pphi2.NelsonEstimate.AsymFieldDecomposition	GaussianField.AsymLatticeSites Pphi2.asymCanonicalSmoothModeCoeff Pphi2.AsymCanonicalMode
thm	Pphi2.LatticeSetup.wickPolynomial_pure_quartic_diff	Pphi2.NelsonEstimate.LatticeSetup	Pphi2.smoothWickConstant Pphi2.LatticeSetup.wickMonomial_four_diff GaussianField.finLatticeDelta GaussianField.FinLatticeSites Pphi2.LatticeSetup.wickPolynomial_of_pure Pphi2.wickMonomial GaussianField.Configuration Pphi2.wickConstant GaussianField.FinLatticeField Lattice.toSemilatticeInf Pphi2.wickPolynomial
thm	Pphi2.wickConstant_eq_variance	Pphi2.ContinuumLimit.Hypercontractivity	GaussianField.latticeEigenvalue1d GaussianField.latticeCovariance_GJ_eq_inv_smul_bare GaussianField.covariance GaussianField.latticeCovariance GaussianField.finLatticeDelta GaussianField.FinLatticeSites GaussianField.latticeCovarianceGJ Pphi2.wickConstant_eq_latticeEigenvalue1d_family_average Pphi2.wickConstant GaussianField.ell2' GaussianField.FinLatticeField
thm	Pphi2.partitionFunction.congr_simp	Pphi2.InteractingMeasure.LatticeMeasure	Pphi2.partitionFunction
thm	Pphi2.asymLatticeTestFn_expand	Pphi2.AsymTorus.AsymTorusEmbedding	GaussianField.FinLatticeSites Pphi2.asymLatticeTestFn GaussianField.AsymTorusTestFunction GaussianField.FinLatticeField
def	GaussianField.HasLaplacianEigenvalues.ctorIdx	HeatKernel.Bilinear	GaussianField.DyninMityaginSpace GaussianField.HasLaplacianEigenvalues
thm	Pphi2.interactionFunctional_bounded_below	Pphi2.InteractingMeasure.LatticeMeasure	GaussianField.finLatticeDelta GaussianField.FinLatticeSites GaussianField.Configuration Pphi2.wickConstant GaussianField.FinLatticeField Pphi2.interactionFunctional Pphi2.wickPolynomial_bounded_below Pphi2.wickPolynomial
thm	GaussianField.cylinderConfigReflection_involution	Cylinder.Symmetry	GaussianField.NuclearTensorProduct.instModuleReal GaussianField.NuclearTensorProduct.instTopologicalSpace GaussianField.CylinderTestFunction GaussianField.NuclearTensorProduct.instIsTopologicalAddGroup GaussianField.NuclearTensorProduct.instAddCommGroup GaussianField.cylinderTimeReflection GaussianField.cylinderTimeReflection_involution GaussianField.Configuration GaussianField.NuclearTensorProduct.instContinuousSMulReal GaussianField.SmoothMap_Circle GaussianField.cylinderConfigReflection
thm	Pphi2.smooth_interaction_lower_bound_log	Pphi2.NelsonEstimate.SmoothLowerBound	Pphi2.smoothWickConstant Pphi2.smoothCovEigenvalue_pos GaussianField.FinLatticeSites Pphi2.smoothVariance_le_log Pphi2.wickMonomial Pphi2.smooth_interaction_lower_bound_volume Pphi2.smoothCovEigenvalue
thm	Pphi2.u4_continuousOn	Pphi2.InteractingMeasure.U4DerivativeInterior	Pphi2.u4_hasDerivWithinAt GaussianField.FinLatticeSites GaussianField.gffPositionCovariance GaussianField.latticeGaussianMeasure GaussianField.Configuration GaussianField.instMeasurableSpaceConfiguration GaussianField.FinLatticeField Pphi2.interactionFunctional Pphi2.u4_differentiableAt
thm	Lattice.copy.congr_simp	Mathlib.Order.Copy	Lattice Lattice.toSemilatticeSup Lattice.copy Lattice.toSemilatticeInf
def	GaussianField.RapidDecayLattice.instSMul	Lattice.RapidDecayLattice	GaussianField.RapidDecayLattice GaussianField.RapidDecayLattice.val
def	Pphi2.continuumTimeReflection	Pphi2.ContinuumLimit.TimeReflection	Pphi2.EuclideanPlaneBackground.SpaceTime Pphi2.planeBackground Pphi2.EuclideanPlaneBackground.dim Pphi2.ContinuumTestFunction
thm	Lattice.isStronglyAtomic	Mathlib.Order.Atoms	Lattice Lattice.toSemilatticeSup Lattice.toSemilatticeInf
thm	Pphi2.quartic_kernel_sum_nonneg	Pphi2.InteractingMeasure.U4Derivative	GaussianField.FinLatticeSites GaussianField.gffPositionCovariance GaussianField.FinLatticeField Lattice.toSemilatticeInf
thm	Pphi2.torus_second_moment_uniform	Pphi2.TorusContinuumLimit.TorusTightness	GaussianField.NuclearTensorProduct.instModuleReal GaussianField.NuclearTensorProduct.instTopologicalSpace Pphi2.torusEmbeddedTwoPoint GaussianField.NuclearTensorProduct.instIsTopologicalAddGroup Pphi2.torusContinuumMeasure GaussianField.NuclearTensorProduct.instAddCommGroup GaussianField.Configuration GaussianField.NuclearTensorProduct.instContinuousSMulReal GaussianField.SmoothMap_Circle Pphi2.torusEmbeddedTwoPoint_uniform_bound GaussianField.instMeasurableSpaceConfiguration GaussianField.TorusTestFunction
thm	Pphi2.anomaly_vanishes	Pphi2.OSProofs.OS2_WardIdentity	Pphi2.EuclideanPlaneBackground.SpaceTime Pphi2.generatingFunctional Pphi2.planeBackground Pphi2.continuumMeasure_isProbability Pphi2.EuclideanPlaneBackground.dim Pphi2.continuumMeasure Pphi2.TestFunction2 Pphi2.anomaly_bound_from_superrenormalizability Pphi2.euclideanAction2 Pphi2.O2
thm	Pphi2.asymTorus_interacting_second_moment_uniform	Pphi2.AsymTorus.AsymTorusInteractingLimit	Pphi2.asymTorusInteractingMeasure GaussianField.NuclearTensorProduct.instModuleReal GaussianField.NuclearTensorProduct.instTopologicalSpace GaussianField.FinLatticeSites GaussianField.NuclearTensorProduct.instIsTopologicalAddGroup Pphi2.asymGeomSpacing_pos GaussianField.NuclearTensorProduct.instAddCommGroup Pphi2.asymGaussian_second_moment_uniform_bound GaussianField.latticeGaussianMeasure GaussianField.Configuration GaussianField.NuclearTensorProduct.instContinuousSMulReal GaussianField.SmoothMap_Circle Pphi2.asymLatticeTestFn GaussianField.instMeasurableSpaceConfiguration GaussianField.AsymTorusTestFunction Pphi2.asymTorus_interacting_second_moment_density_transfer GaussianField.FinLatticeField Pphi2.asymGeomSpacing
thm	GaussianField.gffMultiWickMonomial.congr_simp	GaussianField.WickMultivariate	GaussianField.gffMultiWickMonomial GaussianField.FinLatticeSites GaussianField.Configuration GaussianField.FinLatticeField
def	Pphi2.boltzmannWeight	Pphi2.InteractingMeasure.LatticeMeasure	GaussianField.FinLatticeSites GaussianField.Configuration GaussianField.FinLatticeField Pphi2.interactionFunctional
def	GaussianField.asymTorusSwap	Torus.AsymmetricTorus	GaussianField.NuclearTensorProduct.instModuleReal GaussianField.NuclearTensorProduct.instTopologicalSpace GaussianField.SmoothMap_Circle.instAddCommGroup GaussianField.nuclearTensorProduct_swapCLM GaussianField.NuclearTensorProduct.instAddCommGroup GaussianField.SmoothMap_Circle.instModule GaussianField.SmoothMap_Circle.instContinuousSMul GaussianField.smoothCircle_dyninMityaginSpace GaussianField.SmoothMap_Circle.instIsTopologicalAddGroup GaussianField.SmoothMap_Circle GaussianField.AsymTorusTestFunction GaussianField.SmoothMap_Circle.instTopologicalSpace
thm	GaussianField.torusConfigReflection_continuous	Torus.Symmetry	GaussianField.torusTimeReflection GaussianField.NuclearTensorProduct.instModuleReal GaussianField.NuclearTensorProduct.instTopologicalSpace GaussianField.NuclearTensorProduct.instIsTopologicalAddGroup GaussianField.NuclearTensorProduct.instAddCommGroup GaussianField.Configuration GaussianField.NuclearTensorProduct.instContinuousSMulReal GaussianField.SmoothMap_Circle GaussianField.torusConfigReflection GaussianField.TorusTestFunction
def	Pphi2.TorusIsInteracting	Pphi2.TorusContinuumLimit.TorusNontriviality	GaussianField.NuclearTensorProduct.instModuleReal GaussianField.NuclearTensorProduct.instTopologicalSpace GaussianField.NuclearTensorProduct.instIsTopologicalAddGroup Pphi2.torusConnectedFourPoint GaussianField.NuclearTensorProduct.instAddCommGroup GaussianField.Configuration GaussianField.NuclearTensorProduct.instContinuousSMulReal GaussianField.SmoothMap_Circle GaussianField.instMeasurableSpaceConfiguration GaussianField.TorusTestFunction
thm	Pphi2.asymTransferWeight.congr_simp	Pphi2.AsymTorus.AsymTransferInstantiation	Pphi2.SpatialField Pphi2.asymTransferWeight
thm	Pphi2.DynamicalCutoff.one_add_abs_log_degreeDynamicalCutoff_eq_rpow	Pphi2.NelsonEstimate.DynamicalCutoff	Pphi2.DynamicalCutoff.degreeDynamicalCutoffScale_eq_exp Pphi2.DynamicalCutoff.degreeDynamicalCutoffScale Pphi2.DynamicalCutoff.degreeCutoffPower
def	GaussianField.SmoothMap_Circle.fourierCoeffReal	SmoothCircle.Basic	GaussianField.SmoothMap_Circle.instFunLike GaussianField.SmoothMap_Circle.fourierBasisFun GaussianField.SmoothMap_Circle
thm	GaussianField.eigenvalue_formula	Lattice.CirculantDFT
thm	Pphi2.asym_spaceBond_sum_slice	Pphi2.AsymTorus.AsymEnergyFactorization	GaussianField.AsymLatticeSites Pphi2.SpatialField Pphi2.asymSliceEquiv Pphi2.asymSliceEquiv_apply GaussianField.AsymLatticeField GaussianField.instFintypeAsymLatticeSitesOfNeZeroNat
thm	Pphi2.interactingBoltzmannWeight_antitone	Pphi2.InteractingMeasure.General	Pphi2.interactingBoltzmannWeight GaussianField.Configuration
thm	GaussianField.evalTorusAtSite_latticeTranslation	Torus.Evaluation	GaussianField.NuclearTensorProduct.instModuleReal GaussianField.circleTranslation GaussianField.NuclearTensorProduct.instTopologicalSpace GaussianField.SmoothMap_Circle.instFunLike GaussianField.nuclearTensorProduct_mapCLM GaussianField.SmoothMap_Circle.instAddCommGroup GaussianField.FinLatticeSites GaussianField.circleRestriction GaussianField.NuclearTensorProduct GaussianField.smoothCircle_coeff_basis GaussianField.translateSites GaussianField.NuclearTensorProduct.instAddCommGroup GaussianField.evalTorusAtSite GaussianField.SmoothMap_Circle.instModule GaussianField.SmoothMap_Circle.instContinuousSMul GaussianField.smoothCircle_dyninMityaginSpace GaussianField.SmoothMap_Circle.instIsTopologicalAddGroup GaussianField.SmoothMap_Circle GaussianField.circleSpacing GaussianField.TorusTestFunction GaussianField.NuclearTensorProduct.evalCLM GaussianField.SmoothMap_Circle.instTopologicalSpace GaussianField.circlePoint GaussianField.evalCLM_comp_mapCLM
def	GaussianField.l2InnerProduct	HeatKernel.Bilinear	GaussianField.DyninMityaginSpace
def	GaussianField.SmoothMap_Circle.instSub	SmoothCircle.Basic	GaussianField.SmoothMap_Circle.instFunLike GaussianField.SmoothMap_Circle
def	GaussianField.instMeasurableSpaceConfiguration	GaussianField.Construction	GaussianField.Configuration
thm	Pphi2.asymCanonicalRoughError_eq_sum_over_cross_terms	Pphi2.NelsonEstimate.AsymRoughErrorVariance	GaussianField.AsymLatticeSites Pphi2.asymCanonicalRoughWickConstant Pphi2.asymCanonicalCrossTerm Pphi2.AsymCanonicalJoint Pphi2.asymCanonicalRoughError Pphi2.wickMonomial Pphi2.asymCanonicalRoughFieldFunction Pphi2.asymSmoothWickConstant GaussianField.instFintypeAsymLatticeSitesOfNeZeroNat Pphi2.asymCanonicalRoughError_pointwise_decomposition Pphi2.asymCanonicalSmoothFieldFunction
thm	GaussianHilbert.integrable_pow_coord_of_subGaussian	GaussianHilbert.PolynomialDensity	GaussianHilbert.zero_mem_interior_integrableExpSet_coord_of_subGaussian GaussianHilbert.IsSubGaussianMeasure
thm	GaussianField.cross_moment_eq_covariance	GaussianField.Properties	GaussianField.DyninMityaginSpace GaussianField.measure GaussianField.second_moment_eq_covariance GaussianField.pairing_memLp GaussianField.Configuration GaussianField.instMeasurableSpaceConfiguration GaussianField.pairing_product_integrable
thm	GaussianField.weakLimit_centered_gaussianReal	Pphi2.TorusContinuumLimit.MeasureUniqueness	Lattice.toSemilatticeSup Lattice.toSemilatticeInf
thm	Pphi2.asymSliceObsTrunc_pathMeasure_connected_two_point_bound	Pphi2.AsymTorus.AsymBridgeInstance	Pphi2.asymTransferNormalized Pphi2.L2SpatialField Pphi2.SpatialField Pphi2.asymGroundVector Pphi2.asymTransferSystem Pphi2.asymTransferGroundEigenvalue Pphi2.asymRemainderHypothesis Pphi2.asymSliceObsTruncContract Pphi2.asymGroundStateRep
thm	GaussianField.integrable_mul_gaussianDensity_of_fieldLaw	GaussianField.Density	GaussianField.FinLatticeSites GaussianField.gaussianDensityMeasure GaussianField.gaussianDensityNormConst GaussianField.latticeGaussianFieldLaw GaussianField.latticeGaussianFieldLaw_eq_normalizedGaussianDensityMeasure GaussianField.gaussianDensityNormConst_ne_zero GaussianField.gaussianDensityWeight_measurable GaussianField.gaussianDensityWeight GaussianField.gaussianDensityWeight_toReal GaussianField.gaussianDensityNormConst_ne_top GaussianField.normalizedGaussianDensityMeasure GaussianField.gaussianDensity GaussianField.FinLatticeField
thm	Pphi2.canonicalSumFieldFunction_smul	Pphi2.NelsonEstimate.FieldDecomposition	GaussianField.FinLatticeSites Pphi2.canonicalRoughFieldFunction_smul Pphi2.canonicalSumFieldFunction Pphi2.canonicalRoughFieldFunction Pphi2.canonicalSumFieldFunction_eq_smooth_plus_rough Pphi2.canonicalSmoothFieldFunction Pphi2.canonicalSmoothFieldFunction_smul Pphi2.CanonicalJoint
thm	Pphi2.canonicalRoughError_neg_tail_uniform_in_aN	Pphi2.NelsonEstimate.RoughErrorBound	Pphi2.rough_error_variance Pphi2.canonicalJointMeasure Pphi2.canonicalJointStdGaussianMeasurableEquiv GaussianHilbert.stdGaussianFin GaussianHilbert.wienerChaosLE Pphi2.CanonicalJointSumIndex Pphi2.canonicalJointMeasure_map_stdGaussian Pphi2.ChaosTailBridge.chaosTailConstant Pphi2.canonicalRoughError_neg_tail_of_stdGaussian_explicit_ae Pphi2.canonicalRoughError Lattice.toSemilatticeInf Pphi2.CanonicalJoint
thm	Pphi2.normalizedMomentDeriv2.congr_simp	Pphi2.InteractingMeasure.U4DerivativeClosedForm	Pphi2.normalizedMomentDeriv2 GaussianField.FinLatticeField
def	Pphi2.AsymTransferGroundExcitedData.eigenval	Pphi2.AsymTorus.AsymPositivity	Pphi2.AsymTransferGroundExcitedData Pphi2.AsymTransferGroundExcitedData.ι
thm	GaussianHilbert.hermiteMultiLp_coeFn	GaussianHilbert.WienerChaos	GaussianHilbert.hermiteMultiEval_memLp GaussianHilbert.stdGaussianFin GaussianHilbert.hermiteMultiLp GaussianHilbert.hermiteMultiEval
thm	Pphi2.heatKernel_row_pairing_eq_diagonal	Pphi2.NelsonEstimate.FieldDecomposition	GaussianField.latticeHeatKernelMatrix_isHermitian GaussianField.FinLatticeSites GaussianField.latticeHeatKernelMatrix_semigroup GaussianField.latticeHeatKernelMatrix
thm	Pphi2.IsTorusGaussianContinuumLimit.z2_symmetric	Pphi2.TorusContinuumLimit.TorusGaussianLimit	Pphi2.IsTorusGaussianContinuumLimit GaussianField.NuclearTensorProduct.instModuleReal GaussianField.NuclearTensorProduct.instTopologicalSpace GaussianField.NuclearTensorProduct.instIsTopologicalAddGroup GaussianField.NuclearTensorProduct.instAddCommGroup GaussianField.Configuration GaussianField.NuclearTensorProduct.instContinuousSMulReal GaussianField.SmoothMap_Circle GaussianField.instMeasurableSpaceConfiguration GaussianField.TorusTestFunction
thm	GaussianField.nuclearTensorProduct_mapCLM_pure	Nuclear.TensorProductFunctorAxioms	GaussianField.DyninMityaginSpace GaussianField.NuclearTensorProduct.ext GaussianField.NuclearTensorProduct.instModuleReal GaussianField.NuclearTensorProduct.instTopologicalSpace GaussianField.DyninMityaginSpace.coeff GaussianField.nuclearTensorProduct_mapCLM GaussianField.RapidDecaySeq.val GaussianField.DyninMityaginSpace.expansion GaussianField.NuclearTensorProduct GaussianField.NuclearTensorProduct.instAddCommGroup GaussianField.DyninMityaginSpace.basis GaussianField.NuclearTensorProduct.pure
thm	GaussianField.SmoothMap_Circle.periodic	SmoothCircle.Basic	GaussianField.SmoothMap_Circle.instFunLike GaussianField.SmoothMap_Circle.periodic' GaussianField.SmoothMap_Circle
def	Common.QFT.Euclidean.TensorSchwingerModel.schwinger	Common.QFT.Euclidean.Formulations	Common.QFT.Euclidean.Formulation.TestFunction Common.QFT.Euclidean.TensorSchwingerModel Common.QFT.Euclidean.Formulation
thm	GaussianField.ell2_basis_orthonormal	GaussianField.NuclearSVD	GaussianField.ell2_basis GaussianField.ell2'
thm	GaussianField.gaussianDensity_integrable	Lattice.FKG	GaussianField.FinLatticeSites GaussianField.massOperator GaussianField.gaussianDensity_nonneg GaussianField.finiteLaplacian_neg_semidefinite GaussianField.gaussianDensity GaussianField.finiteLaplacian GaussianField.FinLatticeField
def	Pphi2.LatticeSetup.latticeWickSquareSum	Pphi2.NelsonEstimate.LatticeSetup	GaussianField.finLatticeDelta GaussianField.FinLatticeSites Pphi2.wickMonomial GaussianField.Configuration Pphi2.wickConstant GaussianField.FinLatticeField
thm	Pphi2.torusContinuumGreen_pointGroup_invariant	Pphi2.TorusContinuumLimit.TorusOSAxioms	GaussianField.greenFunctionBilinear_timeReflection_invariant GaussianField.torusTimeReflection Pphi2.torusContinuumGreen GaussianField.NuclearTensorProduct.instModuleReal GaussianField.NuclearTensorProduct.instTopologicalSpace GaussianField.torusSwap GaussianField.NuclearTensorProduct.instAddCommGroup GaussianField.SmoothMap_Circle GaussianField.greenFunctionBilinear_swap_invariant GaussianField.TorusTestFunction
thm	Pphi2.CylinderMeasureSequenceEventuallyReflectionPositive.of_forall	Pphi2.IRLimit.CylinderOS	GaussianField.NuclearTensorProduct.instModuleReal GaussianField.NuclearTensorProduct.instTopologicalSpace GaussianField.cylinderPositiveTimeSubmodule GaussianField.CylinderTestFunction GaussianField.NuclearTensorProduct.instIsTopologicalAddGroup Pphi2.CylinderRPMatrixNonnegative Pphi2.CylinderMeasureReflectionPositive GaussianField.NuclearTensorProduct.instAddCommGroup GaussianField.Configuration GaussianField.NuclearTensorProduct.instContinuousSMulReal GaussianField.SmoothMap_Circle GaussianField.instMeasurableSpaceConfiguration Pphi2.CylinderMeasureSequenceEventuallyReflectionPositive
def	Pphi2.embeddedTwoPoint	Pphi2.GaussianContinuumLimit.EmbeddedCovariance	Pphi2.EuclideanPlaneBackground.SpaceTime Pphi2.gaussianContinuumMeasure Pphi2.planeBackground Pphi2.EuclideanPlaneBackground.dim GaussianField.Configuration GaussianField.instMeasurableSpaceConfiguration Pphi2.ContinuumTestFunction
thm	Common.QFT.Euclidean.DistributionalSchwingerModel.schwingerContinuous	Common.QFT.Euclidean.Formulations	Common.QFT.Euclidean.SchwingerFormulation.instAddCommGroupNPointTestFunction Common.QFT.Euclidean.DistributionalSchwingerModel Common.QFT.Euclidean.SchwingerFormulation.NPointTestFunction Common.QFT.Euclidean.SchwingerFormulation.instTopologicalSpaceNPointTestFunction Common.QFT.Euclidean.DistributionalSchwingerModel.schwinger Common.QFT.Euclidean.SchwingerFormulation.instModuleNPointTestFunction Common.QFT.Euclidean.SchwingerFormulation
thm	Pphi2.gaussian_hypercontractivity_continuum	Pphi2.ContinuumLimit.Hypercontractivity	Pphi2.EuclideanPlaneBackground.SpaceTime GaussianField.finLatticeField_dyninMityaginSpace GaussianField.measure GaussianField.ell2_separableSpace Pphi2.latticeTestField Pphi2.planeBackground GaussianField.FinLatticeSites Pphi2.latticeEmbedLift_measurable GaussianField.latticeCovarianceGJ Pphi2.EuclideanPlaneBackground.dim Pphi2.latticeEmbedLift_eval_eq GaussianField.latticeGaussianMeasure GaussianField.configuration_eval_measurable GaussianField.Configuration GaussianField.gaussian_hypercontractive GaussianField.instMeasurableSpaceConfiguration Pphi2.latticeEmbedLift Pphi2.ContinuumTestFunction GaussianField.ell2' GaussianField.FinLatticeField
def	Pphi2.degreePiecewiseTail	Pphi2.NelsonEstimate.PolynomialChaosBridge	Pphi2.degreeCutoffTail
thm	GaussianField.lattice_green_tendsto_continuum	Lattice.Convergence	GaussianField.NuclearTensorProduct.instModuleReal GaussianField.NuclearTensorProduct.instTopologicalSpace GaussianField.DyninMityaginSpace.coeff GaussianField.DyninMityaginSpace.coeff_decay GaussianField.covariance GaussianField.latticeCovariance GaussianField.circleHasLaplacianEigenvalues GaussianField.NuclearTensorProduct.dyninMityaginSpace GaussianField.SmoothMap_Circle.instAddCommGroup GaussianField.FinLatticeSites GaussianField.NuclearTensorProduct.instIsTopologicalAddGroup GaussianField.tensorProductHasLaplacianEigenvalues GaussianField.DyninMityaginSpace.expansion GaussianField.DyninMityaginSpace.ι GaussianField.NuclearTensorProduct GaussianField.NuclearTensorProduct.instAddCommGroup GaussianField.evalTorusAtSite GaussianField.SmoothMap_Circle.instModule GaussianField.SmoothMap_Circle.instContinuousSMul GaussianField.smoothCircle_dyninMityaginSpace GaussianField.SmoothMap_Circle.instIsTopologicalAddGroup GaussianField.DyninMityaginSpace.basis GaussianField.NuclearTensorProduct.instContinuousSMulReal GaussianField.NuclearTensorProduct.pure GaussianField.SmoothMap_Circle GaussianField.circleSpacing GaussianField.latticeCovariance.congr_simp GaussianField.DyninMityaginSpace.p GaussianField.ell2' GaussianField.FinLatticeField GaussianField.TorusTestFunction GaussianField.SmoothMap_Circle.instTopologicalSpace GaussianField.greenFunctionBilinear Lattice.toSemilatticeInf GaussianField.circleSpacing_pos GaussianField.greenFunctionBilinear_symm
def	Pphi2.latticeGreenBilinear	Pphi2.GaussianContinuumLimit.EmbeddedCovariance	Pphi2.latticeTestField GaussianField.FinLatticeSites GaussianField.massEigenvalues GaussianField.massEigenvectorBasis Pphi2.ContinuumTestFunction
thm	Pphi2.spectralCovAsym_massOperator_eq	Pphi2.AsymTorus.AsymWickVariance	GaussianField.spectralLatticeCovarianceAsym GaussianField.AsymLatticeSites GaussianField.covariance GaussianField.massEigenvectorBasisAsym GaussianField.massOperatorAsym_eigenCoeff_eq_eigenvalues_mul_eigenCoeff GaussianField.massEigenbasisAsym_sum_mul_sum_eq_site_inner GaussianField.massEigenvaluesAsym GaussianField.covariance_spectralLatticeCovarianceAsym_eq GaussianField.massOperatorMatrixAsym_eigenvalues_pos GaussianField.AsymLatticeField GaussianField.instFintypeAsymLatticeSitesOfNeZeroNat GaussianField.massOperatorAsym GaussianField.ell2'
thm	Pphi2.partitionFunction_pos	Pphi2.InteractingMeasure.LatticeMeasure	GaussianField.FinLatticeSites Pphi2.partitionFunction Pphi2.boltzmannWeight_integrable GaussianField.latticeGaussianMeasure_isProbability GaussianField.latticeGaussianMeasure GaussianField.Configuration GaussianField.instMeasurableSpaceConfiguration Pphi2.boltzmannWeight GaussianField.FinLatticeField Pphi2.boltzmannWeight_pos
thm	GaussianField.massEigenbasisAsym_coeff_reprSymm_ofLp	GaussianField.DensityAsym	GaussianField.massEigenbasisAsym_coeff_reprSymm GaussianField.AsymLatticeSites GaussianField.massEigenvectorBasisAsym GaussianField.instFintypeAsymLatticeSitesOfNeZeroNat
def	Pphi2.AsymTorusOS2_TranslationInvariance	Pphi2.AsymTorus.AsymTorusOS	GaussianField.NuclearTensorProduct.instModuleReal GaussianField.NuclearTensorProduct.instTopologicalSpace GaussianField.NuclearTensorProduct.instIsTopologicalAddGroup GaussianField.asymTorusTranslation GaussianField.NuclearTensorProduct.instAddCommGroup Pphi2.asymTorusGeneratingFunctional GaussianField.Configuration GaussianField.NuclearTensorProduct.instContinuousSMulReal GaussianField.SmoothMap_Circle GaussianField.instMeasurableSpaceConfiguration GaussianField.AsymTorusTestFunction
def	GaussianField.tensorProductHasLaplacianEigenvalues	HeatKernel.Bilinear	GaussianField.DyninMityaginSpace GaussianField.NuclearTensorProduct.instModuleReal GaussianField.HasLaplacianEigenvalues GaussianField.NuclearTensorProduct.instTopologicalSpace GaussianField.NuclearTensorProduct.dyninMityaginSpace GaussianField.NuclearTensorProduct.instIsTopologicalAddGroup GaussianField.NuclearTensorProduct GaussianField.NuclearTensorProduct.instAddCommGroup GaussianField.HasLaplacianEigenvalues.eigenvalue GaussianField.NuclearTensorProduct.instContinuousSMulReal
thm	GaussianField.evalTorusAtSiteGJ.congr_simp	Torus.Evaluation	GaussianField.NuclearTensorProduct.instModuleReal GaussianField.NuclearTensorProduct.instTopologicalSpace GaussianField.FinLatticeSites GaussianField.NuclearTensorProduct.instAddCommGroup GaussianField.SmoothMap_Circle GaussianField.evalTorusAtSiteGJ GaussianField.TorusTestFunction
thm	Pphi2.asym_sbp_direction	Pphi2.AsymTorus.AsymEnergyFactorization	GaussianField.AsymLatticeSites GaussianField.AsymLatticeField GaussianField.instFintypeAsymLatticeSitesOfNeZeroNat
thm	GaussianField.latticeNorm_zero	Lattice.Sites	GaussianField.latticeNorm
thm	Pphi2.asymGappedTransfer.congr_simp	Pphi2.AsymTorus.AsymBridgeInstance	Pphi2.asymTransferNormalized Pphi2.L2SpatialField Pphi2.SpatialField Pphi2.asymGroundVector Pphi2.asymGappedTransfer
thm	GaussianField.finLatticeCoeffCLM.congr_simp	Lattice.FiniteField	GaussianField.FinLatticeSites GaussianField.finLatticeCoeffCLM GaussianField.FinLatticeField
thm	GaussianField.latticeGaussianFieldLaw_fourier	GaussianField.Density	GaussianField.measurable_evalMap GaussianField.charFun GaussianField.finLatticeField_dyninMityaginSpace GaussianField.measure GaussianField.ell2_separableSpace GaussianField.config_apply_eq_sum_evalMap GaussianField.evalMap GaussianField.FinLatticeSites GaussianField.latticeCovarianceGJ GaussianField.latticeGaussianFieldLaw GaussianField.latticeGaussianMeasure GaussianField.Configuration GaussianField.instMeasurableSpaceConfiguration GaussianField.ell2' GaussianField.FinLatticeField
thm	Pphi2.interactionFunctional_single_site	Pphi2.InteractingMeasure.LatticeMeasure	GaussianField.finLatticeDelta GaussianField.FinLatticeSites GaussianField.Configuration Pphi2.wickConstant GaussianField.FinLatticeField Pphi2.interactionFunctional Pphi2.wickPolynomial
thm	Pphi2.canonicalSmoothFieldFunction_memLp_two	Pphi2.NelsonEstimate.FieldDecomposition	Pphi2.canonicalJointMeasure GaussianField.FinLatticeSites Pphi2.canonicalSmoothFieldFunction Pphi2.CanonicalJoint
thm	GaussianField.RapidDecayLattice.instContinuousSMul	Lattice.RapidDecayLattice	GaussianField.RapidDecayLattice.latticeRapidDecaySeminorm GaussianField.RapidDecayLattice.instAddCommGroup GaussianField.RapidDecayLattice GaussianField.RapidDecayLattice.lattice_withSeminorms GaussianField.RapidDecayLattice.instTopologicalSpace GaussianField.RapidDecayLattice.instSMul GaussianField.RapidDecayLattice.instModule
thm	Pphi2.pairing_reflection_reindex	Pphi2.OSProofs.OS3_RP_Lattice	Pphi2.fieldReflection2D Pphi2.pairing2D Pphi2.timeReflection2D_involution Pphi2.timeReflection2D
thm	Pphi2.partitionFn_hasDerivAt	Pphi2.InteractingMeasure.U4DerivativeInterior	GaussianField.FinLatticeSites Pphi2.moment_hasDerivAt GaussianField.latticeGaussianMeasure GaussianField.Configuration GaussianField.instMeasurableSpaceConfiguration GaussianField.FinLatticeField Pphi2.interactionFunctional
axiom	Pphi2.continuumLimit_nonGaussian	Pphi2.ContinuumLimit.Convergence	Pphi2.EuclideanPlaneBackground.SpaceTime Pphi2.planeBackground Pphi2.EuclideanPlaneBackground.dim GaussianField.Configuration GaussianField.instMeasurableSpaceConfiguration Pphi2.ContinuumTestFunction
thm	GaussianField.evalTorusAtSite_timeReflection	Torus.Evaluation	GaussianField.NuclearTensorProduct.instModuleReal GaussianField.NuclearTensorProduct.instTopologicalSpace GaussianField.SmoothMap_Circle.instFunLike GaussianField.nuclearTensorProduct_mapCLM GaussianField.SmoothMap_Circle.instAddCommGroup GaussianField.FinLatticeSites GaussianField.circleRestriction GaussianField.NuclearTensorProduct GaussianField.smoothCircle_coeff_basis GaussianField.NuclearTensorProduct.instAddCommGroup GaussianField.circleReflection GaussianField.evalTorusAtSite GaussianField.SmoothMap_Circle.instModule GaussianField.SmoothMap_Circle.instContinuousSMul GaussianField.smoothCircle_dyninMityaginSpace GaussianField.SmoothMap_Circle.instIsTopologicalAddGroup GaussianField.SmoothMap_Circle GaussianField.circleSpacing GaussianField.TorusTestFunction GaussianField.NuclearTensorProduct.evalCLM GaussianField.SmoothMap_Circle.instTopologicalSpace GaussianField.circlePoint GaussianField.timeReflectSites GaussianField.evalCLM_comp_mapCLM
thm	Pphi2.fieldRescaleEquiv_apply	Pphi2.InteractingMeasure.FieldRedefinition	Pphi2.fieldRescaleEquiv GaussianField.Configuration GaussianField.instMeasurableSpaceConfiguration
thm	GaussianField.derivSC_apply	SmoothCircle.Laplacian	GaussianField.SmoothMap_Circle.instFunLike GaussianField.derivSC GaussianField.SmoothMap_Circle
thm	GaussianField.latticeLaplacianEigenvalue_nonneg	Lattice.Laplacian	GaussianField.FinLatticeSites GaussianField.latticeLaplacianEigenvalue Lattice.toSemilatticeInf
thm	Pphi2.canonicalCrossTerm_l2_sq_eq_covSum	Pphi2.NelsonEstimate.RoughErrorBound	Pphi2.smoothWickConstant Pphi2.canonicalJointMeasure Pphi2.canonicalRoughFieldFunctionOfSnd Pphi2.canonicalRoughCovariance Pphi2.canonicalRoughWickPower_two_site_marginal_integrable Pphi2.canonicalSmoothCovariance GaussianField.FinLatticeSites Pphi2.wickMonomial Pphi2.canonicalSmoothFieldFunctionOfFst Pphi2.canonicalSmoothWickPower_two_site_marginal_integrable Pphi2.canonicalRoughFieldFunction Pphi2.canonicalRoughWickPower_two_site_marginal_eq_diag Pphi2.canonicalSmoothFieldFunction Pphi2.roughWickConstant Pphi2.canonicalCrossTerm Pphi2.canonicalSmoothWickPower_two_site_marginal_eq_diag Pphi2.CanonicalJoint
thm	GaussianField.SmoothMap_Circle.instContinuousSMul	SmoothCircle.Basic	GaussianField.SmoothMap_Circle.smoothCircle_withSeminorms GaussianField.SmoothMap_Circle.instAddCommGroup GaussianField.SmoothMap_Circle.instSMul GaussianField.SmoothMap_Circle.instModule GaussianField.SmoothMap_Circle GaussianField.SmoothMap_Circle.sobolevSeminorm GaussianField.SmoothMap_Circle.instTopologicalSpace
thm	Pphi2.u4_differentiableAt	Pphi2.InteractingMeasure.U4DerivativeInterior	Pphi2.partitionFn_ge_one Pphi2.partitionFn_hasDerivAt GaussianField.FinLatticeSites Pphi2.moment_hasDerivAt GaussianField.latticeGaussianMeasure GaussianField.Configuration GaussianField.instMeasurableSpaceConfiguration GaussianField.FinLatticeField Pphi2.interactionFunctional
thm	Pphi2.canonicalSmoothFieldFunction_covariance_eq	Pphi2.NelsonEstimate.FieldDecomposition	Pphi2.canonicalJointMeasure Pphi2.canonicalSmoothCovariance GaussianField.FinLatticeSites Pphi2.canonicalSmoothFieldFunction Pphi2.CanonicalJoint
thm	GaussianField.massOperatorMatrixAsym.congr_simp	Lattice.AsymCovariance	GaussianField.AsymLatticeSites GaussianField.massOperatorMatrixAsym
thm	Pphi2.cylinderPullback_second_moment_density_transfer_cutoff	Pphi2.IRLimit.GreenFunctionComparison	Pphi2.asymTorusInteractingMeasure GaussianField.NuclearTensorProduct.instModuleReal GaussianField.NuclearTensorProduct.instTopologicalSpace GaussianField.FinLatticeSites GaussianField.CylinderTestFunction GaussianField.NuclearTensorProduct.instIsTopologicalAddGroup Pphi2.cylinderToTorusEmbed Pphi2.asymGeomSpacing_pos GaussianField.NuclearTensorProduct.instAddCommGroup Pphi2.cylinderPullback_second_moment_eq Pphi2.cylinderPullbackMeasure GaussianField.latticeGaussianMeasure GaussianField.Configuration Pphi2.asymTorusInteractingMeasure_isProbability GaussianField.NuclearTensorProduct.instContinuousSMulReal GaussianField.SmoothMap_Circle Pphi2.asymLatticeTestFn GaussianField.instMeasurableSpaceConfiguration GaussianField.AsymTorusTestFunction Pphi2.asymTorus_interacting_second_moment_density_transfer GaussianField.FinLatticeField Pphi2.asymGeomSpacing
def	Common.QFT.Euclidean.SchwingerFormulation.instTopologicalSpaceTestFunction	Common.QFT.Euclidean.Formulations	Common.QFT.Euclidean.Formulation.TestFunction Common.QFT.Euclidean.SchwingerFormulation.toFormulation Common.QFT.Euclidean.SchwingerFormulation
thm	Pphi2.integrable_powMul_wickPolynomial_sq	Pphi2.InteractingMeasure.MomentIntegrability	GaussianField.FinLatticeSites GaussianField.latticeGaussianMeasure GaussianField.Configuration GaussianField.instMeasurableSpaceConfiguration Pphi2.integrable_powMul_wickPolynomial_mul_self GaussianField.FinLatticeField Pphi2.wickPolynomial
def	GaussianHilbert.chaosCoordEquiv	GaussianHilbert.OUEigenfunctions	GaussianHilbert.wienerChaos_isHilbertSum GaussianHilbert.stdGaussianFin GaussianHilbert.wienerChaos
thm	Pphi2.translate_timeTranslationVector2_eq_timeTranslationSchwartz_neg	Pphi2.Backgrounds.EuclideanPlane2D	Pphi2.EuclideanPlaneBackground.SpaceTime Pphi2.planeBackground Pphi2.SchwartzMap.translate Pphi2.sub_timeTranslationVector2_eq_timeShift_neg Pphi2.timeTranslationVector2 Pphi2.EuclideanPlaneBackground.dim Pphi2.SpaceTime2 Pphi2.SchwartzMap.translate_apply Pphi2.TestFunction2
def	Pphi2.SpatialField	Pphi2.TransferMatrix.TransferMatrix
struct	Pphi2.LatticeBridge.LatticeRoughErrorSetup	Pphi2.NelsonEstimate.LatticeBridge
thm	Pphi2.gaussian_hermite_zero_mean	Pphi2.GeneralResults.GaussianHermiteMean	Pphi2.wickMonomial
thm	GaussianField.gaussianDensity_eq_exp_massEigenbasis	GaussianField.Density	GaussianField.gaussianDensity_eq_exp_spectral GaussianField.FinLatticeSites GaussianField.massEigenvalues GaussianField.massEigenvectorBasis GaussianField.gaussianDensity GaussianField.FinLatticeField
def	Pphi2.asymFirstExcitedEnergyLevel	Pphi2.AsymTorus.AsymPositivity	Pphi2.asymTransferFirstExcitedEigenvalue
thm	GaussianField.resolventSymbol_antitone	SchwartzFourier.ResolventUniformBound	GaussianField.resolventSymbol Lattice.toSemilatticeInf
thm	GaussianField.latticeGaussianMeasure_isProbability	Lattice.Covariance	GaussianField.finLatticeField_dyninMityaginSpace GaussianField.ell2_separableSpace GaussianField.FinLatticeSites GaussianField.latticeCovarianceGJ GaussianField.latticeGaussianMeasure GaussianField.Configuration GaussianField.instMeasurableSpaceConfiguration GaussianField.ell2' GaussianField.FinLatticeField GaussianField.measure_isProbability
def	GaussianField.CylinderSpacetimeSymmetry.inverse	Cylinder.GreenFunction	GaussianField.NuclearTensorProduct.instModuleReal GaussianField.NuclearTensorProduct.instTopologicalSpace GaussianField.CylinderSpacetimeSymmetry GaussianField.CylinderTestFunction GaussianField.NuclearTensorProduct.instAddCommGroup GaussianField.SmoothMap_Circle
thm	Pphi2.EuclideanTimeStructure.timeTranslateOnComplexTestFunctions_apply	Pphi2.Backgrounds.EuclideanTime	Pphi2.EuclideanPlaneBackground.SpaceTime Pphi2.EuclideanTimeStructure.timeTranslateOnComplexTestFunctions Pphi2.EuclideanTimeStructure.timeTranslation Pphi2.EuclideanTimeStructure.timeShift Pphi2.EuclideanPlaneBackground.translateComplex Pphi2.EuclideanPlaneBackground.dim Pphi2.EuclideanPlaneBackground.translateComplex_apply Pphi2.EuclideanPlaneBackground Pphi2.EuclideanTimeStructure Pphi2.EuclideanPlaneBackground.ComplexTestFunction
def	Pphi2.asymTransferNormalized	Pphi2.AsymTorus.AsymGappedTransfer	Pphi2.L2SpatialField Pphi2.SpatialField Pphi2.asymTransferGroundEigenvalue Pphi2.asymTransferOperatorCLM
thm	GaussianField.integrable_gaussianDensity	GaussianField.Density	GaussianField.measurable_evalMap GaussianField.evalMap GaussianField.FinLatticeSites GaussianField.gaussianDensityMeasure GaussianField.gaussianDensityNormConst GaussianField.latticeGaussianFieldLaw GaussianField.latticeGaussianMeasure_isProbability GaussianField.latticeGaussianFieldLaw_eq_normalizedGaussianDensityMeasure GaussianField.latticeGaussianMeasure GaussianField.gaussianDensityNormConst_ne_zero GaussianField.gaussianDensityWeight_measurable GaussianField.Configuration GaussianField.gaussianDensityWeight GaussianField.gaussianDensityWeight_toReal GaussianField.gaussianDensityNormConst_ne_top GaussianField.instMeasurableSpaceConfiguration GaussianField.normalizedGaussianDensityMeasure GaussianField.gaussianDensity GaussianField.FinLatticeField
def	Pphi2.torusTwoPoint	Pphi2.TorusContinuumLimit.TorusNontriviality	GaussianField.NuclearTensorProduct.instModuleReal GaussianField.NuclearTensorProduct.instTopologicalSpace GaussianField.NuclearTensorProduct.instIsTopologicalAddGroup GaussianField.NuclearTensorProduct.instAddCommGroup GaussianField.Configuration GaussianField.NuclearTensorProduct.instContinuousSMulReal GaussianField.SmoothMap_Circle GaussianField.instMeasurableSpaceConfiguration GaussianField.TorusTestFunction
struct	Pphi2.TransferGroundExcitedData	Pphi2.TransferMatrix.Positivity
thm	GaussianField.spectralLatticeCovariance_inner	Lattice.SpectralCovariance	GaussianField.FinLatticeSites GaussianField.massEigenvalues GaussianField.spectralLatticeCovariance GaussianField.massEigenvectorBasis GaussianField.massOperatorMatrix_eigenvalues_pos GaussianField.ell2' GaussianField.FinLatticeField Lattice.toSemilatticeInf
thm	Pphi2.schwartzRe_actionComplex	Pphi2.EuclideanComplex	Pphi2.EuclideanPlaneBackground.SpaceTime Pphi2.EuclideanPlaneBackground.action Pphi2.EuclideanPlaneBackground.RealTestFunction Pphi2.EuclideanPlaneBackground.dim Pphi2.EuclideanOS.schwartzRe Pphi2.EuclideanPlaneBackground.Motion Pphi2.EuclideanPlaneBackground Pphi2.EuclideanPlaneBackground.actionComplex Pphi2.EuclideanPlaneBackground.ComplexTestFunction
thm	GaussianField.schwartzEvalCLM_apply	Cylinder.Symmetry	GaussianField.schwartzEvalCLM
thm	GaussianField.integral_cexp_neg_half_sum_mul_sq_add_linear	GaussianField.Density
thm	Pphi2.canonicalRoughFieldFunction_measurable	Pphi2.NelsonEstimate.FieldDecomposition	GaussianField.FinLatticeSites Pphi2.canonicalRoughFieldFunction_pointwise_measurable Pphi2.canonicalRoughFieldFunction Pphi2.CanonicalJoint
def	GaussianField.RapidDecaySeq.val	Nuclear.NuclearTensorProduct	GaussianField.RapidDecaySeq
def	GaussianField.heatSingularValue	HeatKernel.Axioms	GaussianField.qftEigenvalue
def	GaussianField.SmoothMap_Circle.instAdd	SmoothCircle.Basic	GaussianField.SmoothMap_Circle.instFunLike GaussianField.SmoothMap_Circle
thm	GaussianField.SmoothMap_Circle.fourierCoeff_rapid_decay	SmoothCircle.Nuclear	GaussianField.SmoothMap_Circle.fourierCoeffReal_decay GaussianField.SmoothMap_Circle.instAddCommGroup GaussianField.SmoothMap_Circle.fourierCoeffReal GaussianField.SmoothMap_Circle.instSMul GaussianField.SmoothMap_Circle.instModule GaussianField.SmoothMap_Circle GaussianField.SmoothMap_Circle.sobolevSeminorm Lattice.toSemilatticeInf
thm	Pphi2.schwartz_decompose_actionComplex	Pphi2.EuclideanComplex	Pphi2.EuclideanPlaneBackground.SpaceTime Pphi2.EuclideanPlaneBackground.action Pphi2.EuclideanPlaneBackground.RealTestFunction Pphi2.schwartzOfReal Pphi2.EuclideanPlaneBackground.dim Pphi2.EuclideanOS.schwartzIm Pphi2.schwartz_decompose Pphi2.EuclideanOS.schwartzRe Pphi2.EuclideanPlaneBackground.Motion Pphi2.EuclideanPlaneBackground Pphi2.schwartzRe_actionComplex Pphi2.EuclideanPlaneBackground.actionComplex Pphi2.schwartzIm_actionComplex Pphi2.EuclideanPlaneBackground.ComplexTestFunction
thm	GaussianField.latticeFourierNormSq_ge_one	Lattice.CirculantDFT	GaussianField.latticeFourierNormSq_zero GaussianField.latticeFourierNormSq GaussianField.latticeFourierNormSq_eq_one GaussianField.SmoothMap_Circle.fourierFreq
def	GaussianField.resolventMultiplierCLM	Cylinder.FourierMultiplier	GaussianField.resolventSymbol_hasTemperateGrowth GaussianField.realFourierMultiplierCLM GaussianField.resolventSymbol
def	Pphi2.partitionFnDeriv2	Pphi2.InteractingMeasure.U4DerivativeClosedForm	GaussianField.FinLatticeSites GaussianField.latticeGaussianMeasure GaussianField.Configuration GaussianField.instMeasurableSpaceConfiguration GaussianField.FinLatticeField Pphi2.interactionFunctional
def	GaussianField.strongDualToFieldAsym	GaussianField.DensityAsym	GaussianField.AsymLatticeSites GaussianField.AsymLatticeField GaussianField.asymLatticeDelta
thm	GaussianField.exists_CLF_le_seminorm	Nuclear.NuclearSpace	Lattice.toSemilatticeSup Lattice.toSemilatticeInf
thm	Pphi2.cylinderToTorusEmbed_pure	Pphi2.IRLimit.CylinderEmbedding	GaussianField.NuclearTensorProduct.instModuleReal GaussianField.NuclearTensorProduct.instTopologicalSpace GaussianField.nuclearTensorProduct_mapCLM_general_pure GaussianField.schwartz_dyninMityaginSpace_1D GaussianField.nuclearTensorProduct_mapCLM_general GaussianField.SmoothMap_Circle.instAddCommGroup GaussianField.CylinderTestFunction GaussianField.nuclearTensorProduct_swapCLM GaussianField.NuclearTensorProduct Pphi2.cylinderToTorusEmbed GaussianField.nuclearTensorProduct_swapCLM_pure GaussianField.NuclearTensorProduct.instAddCommGroup GaussianField.periodizeCLM GaussianField.SmoothMap_Circle.instModule GaussianField.SmoothMap_Circle.instContinuousSMul GaussianField.smoothCircle_dyninMityaginSpace GaussianField.SmoothMap_Circle.instIsTopologicalAddGroup GaussianField.NuclearTensorProduct.pure GaussianField.SmoothMap_Circle GaussianField.AsymTorusTestFunction GaussianField.SmoothMap_Circle.instTopologicalSpace
def	GaussianField.circleSpacing	SmoothCircle.Restriction
thm	GaussianField.resolventSymbol_uniform_deriv_bound	SchwartzFourier.ResolventUniformBound	GaussianField.resolventSymbol_hasTemperateGrowth GaussianField.resolventSymbol Lattice.toSemilatticeInf
def	Pphi2.asymGroundStateRep	Pphi2.AsymTorus.AsymBridgeInstance	Pphi2.SpatialField Pphi2.asymGroundVector
thm	GaussianField.nuclear_clm_representation	GaussianField.NuclearFactorization	GaussianField.DyninMityaginSpace GaussianField.DyninMityaginSpace.expansion_H GaussianField.DyninMityaginSpace.coeff GaussianField.DyninMityaginSpace.coeff_decay GaussianField.DyninMityaginSpace.ι GaussianField.summable_one_add_rpow_neg_two GaussianField.DyninMityaginSpace.basis GaussianField.DyninMityaginSpace.p GaussianField.clm_image_growth
thm	GaussianField.realFourierMultiplierCLM_apply_eq	Cylinder.FourierMultiplier	GaussianField.realFourierMultiplierCLM
thm	GaussianHilbert.exists_polynomial_near_continuous_on_isCompact	GaussianHilbert.PolynomialDensity
thm	Pphi2.GeneralResults.integral_operator_l2_kernel_compact	Pphi2.GeneralResults.HilbertSchmidt
def	GaussianField.perModeL2SqNorm	Cylinder.MassOperatorEquivariance	GaussianField.NuclearTensorProduct.instModuleReal GaussianField.NuclearTensorProduct.instTopologicalSpace GaussianField.CylinderTestFunction GaussianField.NuclearTensorProduct.instAddCommGroup GaussianField.resolventFreq_pos GaussianField.resolventFreq GaussianField.SmoothMap_Circle GaussianField.ntpSliceSchwartz GaussianField.resolventMultiplierCLM
thm	GaussianField.asymLatticeSeminorm.congr_simp	Lattice.AsymFiniteField	GaussianField.AsymLatticeSites GaussianField.AsymLatticeField GaussianField.asymLatticeSeminorm
def	GaussianField.freeHeatSemigroup	Cylinder.FourierMultiplier	GaussianField.heatMultiplierCLM
thm	GaussianHilbert.mehlerOp.congr_simp	GaussianHilbert.OUEigenfunctions	GaussianHilbert.stdGaussianFin GaussianHilbert.mehlerOp
def	Pphi2.asymCanonicalRoughErrorStd	Pphi2.NelsonEstimate.AsymRoughErrorChaosStd	Pphi2.AsymCanonicalJointSumIndex Pphi2.asymCanonicalCrossTermStd Pphi2.AsymCanonicalMode
thm	GaussianField.latticeEigenvalue1d_tendsto_continuum	Lattice.HeatKernelConvergence1d	GaussianField.latticeEigenvalue1d GaussianField.circleHasLaplacianEigenvalues GaussianField.SmoothMap_Circle.instAddCommGroup GaussianField.latticeEigenvalue1d_tendsto GaussianField.HasLaplacianEigenvalues.eigenvalue GaussianField.SmoothMap_Circle.instModule GaussianField.SmoothMap_Circle.instContinuousSMul GaussianField.smoothCircle_dyninMityaginSpace GaussianField.SmoothMap_Circle.instIsTopologicalAddGroup GaussianField.SmoothMap_Circle GaussianField.circleSpacing GaussianField.SmoothMap_Circle.instTopologicalSpace GaussianField.SmoothMap_Circle.fourierFreq
thm	Pphi2.torusGaussianLimit_os2_translation	Pphi2.TorusContinuumLimit.TorusOSAxioms	Pphi2.torusContinuumGreen Pphi2.IsTorusGaussianContinuumLimit GaussianField.NuclearTensorProduct.instModuleReal GaussianField.NuclearTensorProduct.instTopologicalSpace Pphi2.torusContinuumGreen_translation_invariant GaussianField.NuclearTensorProduct.instIsTopologicalAddGroup Pphi2.torusGaussianLimit_characteristic_functional Pphi2.torusGeneratingFunctional GaussianField.NuclearTensorProduct.instAddCommGroup GaussianField.torusTranslation GaussianField.Configuration GaussianField.NuclearTensorProduct.instContinuousSMulReal GaussianField.SmoothMap_Circle GaussianField.instMeasurableSpaceConfiguration GaussianField.TorusTestFunction Pphi2.TorusOS2_TranslationInvariance
thm	Pphi2.asymCanonicalRoughErrorStd.congr_simp	Pphi2.NelsonEstimate.AsymRoughErrorChaosStd	Pphi2.asymCanonicalRoughErrorStd Pphi2.AsymCanonicalJointSumIndex Pphi2.AsymCanonicalMode
axiom	Pphi2.rotation_cf_defect_polylog_bound	Pphi2.OSProofs.OS2_WardIdentity	Pphi2.rotationCFDefect Pphi2.TestFunction2 Pphi2.O2
thm	GaussianField.latticeCovarianceGJ_eigenvector_inner_off	GaussianField.StandardGaussianBridge	GaussianField.covariance GaussianField.FinLatticeSites GaussianField.latticeCovarianceGJ GaussianField.lattice_covariance_GJ_eq_spectral GaussianField.massEigenvalues GaussianField.massEigenvectorBasis GaussianField.ell2' GaussianField.FinLatticeField
thm	GaussianField.circleRestriction_sq_sum	SmoothCircle.Restriction	GaussianField.SmoothMap_Circle.instFunLike GaussianField.SmoothMap_Circle.instAddCommGroup GaussianField.circleRestriction GaussianField.SmoothMap_Circle.instModule GaussianField.SmoothMap_Circle GaussianField.SmoothMap_Circle.instTopologicalSpace GaussianField.circlePoint
thm	Pphi2.asymSpectral_gap_pos	Pphi2.AsymTorus.AsymPositivity	Pphi2.asymMassGap_pos Pphi2.asymMassGap
def	Pphi2.asymSitePairingCLM	Pphi2.NelsonEstimate.AsymFieldDecomposition	GaussianField.AsymLatticeSites GaussianField.AsymLatticeField GaussianField.instFintypeAsymLatticeSitesOfNeZeroNat
thm	Pphi2.DynamicalCutoff.degreeCutoffPower_pos	Pphi2.NelsonEstimate.DynamicalCutoff	Pphi2.DynamicalCutoff.degreeCutoffPower
thm	GaussianField.DyninMityaginSpace.toNuclearSpace	Nuclear.NuclearSpace	GaussianField.DyninMityaginSpace GaussianField.DyninMityaginSpace.coeff GaussianField.DyninMityaginSpace.coeff_decay GaussianField.DyninMityaginSpace.ι GaussianField.seminorm_le_nuclear_expansion GaussianField.NuclearSpace GaussianField.finset_sup_poly_bound GaussianField.DyninMityaginSpace.h_with GaussianField.DyninMityaginSpace.basis GaussianField.DyninMityaginSpace.basis_growth GaussianField.DyninMityaginSpace.p
thm	GaussianField.latticeEigenvalue_pos	Lattice.Laplacian	GaussianField.latticeEigenvalue_eq GaussianField.latticeLaplacianEigenvalue GaussianField.latticeLaplacianEigenvalue_nonneg GaussianField.latticeEigenvalue
thm	Pphi2.asymInteractingLattice_pairing_sq_integrable	Pphi2.AsymTorus.AsymBridgeKLimit	GaussianField.AsymLatticeSites GaussianField.measure GaussianField.ell2_separableSpace Pphi2.partitionFunctionAsym_pos GaussianField.asymLatticeField_dyninMityaginSpace Pphi2.boltzmannWeightAsym GaussianField.pairing_memLp Pphi2.boltzmannWeightAsym_pos Pphi2.interactionFunctionalAsym_bounded_below Pphi2.partitionFunctionAsym GaussianField.configuration_eval_measurable GaussianField.Configuration GaussianField.AsymLatticeField Pphi2.latticeGaussianMeasureAsym Pphi2.interactingLatticeMeasureAsym Pphi2.interactionFunctionalAsym GaussianField.instMeasurableSpaceConfiguration GaussianField.latticeCovarianceAsymGJ GaussianField.ell2' Pphi2.interactionFunctionalAsym_measurable
thm	GaussianField.l2InnerProduct_swap	Cylinder.MethodOfImages	GaussianField.DyninMityaginSpace GaussianField.l2InnerProduct GaussianField.NuclearTensorProduct.instModuleReal GaussianField.NuclearTensorProduct.instTopologicalSpace GaussianField.RapidDecaySeq.val GaussianField.NuclearTensorProduct.dyninMityaginSpace GaussianField.NuclearTensorProduct.instIsTopologicalAddGroup GaussianField.nuclearTensorProduct_swapCLM GaussianField.NuclearTensorProduct GaussianField.NuclearTensorProduct.instAddCommGroup GaussianField.NuclearTensorProduct.instContinuousSMulReal
thm	GaussianField.DyninMityaginSpace.expansion	Nuclear.DyninMityagin	GaussianField.DyninMityaginSpace GaussianField.DyninMityaginSpace.coeff GaussianField.DyninMityaginSpace.basis
thm	GaussianField.RapidDecayLattice.smul_val	Lattice.RapidDecayLattice	GaussianField.RapidDecayLattice GaussianField.RapidDecayLattice.val GaussianField.RapidDecayLattice.instSMul
thm	Pphi2.schwartzRe_complex_smul	Pphi2.EuclideanComplex	Pphi2.EuclideanPlaneBackground.SpaceTime Pphi2.EuclideanPlaneBackground.RealTestFunction Pphi2.EuclideanPlaneBackground.dim Pphi2.EuclideanOS.schwartzIm Pphi2.EuclideanOS.schwartzRe Pphi2.EuclideanPlaneBackground Pphi2.EuclideanPlaneBackground.ComplexTestFunction
thm	Pphi2.asymInteractingVariance_le_freeVariance_torus	Pphi2.AsymTorus.AsymVarianceBound	GaussianField.NuclearTensorProduct.instModuleReal GaussianField.NuclearTensorProduct.instTopologicalSpace GaussianField.AsymLatticeSites GaussianField.NuclearTensorProduct.instIsTopologicalAddGroup Pphi2.asymLatticeTestFnIso GaussianField.NuclearTensorProduct.instAddCommGroup Pphi2.asymTorusInteractingMeasureIso GaussianField.Configuration GaussianField.NuclearTensorProduct.instContinuousSMulReal GaussianField.AsymLatticeField GaussianField.SmoothMap_Circle Pphi2.latticeGaussianMeasureAsym GaussianField.instMeasurableSpaceConfiguration GaussianField.AsymTorusTestFunction Pphi2.asymTorusIso_interacting_second_moment_density_transfer
thm	Pphi2.LatticeSetup.wickMonomial_two_shift	Pphi2.NelsonEstimate.LatticeSetup	Pphi2.wickMonomial_two Pphi2.wickMonomial
thm	Pphi2.heat_kernel_1d_bound_uniform	Pphi2.NelsonEstimate.HeatKernelBound	Lattice.toSemilatticeInf
thm	GaussianField.heatSymbol_even	Cylinder.FourierMultiplier	GaussianField.heatSymbol
thm	GaussianField.fourierCoeffReal_circleTranslation_zero	SmoothCircle.FourierTranslation	GaussianField.circleTranslation GaussianField.SmoothMap_Circle.instFunLike GaussianField.SmoothMap_Circle.continuous GaussianField.SmoothMap_Circle.periodic GaussianField.SmoothMap_Circle.instAddCommGroup GaussianField.SmoothMap_Circle.fourierBasisFun_smooth GaussianField.SmoothMap_Circle.fourierCoeffReal GaussianField.SmoothMap_Circle.fourierBasisFun GaussianField.SmoothMap_Circle.instModule GaussianField.SmoothMap_Circle GaussianField.SmoothMap_Circle.fourierBasisFun_periodic GaussianField.SmoothMap_Circle.instTopologicalSpace
thm	Pphi2.LatticeBridge.bridgeAxiom_of_varying_coupled_setup_real	Pphi2.NelsonEstimate.LatticeBridge	GaussianField.FinLatticeSites Pphi2.interactionFunctional_measurable Pphi2.LayerCake.lintegral_expSq_neg_le_of_tail GaussianField.latticeGaussianMeasure_isProbability GaussianField.latticeGaussianMeasure GaussianField.Configuration GaussianField.instMeasurableSpaceConfiguration GaussianField.FinLatticeField Pphi2.interactionFunctional Lattice.toSemilatticeInf
thm	GaussianField.greenFunctionBilinear_summable	HeatKernel.Bilinear	GaussianField.DyninMityaginSpace GaussianField.HasLaplacianEigenvalues GaussianField.DyninMityaginSpace.coeff GaussianField.HasLaplacianEigenvalues.eigenvalue GaussianField.HasLaplacianEigenvalues.eigenvalue_nonneg GaussianField.l2InnerProduct_summable Lattice.toSemilatticeInf
thm	GaussianField.circleLaplacian_apply	SmoothCircle.Laplacian	GaussianField.SmoothMap_Circle.instFunLike GaussianField.SmoothMap_Circle.instAddCommGroup GaussianField.SmoothMap_Circle.instModule GaussianField.circleLaplacian GaussianField.SmoothMap_Circle GaussianField.SmoothMap_Circle.instTopologicalSpace
def	Pphi2.latticeEmbed	Pphi2.ContinuumLimit.Embedding	Pphi2.EuclideanPlaneBackground.SpaceTime Pphi2.planeBackground Pphi2.latticeEmbedEval Pphi2.EuclideanPlaneBackground.dim GaussianField.Configuration Pphi2.ContinuumTestFunction GaussianField.FinLatticeField
thm	GaussianField.isBoundedSeq_const	HeatKernel.Axioms	GaussianField.IsBoundedSeq
def	GaussianField.heatWeight	SmoothCircle.HeatSemigroup	GaussianField.circleHasLaplacianEigenvalues GaussianField.SmoothMap_Circle.instAddCommGroup GaussianField.HasLaplacianEigenvalues.eigenvalue GaussianField.SmoothMap_Circle.instModule GaussianField.SmoothMap_Circle.instContinuousSMul GaussianField.smoothCircle_dyninMityaginSpace GaussianField.SmoothMap_Circle.instIsTopologicalAddGroup GaussianField.SmoothMap_Circle GaussianField.SmoothMap_Circle.instTopologicalSpace
thm	Pphi2.torusEmbeddedTwoPoint_eq_lattice_second_moment	Pphi2.TorusContinuumLimit.TorusPropagatorConvergence	GaussianField.NuclearTensorProduct.instModuleReal GaussianField.NuclearTensorProduct.instTopologicalSpace Pphi2.torusEmbeddedTwoPoint GaussianField.FinLatticeSites GaussianField.NuclearTensorProduct.instIsTopologicalAddGroup Pphi2.torusEmbedLift Pphi2.torusContinuumMeasure Pphi2.torusEmbedLift_measurable GaussianField.NuclearTensorProduct.instAddCommGroup GaussianField.latticeGaussianMeasure GaussianField.configuration_eval_measurable GaussianField.Configuration GaussianField.NuclearTensorProduct.instContinuousSMulReal GaussianField.SmoothMap_Circle GaussianField.circleSpacing GaussianField.instMeasurableSpaceConfiguration Pphi2.latticeTestFn Pphi2.torusEmbedLift_eval_eq GaussianField.FinLatticeField GaussianField.TorusTestFunction GaussianField.circleSpacing_pos
thm	Pphi2.second_moment_asym_eq_spectral	Pphi2.AsymTorus.AsymTorusEmbeddingIso	GaussianField.spectralLatticeCovarianceAsym GaussianField.NuclearTensorProduct.instModuleReal GaussianField.NuclearTensorProduct.instTopologicalSpace GaussianField.AsymLatticeSites GaussianField.covariance Pphi2.asymLatticeTestFnIso GaussianField.evalAsymTorusAtSite GaussianField.NuclearTensorProduct.instAddCommGroup GaussianField.AsymLatticeField GaussianField.SmoothMap_Circle GaussianField.latticeCovarianceAsymGJ Pphi2.evalAsymTorusAtSiteGJ_apply GaussianField.AsymTorusTestFunction GaussianField.ell2'
thm	GaussianField.cylinderMassOperator_norm_eq_of_temporal_action	Cylinder.MassOperatorEquivariance	GaussianField.NuclearTensorProduct.instModuleReal GaussianField.NuclearTensorProduct.instTopologicalSpace GaussianField.nuclearTensorProduct_mapCLM GaussianField.schwartz_dyninMityaginSpace_1D GaussianField.SmoothMap_Circle.instAddCommGroup GaussianField.CylinderTestFunction GaussianField.NuclearTensorProduct GaussianField.NuclearTensorProduct.instAddCommGroup GaussianField.SmoothMap_Circle.instModule GaussianField.SmoothMap_Circle.instContinuousSMul GaussianField.smoothCircle_dyninMityaginSpace GaussianField.SmoothMap_Circle.instIsTopologicalAddGroup GaussianField.resolventFreq_pos GaussianField.resolventFreq GaussianField.cylinderMassOperator GaussianField.SmoothMap_Circle GaussianField.ntpSliceSchwartz GaussianField.resolventMultiplierCLM GaussianField.ell2' GaussianField.perModeL2SqNorm GaussianField.SmoothMap_Circle.instTopologicalSpace Lattice.toSemilatticeInf GaussianField.cylinderMassOperator_normSq_eq_sum_perMode
thm	Pphi2.transferGaussian_norm_le_one	Pphi2.TransferMatrix.L2Operator	Pphi2.timeCoupling_nonneg Pphi2.SpatialField Pphi2.transferGaussian_pos Pphi2.timeCoupling Pphi2.transferGaussian
thm	Pphi2.boltzmann_cauchySchwarz	Pphi2.InteractingMeasure.UniformBounds	Pphi2.interactionFunctional_bounded_below GaussianField.FinLatticeSites Pphi2.interactionFunctional_measurable GaussianField.latticeGaussianMeasure_isProbability GaussianField.latticeGaussianMeasure GaussianField.Configuration GaussianField.instMeasurableSpaceConfiguration GaussianField.FinLatticeField Pphi2.interactionFunctional Lattice.toSemilatticeInf
def	GaussianField.latticeGaussianMeasure	Lattice.Covariance	GaussianField.finLatticeField_dyninMityaginSpace GaussianField.measure GaussianField.ell2_separableSpace GaussianField.FinLatticeSites GaussianField.latticeCovarianceGJ GaussianField.Configuration GaussianField.instMeasurableSpaceConfiguration GaussianField.ell2' GaussianField.FinLatticeField
def	GaussianField.NuclearTensorProduct.evalCLM	Nuclear.NuclearTensorProduct	GaussianField.DyninMityaginSpace GaussianField.NuclearTensorProduct.instModuleReal GaussianField.NuclearTensorProduct.instTopologicalSpace GaussianField.DyninMityaginSpace.ι GaussianField.NuclearTensorProduct GaussianField.NuclearTensorProduct.instAddCommGroup GaussianField.NuclearTensorProduct.lift GaussianField.DyninMityaginSpace.p
thm	GaussianField.latticeNorm_shift_le	Lattice.Sites	GaussianField.stdBasisInt GaussianField.latticeNorm GaussianField.latticeNorm_stdBasis GaussianField.latticeNorm_triangle
thm	Pphi2.u4Deriv_zero_eq	Pphi2.InteractingMeasure.U4AffineBound	Pphi2.u4_hasDerivWithinAt Pphi2.normalizedMoment_hasDerivWithinAt GaussianField.FinLatticeSites Pphi2.normalizedMoment_zero GaussianField.latticeGaussianMeasure_isProbability GaussianField.gffPositionCovariance GaussianField.latticeGaussianMeasure GaussianField.Configuration Pphi2.normalizedMoment GaussianField.instMeasurableSpaceConfiguration Pphi2.normalizedMomentDeriv Pphi2.u4 GaussianField.FinLatticeField Pphi2.normalizedMomentDeriv_zero Pphi2.interactionFunctional Pphi2.u4Deriv
thm	GaussianHilbert.oneDimGaussianLSI	GaussianHilbert.HypercontractivityFromBE
def	Pphi2.latticeTestField	Pphi2.ContinuumLimit.Embedding	GaussianField.FinLatticeSites Pphi2.evalAtSite Pphi2.ContinuumTestFunction GaussianField.FinLatticeField
thm	GaussianField.NuclearTensorProduct.summable_inv_one_add_sq	Nuclear.NuclearTensorProduct
thm	Pphi2.pphi2_existence	Pphi2.Main	Pphi2.EuclideanPlaneBackground.SpaceTime Pphi2.SatisfiesFullOS Pphi2.planeBackground Pphi2.EuclideanPlaneBackground.dim Pphi2.pphi2_exists GaussianField.Configuration GaussianField.instMeasurableSpaceConfiguration Pphi2.ContinuumTestFunction
thm	GaussianField.realFourierMultiplierCLM_comp	Cylinder.FourierMultiplier	GaussianField.realFourierMultiplierCLM GaussianField.fourierMultiplier_preserves_real GaussianField.schwartzToComplex GaussianField.schwartzToReal
thm	Pphi2.asymCanonicalRoughError_neg_tail_of_stdGaussian_explicit_ae	Pphi2.NelsonEstimate.AsymRoughErrorChaosStd	Pphi2.AsymCanonicalJointSumIndex Pphi2.AsymCanonicalJoint Pphi2.asymCanonicalRoughError GaussianHilbert.stdGaussianFin Pphi2.asymCanonicalJointStdGaussianMeasurableEquiv GaussianHilbert.wienerChaosLE Pphi2.ChaosTailBridge.chaos_neg_tail_bound_explicit Pphi2.asymCanonicalJointMeasure_map_stdGaussian Pphi2.ChaosTailBridge.chaosTailConstant Pphi2.asymCanonicalJointMeasure Pphi2.AsymCanonicalMode
thm	Pphi2.torusGaussianLimit_nontrivial	Pphi2.TorusContinuumLimit.TorusGaussianLimit	Pphi2.torusContinuumGreen GaussianField.NuclearTensorProduct.instModuleReal GaussianField.NuclearTensorProduct.instTopologicalSpace GaussianField.NuclearTensorProduct.instIsTopologicalAddGroup GaussianField.NuclearTensorProduct.instAddCommGroup Pphi2.torusContinuumGreen_pos GaussianField.Configuration GaussianField.NuclearTensorProduct.instContinuousSMulReal GaussianField.SmoothMap_Circle GaussianField.instMeasurableSpaceConfiguration GaussianField.TorusTestFunction
thm	Pphi2.connectedTwoPoint_nonneg_delta	Pphi2.OSProofs.OS4_MassGap	GaussianField.finLatticeDelta GaussianField.FinLatticeSites Pphi2.interactingLatticeMeasure_isProbability Pphi2.interactingLatticeMeasure Pphi2.field_second_moment_finite Pphi2.field_all_moments_finite GaussianField.Configuration GaussianField.instMeasurableSpaceConfiguration GaussianField.FinLatticeField Lattice.toSemilatticeInf Pphi2.connectedTwoPoint
thm	GaussianField.latticeFourierProductCoeff.congr_simp	Lattice.LatticeFourierProduct	GaussianField.FinLatticeSites GaussianField.latticeFourierProductCoeff
def	GaussianField.DyninMityaginSpace.p	Nuclear.DyninMityagin	GaussianField.DyninMityaginSpace GaussianField.DyninMityaginSpace.ι
thm	GaussianField.negLaplacian_restriction_bound	Lattice.CirculantDFT	GaussianField.SmoothMap_Circle.instFunLike GaussianField.SmoothMap_Circle.periodic GaussianField.symmetric_second_diff_bound GaussianField.SmoothMap_Circle.instAddCommGroup GaussianField.circleRestriction GaussianField.SmoothMap_Circle.instSMul GaussianField.SmoothMap_Circle.instModule GaussianField.SmoothMap_Circle GaussianField.circleSpacing GaussianField.SmoothMap_Circle.sobolevSeminorm GaussianField.SmoothMap_Circle.instTopologicalSpace GaussianField.circlePoint Lattice.toSemilatticeInf GaussianField.circleSpacing_pos
thm	GaussianField.abstract_spectral_eq_dft_spectral_family	Lattice.LatticeFourierProduct	GaussianField.latticeEigenvalue1d GaussianField.dft_parseval_family GaussianField.lattice_covariance_eq_spectral GaussianField.covariance GaussianField.latticeCovariance GaussianField.FinLatticeSites GaussianField.dft_eigencoeff_massOperator_family GaussianField.massEigenbasis_sum_mul_sum_eq_site_inner GaussianField.massOperator GaussianField.latticeEigenvalue1d_nonneg GaussianField.massEigenvalues GaussianField.massEigenvectorBasis GaussianField.massOperator_surjective GaussianField.latticeFourierProductCoeff GaussianField.massOperatorMatrix_eigenvalues_pos GaussianField.ell2' GaussianField.latticeFourierProductNormSq_pos GaussianField.FinLatticeField GaussianField.massOperator_eigenCoeff_eq_eigenvalues_mul_eigenCoeff GaussianField.latticeFourierProductNormSq
thm	GaussianField.SmoothMap_Circle.fourierCoeffReal_bound	SmoothCircle.Basic	GaussianField.SmoothMap_Circle.instFunLike GaussianField.SmoothMap_Circle.fourierBasisFun_abs_le GaussianField.SmoothMap_Circle.norm_iteratedDeriv_le_sobolevSeminorm GaussianField.SmoothMap_Circle.instAddCommGroup GaussianField.SmoothMap_Circle.fourierCoeffReal GaussianField.SmoothMap_Circle.fourierBasisFun GaussianField.SmoothMap_Circle.instSMul GaussianField.SmoothMap_Circle GaussianField.SmoothMap_Circle.sobolevSeminorm_nonneg GaussianField.SmoothMap_Circle.sobolevSeminorm
thm	Pphi2.asymTorusInteracting_satisfies_OS	Pphi2.AsymTorus.AsymTorusOS	Pphi2.asymTorusInteractingMeasure GaussianField.NuclearTensorProduct.instModuleReal GaussianField.NuclearTensorProduct.instTopologicalSpace Pphi2.AsymSatisfiesTorusOS GaussianField.NuclearTensorProduct.instIsTopologicalAddGroup GaussianField.NuclearTensorProduct.instAddCommGroup GaussianField.Configuration GaussianField.NuclearTensorProduct.instContinuousSMulReal GaussianField.SmoothMap_Circle GaussianField.instMeasurableSpaceConfiguration GaussianField.AsymTorusTestFunction
axiom	Pphi2.groundVariance_le_freeCovariance	Pphi2.AsymTorus.AsymB5bSingleSlice	Pphi2.groundSliceVariance Pphi2.SpatialField Pphi2.freeSingleSliceCovariance
thm	GaussianField.strongDual_apply_eq_site_sum	GaussianField.Density	GaussianField.finLatticeDelta GaussianField.FinLatticeSites GaussianField.strongDualToField GaussianField.field_basis_decomposition_density GaussianField.FinLatticeField
thm	Pphi2.wickPower_two_site_pi_gaussianReal_integrable	Pphi2.NelsonEstimate.FieldDecomposition	Pphi2.wickMonomial
thm	Pphi2.latticeConfigEuclideanTimeShift_mod	Pphi2.InteractingMeasure.LatticeEuclideanTime	GaussianField.FinLatticeSites GaussianField.latticeTranslation Pphi2.latticeConfigEuclideanTimeShift GaussianField.Configuration Pphi2.latticeEuclideanTimeShift Pphi2.latticeEuclideanTimeShift_mod GaussianField.latticeTranslation.congr_simp GaussianField.FinLatticeField
thm	Pphi2.continuum_rp_from_lattice	Pphi2.OSProofs.OS3_RP_Inheritance	Pphi2.IsRP Pphi2.rp_closed_under_weak_limit
thm	GaussianField.evalMapMeasurableEquiv.congr_simp	Pphi2.OSProofs.OS2_WardIdentity	GaussianField.FinLatticeSites GaussianField.evalMapMeasurableEquiv GaussianField.Configuration GaussianField.instMeasurableSpaceConfiguration GaussianField.FinLatticeField
thm	GaussianField.heatWeight.congr_simp	SmoothCircle.HeatSemigroup	GaussianField.heatWeight
thm	GaussianField.cylinderGreen_timeReflection_invariant	Cylinder.GreenFunction	GaussianField.NuclearTensorProduct.instModuleReal GaussianField.NuclearTensorProduct.instTopologicalSpace GaussianField.CylinderTestFunction GaussianField.cylinderGreen GaussianField.NuclearTensorProduct.instAddCommGroup GaussianField.cylinderTimeReflection GaussianField.cylinderMassOperator GaussianField.SmoothMap_Circle GaussianField.cylinderMassOperator_timeReflection_equivariant GaussianField.ell2'
def	GaussianField.finiteLaplacianAsymLM	Lattice.AsymCovariance	GaussianField.AsymLatticeSites GaussianField.finiteLaplacianAsymFun GaussianField.AsymLatticeField
def	Pphi2.compTimeReflection2	Pphi2.Backgrounds.EuclideanPlane2D	Pphi2.EuclideanPlaneBackground.SpaceTime Pphi2.planeBackground Pphi2.EuclideanPlaneBackground.dim Pphi2.plane2Background Pphi2.EuclideanTimeStructure.reflectOnRealTestFunctions Pphi2.TestFunction2 Pphi2.plane2TimeStructure
thm	Pphi2.positiveTimeSupported_Fsin	Pphi2.OSProofs.OS3_RP_Lattice	Pphi2.pairing2D Pphi2.Fsin Pphi2.PositiveTimeSupported
thm	GaussianField.nat_unpair_le	Nuclear.NuclearTensorProduct
thm	GaussianHilbert.mehlerFun_zero	GaussianHilbert.OUEigenfunctions	GaussianHilbert.stdGaussianFin GaussianHilbert.mehlerFun
thm	Pphi2.latticeEmbedEval_linear_f	Pphi2.ContinuumLimit.Embedding	Pphi2.EuclideanPlaneBackground.SpaceTime Pphi2.planeBackground GaussianField.FinLatticeSites Pphi2.evalAtSite Pphi2.latticeEmbedEval Pphi2.EuclideanPlaneBackground.dim Pphi2.physicalPosition Pphi2.ContinuumTestFunction GaussianField.FinLatticeField
def	Pphi2.canonicalRoughWeight	Pphi2.NelsonEstimate.FieldDecomposition	Pphi2.canonicalEigenvalue
thm	GaussianField.latticeGaussianFieldLaw.congr_simp	GaussianField.Density	GaussianField.FinLatticeSites GaussianField.latticeGaussianFieldLaw GaussianField.FinLatticeField
thm	GaussianField.nuclear_clm.congr_simp	GaussianField.NuclearSVD	GaussianField.nuclear_clm GaussianField.ell2'
thm	Pphi2.wickMonomial_two	Pphi2.WickOrdering.WickPolynomial	Pphi2.wickMonomial
thm	Pphi2.timeCoupling_nonneg	Pphi2.TransferMatrix.TransferMatrix	Pphi2.SpatialField Pphi2.timeCoupling Lattice.toSemilatticeInf
def	Pphi2.asymCanonicalSmoothGamma	Pphi2.NelsonEstimate.AsymCrossTermL2Identity	GaussianField.AsymLatticeSites Pphi2.asymCanonicalSmoothModeCoeff Pphi2.AsymCanonicalMode
thm	Pphi2.DynamicalCutoff.degreeDynamicalCutoffScale_eq_one	Pphi2.NelsonEstimate.DynamicalCutoff	Pphi2.DynamicalCutoff.degreeDynamicalCutoffScale Pphi2.DynamicalCutoff.degreeCutoffPower
thm	Pphi2.cylinderPullback_timeReflection_invariant	Pphi2.IRLimit.CylinderOS	GaussianField.NuclearTensorProduct.instModuleReal GaussianField.NuclearTensorProduct.instTopologicalSpace Pphi2.cylinderPullback GaussianField.CylinderTestFunction GaussianField.NuclearTensorProduct.instIsTopologicalAddGroup Pphi2.cylinderToTorusEmbed GaussianField.configuration_measurable_of_eval_measurable GaussianField.NuclearTensorProduct.instAddCommGroup GaussianField.cylinderTimeReflection Pphi2.cylinderPullbackMeasure GaussianField.configuration_eval_measurable GaussianField.Configuration GaussianField.NuclearTensorProduct.instContinuousSMulReal GaussianField.SmoothMap_Circle GaussianField.instMeasurableSpaceConfiguration GaussianField.AsymTorusTestFunction Pphi2.cylinderToTorusEmbed_comp_timeReflection GaussianField.asymTorusTimeReflection
thm	Pphi2.gaussian_sum_bound	Pphi2.NelsonEstimate.HeatKernelBound
thm	GaussianField.latticeEigenvalue_eq	Lattice.Laplacian	GaussianField.latticeLaplacianEigenvalue GaussianField.latticeEigenvalue
thm	Pphi2.rotationCFDefect_le_pointwiseDefectIntegral	Pphi2.OSProofs.OS2_WardIdentity	Pphi2.EuclideanPlaneBackground.SpaceTime Pphi2.FieldConfig2 Pphi2.EuclideanPlaneBackground.RealTestFunction Pphi2.planeBackground Pphi2.continuumMeasure_isProbability Pphi2.EuclideanPlaneBackground.dim Pphi2.rotationCFDefect Pphi2.continuumMeasure Pphi2.plane2Background GaussianField.Configuration GaussianField.instMeasurableSpaceConfiguration Pphi2.TestFunction2 Pphi2.ContinuumTestFunction Pphi2.euclideanAction2 Pphi2.rotationCFPointwiseDefect Pphi2.O2
def	Common.QFT.Euclidean.SchwingerFormulation.instModuleTestFunction	Common.QFT.Euclidean.Formulations	Common.QFT.Euclidean.Formulation.TestFunction Common.QFT.Euclidean.SchwingerFormulation.toFormulation Common.QFT.Euclidean.SchwingerFormulation.instAddCommGroupTestFunction Common.QFT.Euclidean.SchwingerFormulation
def	Pphi2.distribTimeReflection	Pphi2.ContinuumLimit.TimeReflection	Pphi2.EuclideanPlaneBackground.SpaceTime Pphi2.planeBackground Pphi2.continuumTimeReflection Pphi2.EuclideanPlaneBackground.dim GaussianField.Configuration Pphi2.ContinuumTestFunction
thm	Pphi2.torus_normConst_field_moment_uniform	Pphi2.InteractingMeasure.FreeMomentBound	GaussianField.FinLatticeSites Pphi2.torus_normConst_second_moment GaussianField.latticeGaussianMeasure_isProbability GaussianField.latticeGaussianMeasure GaussianField.Configuration GaussianField.circleSpacing GaussianField.instMeasurableSpaceConfiguration GaussianField.FinLatticeField GaussianField.circleSpacing_pos Pphi2.field_pow_le_second_pow
thm	Pphi2.energyLevel_gap	Pphi2.TransferMatrix.Positivity	Pphi2.TransferGroundExcitedData.i₀ Pphi2.transferOperator_eigenvalues_pos Pphi2.TransferGroundExcitedData Pphi2.groundEnergyLevel Pphi2.TransferGroundExcitedData.eigenval Pphi2.firstExcitedEnergyLevel Pphi2.TransferGroundExcitedData.b Pphi2.TransferGroundExcitedData.ι Pphi2.TransferGroundExcitedData.hlt Pphi2.TransferGroundExcitedData.h_eigen Pphi2.transferFirstExcitedEigenvalue Pphi2.TransferGroundExcitedData.i₁ Pphi2.transferGroundEigenvalue Pphi2.transferGroundExcitedData
def	GaussianField.MultiIndex.abs	SchwartzNuclear.HermiteTensorProduct	GaussianField.MultiIndex
thm	GaussianField.integrable_normalizedGaussianDensityMeasure_iff	GaussianField.Density	GaussianField.FinLatticeSites GaussianField.latticeGaussianFieldLaw GaussianField.latticeGaussianFieldLaw_eq_normalizedGaussianDensityMeasure GaussianField.normalizedGaussianDensityMeasure GaussianField.FinLatticeField
thm	GaussianField.smulRight_isCompactOperator	GaussianField.NuclearSVD	GaussianField.ell2'
def	GaussianField.nuclearTensorProduct_swapCLM	Nuclear.TensorProductFunctorAxioms	GaussianField.DyninMityaginSpace GaussianField.NuclearTensorProduct.instModuleReal GaussianField.NuclearTensorProduct.instTopologicalSpace GaussianField.NuclearTensorProduct GaussianField.NuclearTensorProduct.instAddCommGroup
thm	Pphi2.cylinderToTorusEmbed_comp_timeReflection	Pphi2.IRLimit.CylinderEmbedding	GaussianField.NuclearTensorProduct.instModuleReal GaussianField.NuclearTensorProduct.instTopologicalSpace GaussianField.nuclearTensorProduct_mapCLM_general_pure GaussianField.nuclearTensorProduct_mapCLM GaussianField.schwartz_dyninMityaginSpace_1D GaussianField.nuclearTensorProduct_mapCLM_general GaussianField.SmoothMap_Circle.instAddCommGroup GaussianField.CylinderTestFunction GaussianField.nuclearTensorProduct_mapCLM_pure GaussianField.nuclearTensorProduct_swapCLM GaussianField.NuclearTensorProduct Pphi2.cylinderToTorusEmbed GaussianField.nuclearTensorProduct_swapCLM_pure GaussianField.periodizeCLM_comp_schwartzReflection GaussianField.NuclearTensorProduct.instAddCommGroup GaussianField.cylinderTimeReflection GaussianField.periodizeCLM GaussianField.circleReflection GaussianField.SmoothMap_Circle.instModule GaussianField.SmoothMap_Circle.instContinuousSMul GaussianField.smoothCircle_dyninMityaginSpace GaussianField.SmoothMap_Circle.instIsTopologicalAddGroup GaussianField.NuclearTensorProduct.pure GaussianField.SmoothMap_Circle GaussianField.AsymTorusTestFunction GaussianField.schwartzReflection GaussianField.SmoothMap_Circle.instTopologicalSpace GaussianField.asymTorusTimeReflection
def	Common.QFT.Euclidean.MeasureModel.toGeneratingFunctionalModel	Common.QFT.Euclidean.Formulations	Common.QFT.Euclidean.MeasureModel Common.QFT.Euclidean.GeneratingFunctionalModel Common.QFT.Euclidean.Formulation
thm	Pphi2.transferOperator_isCompact	Pphi2.TransferMatrix.L2Operator	Pphi2.L2SpatialField Pphi2.hilbert_schmidt_isCompact Pphi2.transferGaussian_norm_le_one Pphi2.SpatialField Pphi2.transferWeight Pphi2.transferGaussian_memLp Pphi2.transferWeight_measurable Pphi2.transferOperatorCLM Pphi2.transferWeight_memLp_two Pphi2.transferGaussian Pphi2.transferWeight_bound
axiom	Pphi2.continuum_exponential_clustering	Pphi2.ContinuumLimit.AxiomInheritance	Pphi2.EuclideanPlaneBackground.SpaceTime Pphi2.FieldConfig2 Pphi2.EuclideanPlaneBackground.RealTestFunction Pphi2.planeBackground Pphi2.SchwartzMap.translate Pphi2.EuclideanPlaneBackground.dim Pphi2.IsPphi2Limit Pphi2.SpaceTime2 Pphi2.plane2Background GaussianField.instMeasurableSpaceConfiguration Pphi2.TestFunction2 Pphi2.EuclideanOS.generatingFunctional
def	Pphi2.AsymTorusOS0_Analyticity	Pphi2.AsymTorus.AsymTorusOS	GaussianField.NuclearTensorProduct.instModuleReal GaussianField.NuclearTensorProduct.instTopologicalSpace GaussianField.NuclearTensorProduct.instIsTopologicalAddGroup GaussianField.NuclearTensorProduct.instAddCommGroup GaussianField.Configuration GaussianField.NuclearTensorProduct.instContinuousSMulReal GaussianField.SmoothMap_Circle GaussianField.instMeasurableSpaceConfiguration GaussianField.AsymTorusTestFunction
def	GaussianField.latticeFourierProductNormSq	Lattice.LatticeFourierProduct	GaussianField.latticeFourierNormSq
thm	GaussianField.dft_eigencoeff_massOperatorAsym	Lattice.AsymCovariance	GaussianField.latticeEigenvalue1d GaussianField.AsymLatticeSites GaussianField.latticeFourierBasisFun GaussianField.massOperator_product_eigenvector_asym GaussianField.AsymLatticeField GaussianField.instFintypeAsymLatticeSitesOfNeZeroNat GaussianField.massOperatorAsym GaussianField.massOperatorAsym_selfAdjoint
def	GaussianField.gffSmearedCovariance	GaussianField.WickMultivariate	GaussianField.FinLatticeSites GaussianField.gffSmearedCoeff GaussianField.FinLatticeField
thm	Pphi2.EuclideanOS.SatisfiesFullOS.os2	Pphi2.EuclideanOS	Pphi2.EuclideanPlaneBackground.SpaceTime Pphi2.EuclideanOS.OS2_EuclideanInvariance Pphi2.EuclideanPlaneBackground.RealTestFunction Pphi2.EuclideanOS.SatisfiesFullOS Pphi2.EuclideanPlaneBackground.dim Pphi2.EuclideanPlaneBackground Pphi2.EuclideanTimeStructure GaussianField.instMeasurableSpaceConfiguration Pphi2.EuclideanPlaneBackground.Distribution
thm	GaussianField.resolventFreq_zero_mode	Cylinder.MassOperatorConstruction	GaussianField.resolventFreq GaussianField.SmoothMap_Circle.fourierFreq
thm	Pphi2.mass_reparametrization_invariance	Pphi2.Main	Pphi2.EuclideanPlaneBackground.SpaceTime Pphi2.FieldConfig2 Pphi2.EuclideanPlaneBackground.RealTestFunction Pphi2.planeBackground Pphi2.EuclideanPlaneBackground.dim Pphi2.IsPphi2Limit GaussianField.instMeasurableSpaceConfiguration
thm	Pphi2.LatticeSetup.wickPolynomial_of_pure	Pphi2.NelsonEstimate.LatticeSetup	Pphi2.wickMonomial Pphi2.wickPolynomial
def	Lattice.toSemilatticeInf	Mathlib.Order.Lattice	Lattice Lattice.toSemilatticeSup Lattice.inf_le_left Lattice.le_inf Lattice.inf Lattice.inf_le_right
def	GaussianField.RapidDecayLattice.latticeCoeffCLM	Lattice.RapidDecayLattice	GaussianField.RapidDecayLattice.instAddCommGroup GaussianField.RapidDecayLattice.latticeEnum GaussianField.RapidDecayLattice GaussianField.RapidDecayLattice.val GaussianField.RapidDecayLattice.instTopologicalSpace GaussianField.RapidDecayLattice.instModule
thm	GaussianField.latticeGaussianMeasure_density_integral'	GaussianField.Density	GaussianField.evalMap GaussianField.FinLatticeSites GaussianField.evalMapMeasurableEquiv GaussianField.latticeGaussianFieldLaw GaussianField.latticeGaussianFieldLaw_density_integral GaussianField.latticeGaussianMeasure GaussianField.Configuration GaussianField.instMeasurableSpaceConfiguration GaussianField.gaussianDensity GaussianField.FinLatticeField
def	Pphi2.EuclideanPlaneBackground.ComplexTestFunction	Pphi2.Backgrounds.EuclideanPlane	Pphi2.EuclideanPlaneBackground.SpaceTime Pphi2.EuclideanPlaneBackground.dim Pphi2.EuclideanPlaneBackground
def	Pphi2.EuclideanOS.OS4_Ergodicity	Pphi2.EuclideanOS	Pphi2.EuclideanPlaneBackground.SpaceTime Pphi2.EuclideanTimeStructure.timeTranslation Pphi2.EuclideanPlaneBackground.RealTestFunction Pphi2.EuclideanPlaneBackground.translate Pphi2.EuclideanPlaneBackground.dim Pphi2.EuclideanPlaneBackground Pphi2.EuclideanTimeStructure GaussianField.instMeasurableSpaceConfiguration Pphi2.EuclideanOS.generatingFunctional Pphi2.EuclideanPlaneBackground.Distribution
thm	Pphi2.boltzmannWeightAsym_integrable	Pphi2.AsymTorus.AsymLatticeMeasure	GaussianField.AsymLatticeSites Pphi2.boltzmannWeightAsym Pphi2.interactionFunctionalAsym_bounded_below GaussianField.Configuration GaussianField.AsymLatticeField Pphi2.latticeGaussianMeasureAsym Pphi2.interactionFunctionalAsym GaussianField.instMeasurableSpaceConfiguration Pphi2.interactionFunctionalAsym_measurable Pphi2.latticeGaussianMeasureAsym_isProbability
thm	Pphi2.exists_uniform_neg_of_uniform_affine_bound'	Pphi2.InteractingMeasure.UniformBounds	Pphi2.deriv_affine_bound_neg_of_continuousOn
thm	Pphi2.asymGf_sub_norm_le_seminorm	Pphi2.AsymTorus.AsymTorusOS	Pphi2.asymTorusInteractingMeasure GaussianField.NuclearTensorProduct.instModuleReal GaussianField.NuclearTensorProduct.instTopologicalSpace GaussianField.finLatticeField_dyninMityaginSpace GaussianField.measure GaussianField.ell2_separableSpace Pphi2.interactionFunctional_bounded_below GaussianField.FinLatticeSites GaussianField.NuclearTensorProduct.instIsTopologicalAddGroup Pphi2.partitionFunction GaussianField.latticeCovarianceGJ Pphi2.interactionFunctional_measurable GaussianField.pairing_memLp Pphi2.interactingLatticeMeasure Pphi2.asymTorusEmbedLift_eval_eq Pphi2.asymGeomSpacing_pos GaussianField.NuclearTensorProduct.instAddCommGroup Pphi2.asymTorusEmbedLift_measurable GaussianField.latticeGaussianMeasure Pphi2.asymTorusGeneratingFunctional GaussianField.configuration_eval_measurable GaussianField.Configuration Pphi2.asymTorusInteractingMeasure_isProbability GaussianField.NuclearTensorProduct.instContinuousSMulReal GaussianField.SmoothMap_Circle Pphi2.asymLatticeTestFn GaussianField.instMeasurableSpaceConfiguration Pphi2.asymTorusEmbedLift Pphi2.boltzmannWeight GaussianField.AsymTorusTestFunction Pphi2.asymTorus_interacting_second_moment_density_transfer GaussianField.ell2' GaussianField.FinLatticeField Pphi2.interactionFunctional Pphi2.asymGeomSpacing Pphi2.partitionFunction_pos Lattice.toSemilatticeInf Pphi2.boltzmannWeight_pos
thm	Pphi2.asymCanonicalSmoothWeight_add_roughWeight	Pphi2.NelsonEstimate.AsymFieldDecomposition	Pphi2.asymCanonicalEigenvalue Pphi2.asymCanonicalRoughWeight Pphi2.asymCanonicalSmoothWeight Pphi2.AsymCanonicalMode
thm	Pphi2.ContinuumFieldConfig_eq	Pphi2.Backgrounds.EuclideanPlane	GaussianField.Configuration Pphi2.ContinuumFieldConfig
thm	GaussianField.latticeFourierProductNormSq_pos	Lattice.LatticeFourierProduct	GaussianField.latticeFourierProductNormSq
thm	Pphi2.canonicalRoughFieldFunctionOfSnd_eq_sum_gamma	Pphi2.NelsonEstimate.FieldDecomposition	Pphi2.canonicalRoughFieldFunctionOfSnd GaussianField.FinLatticeSites Pphi2.canonicalRoughGamma
thm	Pphi2.continuumEuclideanAction_apply	Pphi2.Backgrounds.EuclideanPlane	Pphi2.EuclideanPlaneBackground.SpaceTime Pphi2.planeBackground Pphi2.EuclideanPlaneBackground.inversePointAction Pphi2.ContinuumSpaceTime Pphi2.EuclideanPlaneBackground.dim Pphi2.EuclideanPlaneBackground.action_apply Pphi2.continuumEuclideanAction Pphi2.ContinuumMotion Pphi2.ContinuumTestFunction
def	Pphi2.fieldRescaleEquiv	Pphi2.InteractingMeasure.FieldRedefinition	Pphi2.measurable_configuration_const_smul GaussianField.Configuration GaussianField.instMeasurableSpaceConfiguration
thm	GaussianField.gaussianDensity_integral_pos	GaussianField.Density	GaussianField.integrable_gaussianDensity GaussianField.FinLatticeSites GaussianField.massOperator GaussianField.gaussianDensity GaussianField.FinLatticeField
thm	GaussianField.NuclearTensorProduct.ext	Nuclear.NuclearTensorProduct	GaussianField.RapidDecaySeq.val GaussianField.NuclearTensorProduct GaussianField.RapidDecaySeq.ext
def	Pphi2.EuclideanTimeStructure.positiveTimeSet	Pphi2.Backgrounds.EuclideanTime	Pphi2.EuclideanPlaneBackground.SpaceTime Pphi2.EuclideanPlaneBackground Pphi2.EuclideanTimeStructure
thm	Pphi2.asymCanonicalCrossTermStd_eq	Pphi2.NelsonEstimate.AsymRoughErrorChaosStd	GaussianField.AsymLatticeSites Pphi2.asymCanonicalRoughWickConstant Pphi2.AsymCanonicalJointSumIndex Pphi2.asymCanonicalCrossTermStd Pphi2.asymCanonicalCrossTerm Pphi2.AsymCanonicalJoint Pphi2.asymCanonicalRoughFieldFunction.congr_simp Pphi2.wickMonomial Pphi2.asymCanonicalJointStdGaussianMeasurableEquiv Pphi2.asymCanonicalRoughFieldFunction Pphi2.asymSmoothWickConstant GaussianField.instFintypeAsymLatticeSitesOfNeZeroNat Pphi2.asymCanonicalSmoothFieldFunction Pphi2.asymCanonicalSmoothFieldFunction.congr_simp Pphi2.AsymCanonicalMode
thm	Pphi2.spectralVarianceAsym_eq_massEigenvalue_average	Pphi2.AsymTorus.AsymWickVariance	GaussianField.spectralLatticeCovarianceAsym GaussianField.AsymLatticeSites GaussianField.covariance Pphi2.spectralVarianceAsym_delta_eq GaussianField.massEigenvaluesAsym Pphi2.spectralVarianceAsym_sum_eq_massEigenvalue_trace GaussianField.AsymLatticeField GaussianField.instFintypeAsymLatticeSitesOfNeZeroNat GaussianField.asymLatticeDelta GaussianField.ell2'
thm	GaussianField.RapidDecayLattice.ext_iff	Lattice.RapidDecayLattice	GaussianField.RapidDecayLattice GaussianField.RapidDecayLattice.val GaussianField.RapidDecayLattice.ext
def	Pphi2.asymGappedTransfer	Pphi2.AsymTorus.AsymGappedTransfer	Pphi2.asymTransferNormalized Pphi2.L2SpatialField Pphi2.SpatialField Pphi2.asymGroundVector
thm	Pphi2.integral_sum_mul_sum_eq_zero_of_orth	Pphi2.NelsonEstimate.RoughErrorBound
thm	GaussianField.latticeTranslationMatrix_commute_negLaplacian	Lattice.Symmetry	GaussianField.FinLatticeSites GaussianField.negLaplacianMatrix GaussianField.latticeTranslationMatrix GaussianField.negLaplacianMatrix_toeplitz
def	Pphi2.torusConnectedFourPoint	Pphi2.TorusContinuumLimit.TorusNontriviality	GaussianField.NuclearTensorProduct.instModuleReal GaussianField.NuclearTensorProduct.instTopologicalSpace GaussianField.NuclearTensorProduct.instIsTopologicalAddGroup GaussianField.NuclearTensorProduct.instAddCommGroup GaussianField.Configuration GaussianField.NuclearTensorProduct.instContinuousSMulReal GaussianField.SmoothMap_Circle GaussianField.instMeasurableSpaceConfiguration GaussianField.TorusTestFunction
thm	Pphi2.asymCanonicalSumFieldLaw_isGaussian	Pphi2.NelsonEstimate.AsymFieldDecomposition	GaussianField.AsymLatticeSites Pphi2.asymCanonicalSumFieldLaw Pphi2.AsymCanonicalJointSumIndex GaussianField.AsymLatticeField GaussianField.instFintypeAsymLatticeSitesOfNeZeroNat Pphi2.asymCanonicalStdToFieldCLM Pphi2.AsymCanonicalMode
thm	GaussianField.nuclear_bilinear_extension_unique	Nuclear.NuclearExtension	GaussianField.DyninMityaginSpace GaussianField.NuclearTensorProduct.instModuleReal GaussianField.NuclearTensorProduct.instTopologicalSpace GaussianField.RapidDecaySeq.val GaussianField.NuclearTensorProduct GaussianField.NuclearTensorProduct.instAddCommGroup GaussianField.DyninMityaginSpace.basis GaussianField.NuclearTensorProduct.pure GaussianField.DyninMityaginSpace.HasBiorthogonalBasis GaussianField.hasSum_pure
thm	Pphi2.cylinderToTorusEmbed_comp_timeTranslation	Pphi2.IRLimit.CylinderEmbedding	GaussianField.NuclearTensorProduct.instModuleReal GaussianField.circleTranslation GaussianField.NuclearTensorProduct.instTopologicalSpace GaussianField.nuclearTensorProduct_mapCLM_general_pure GaussianField.nuclearTensorProduct_mapCLM GaussianField.schwartz_dyninMityaginSpace_1D GaussianField.nuclearTensorProduct_mapCLM_general GaussianField.SmoothMap_Circle.instAddCommGroup GaussianField.CylinderTestFunction GaussianField.nuclearTensorProduct_mapCLM_pure GaussianField.nuclearTensorProduct_swapCLM GaussianField.asymTorusTranslation GaussianField.NuclearTensorProduct Pphi2.cylinderToTorusEmbed GaussianField.nuclearTensorProduct_swapCLM_pure GaussianField.NuclearTensorProduct.instAddCommGroup GaussianField.periodizeCLM GaussianField.SmoothMap_Circle.instModule GaussianField.SmoothMap_Circle.instContinuousSMul GaussianField.smoothCircle_dyninMityaginSpace GaussianField.SmoothMap_Circle.instIsTopologicalAddGroup GaussianField.NuclearTensorProduct.pure GaussianField.SmoothMap_Circle GaussianField.periodizeCLM_comp_schwartzTranslation GaussianField.schwartzTranslation GaussianField.AsymTorusTestFunction GaussianField.cylinderTranslation GaussianField.SmoothMap_Circle.instTopologicalSpace
thm	Pphi2.torusInteracting_satisfies_OS	Pphi2.TorusContinuumLimit.TorusInteractingOS	GaussianField.NuclearTensorProduct.instModuleReal GaussianField.NuclearTensorProduct.instTopologicalSpace Pphi2.torusInteracting_os1 GaussianField.NuclearTensorProduct.instIsTopologicalAddGroup GaussianField.NuclearTensorProduct.instAddCommGroup Pphi2.SatisfiesTorusOS Pphi2.torusInteracting_os2_D4 GaussianField.Configuration GaussianField.NuclearTensorProduct.instContinuousSMulReal GaussianField.SmoothMap_Circle Pphi2.torusInteracting_os2_translation GaussianField.instMeasurableSpaceConfiguration Pphi2.torusInteracting_os0 Pphi2.torusInteractingMeasure GaussianField.TorusTestFunction
def	Pphi2.continuumMeasure	Pphi2.ContinuumLimit.Embedding	Pphi2.EuclideanPlaneBackground.SpaceTime Pphi2.planeBackground GaussianField.FinLatticeSites Pphi2.EuclideanPlaneBackground.dim Pphi2.interactingLatticeMeasure GaussianField.Configuration GaussianField.instMeasurableSpaceConfiguration Pphi2.latticeEmbedLift Pphi2.ContinuumTestFunction GaussianField.FinLatticeField
thm	GaussianField.smoothCircle_hasBiorthogonalBasis	SmoothCircle.Nuclear	GaussianField.SmoothMap_Circle.smoothCircle_withSeminorms GaussianField.SmoothMap_Circle.smoothCircleRapidDecayEquiv GaussianField.SmoothMap_Circle.instAddCommGroup GaussianField.DyninMityaginSpace.ofRapidDecayEquiv_hasBiorthogonalBasis GaussianField.SmoothMap_Circle.instModule GaussianField.SmoothMap_Circle.instContinuousSMul GaussianField.smoothCircle_dyninMityaginSpace GaussianField.SmoothMap_Circle.instIsTopologicalAddGroup GaussianField.SmoothMap_Circle GaussianField.SmoothMap_Circle.sobolevSeminorm GaussianField.DyninMityaginSpace.HasBiorthogonalBasis GaussianField.SmoothMap_Circle.instTopologicalSpace
thm	GaussianField.dft_eigencoeff_massOperator_family	Lattice.LatticeFourierProduct	GaussianField.massOperator_selfAdjoint GaussianField.latticeEigenvalue1d GaussianField.massOperator_product_eigenvector_family GaussianField.FinLatticeSites GaussianField.massOperator GaussianField.latticeFourierProductBasisFun GaussianField.latticeFourierProductCoeff GaussianField.FinLatticeField
thm	Pphi2.periodizeCLM_eq_on_symmetric_large_period	Pphi2.IRLimit.Periodization	GaussianField.circleTranslation GaussianField.SmoothMap_Circle.instFunLike GaussianField.SmoothMap_Circle.instAddCommGroup GaussianField.periodizeCLM GaussianField.SmoothMap_Circle.toFun GaussianField.SmoothMap_Circle.instModule GaussianField.SmoothMap_Circle GaussianField.periodizeCLM_eq_on_large_period GaussianField.periodizeCLM_comp_schwartzTranslation GaussianField.schwartzTranslation GaussianField.SmoothMap_Circle.instTopologicalSpace Lattice.toSemilatticeInf
thm	Pphi2.schwinger_smooth	Pphi2.NelsonEstimate.HeatKernelBound	Pphi2.schwinger_smooth_Ioi
def	GaussianField.DyninMityaginSpace.ofRapidDecayEquiv_hasBiorthogonalBasis	Nuclear.NuclearTensorProduct	GaussianField.RapidDecaySeq.mk.congr_simp GaussianField.DyninMityaginSpace.coeff GaussianField.DyninMityaginSpace.ofRapidDecayEquiv GaussianField.RapidDecaySeq GaussianField.RapidDecaySeq.val GaussianField.RapidDecaySeq.instModule GaussianField.RapidDecaySeq.basisVec GaussianField.DyninMityaginSpace.basis GaussianField.RapidDecaySeq.instAddCommGroup GaussianField.RapidDecaySeq.instTopologicalSpace GaussianField.DyninMityaginSpace.HasBiorthogonalBasis GaussianField.RapidDecaySeq.coeffCLM
def	Common.QFT.Euclidean.ReconstructionInput.schwingerModel	Common.QFT.Euclidean.Formulations	Common.QFT.Euclidean.ReconstructionHypothesis Common.QFT.Euclidean.DistributionalSchwingerModel Common.QFT.Euclidean.ReconstructionInput Common.QFT.Euclidean.SchwingerFormulation
thm	Pphi2.transferWeight_pos	Pphi2.TransferMatrix.L2Operator	Pphi2.spatialAction Pphi2.SpatialField Pphi2.transferWeight Pphi2.wickConstant
thm	Common.QFT.Euclidean.TensorToDistributionalBridge.compatible	Common.QFT.Euclidean.Formulations	Common.QFT.Euclidean.TensorToDistributionalBridge.distributionalSchwinger Common.QFT.Euclidean.SchwingerFormulation.instAddCommGroupNPointTestFunction Common.QFT.Euclidean.SchwingerFormulation.NPointTestFunction Common.QFT.Euclidean.Formulation.TestFunction Common.QFT.Euclidean.TensorSchwingerModel Common.QFT.Euclidean.TensorToDistributionalBridge Common.QFT.Euclidean.DistributionalSchwingerModel.tensorLift Common.QFT.Euclidean.DistributionalSchwingerModel.schwinger Common.QFT.Euclidean.SchwingerFormulation.toFormulation Common.QFT.Euclidean.TensorSchwingerModel.schwinger Common.QFT.Euclidean.SchwingerFormulation.instModuleNPointTestFunction Common.QFT.Euclidean.SchwingerFormulation
def	GaussianField.SmoothMap_Circle.instModule	SmoothCircle.Basic	GaussianField.SmoothMap_Circle.instAddCommGroup GaussianField.SmoothMap_Circle.instSMul GaussianField.SmoothMap_Circle
thm	Pphi2.IntegrabilityHelpers.lintegral_layer_cake_lt_top_of_eventual_decay	Pphi2.NelsonEstimate.IntegrabilityHelpers	Pphi2.IntegrabilityHelpers.lintegral_exp_neg_lt_top Lattice.toSemilatticeInf
thm	GaussianHilbert.hermiteMultiEval_memLp	GaussianHilbert.WienerChaos	GaussianHilbert.stdGaussianFin GaussianHilbert.hermiteMultiEval_sq_integrable GaussianHilbert.hermiteMultiEval GaussianHilbert.hermiteMultiEval_continuous
def	GaussianField.cylinderConfigTimeTranslation	Cylinder.Symmetry	GaussianField.NuclearTensorProduct.instModuleReal GaussianField.NuclearTensorProduct.instTopologicalSpace GaussianField.CylinderTestFunction GaussianField.NuclearTensorProduct.instIsTopologicalAddGroup GaussianField.NuclearTensorProduct.instAddCommGroup GaussianField.Configuration GaussianField.NuclearTensorProduct.instContinuousSMulReal GaussianField.SmoothMap_Circle GaussianField.cylinderTimeTranslation
thm	GaussianField.massOperatorMatrixAsym_isHermitian	Lattice.AsymCovariance	GaussianField.AsymLatticeSites GaussianField.massOperatorMatrixAsym GaussianField.AsymLatticeField GaussianField.instFintypeAsymLatticeSitesOfNeZeroNat GaussianField.massOperatorAsym GaussianField.asymLatticeDelta GaussianField.massOperatorAsym_selfAdjoint
thm	Pphi2.canonicalJointMeasure_map_sum_pi_gaussian	Pphi2.NelsonEstimate.FieldDecomposition	Pphi2.canonicalJointMeasure Pphi2.CanonicalJointSumIndex
def	Pphi2.CanonicalJointSumIndex	Pphi2.NelsonEstimate.FieldDecomposition
thm	Pphi2.interaction_memLp	Pphi2.InteractingMeasure.InteractionVariance	Pphi2.canonicalJointMeasure Pphi2.canonicalSumConfig Pphi2.canonicalFullInteractionJoint_eq_interactionFunctional GaussianField.FinLatticeSites Pphi2.canonicalFullInteractionJoint Pphi2.interactionFunctional_measurable Pphi2.canonicalSumConfig_measurable GaussianField.latticeGaussianMeasure GaussianField.Configuration GaussianField.instMeasurableSpaceConfiguration Pphi2.canonicalJointMeasure_map_canonicalSumConfig Pphi2.canonicalFullInteractionJoint_memLp GaussianField.FinLatticeField Pphi2.interactionFunctional Pphi2.CanonicalJoint
thm	GaussianField.Matrix.IsHermitian.mulVec_exp_of_eigenvector	Lattice.HeatKernel	GaussianField.Matrix.IsHermitian.dotProduct_eigenvectors_eq_zero GaussianField.Matrix.IsHermitian.bilinear_exp_eq_spectral
thm	Pphi2.canonicalSmoothFieldFunctionOfFst.congr_simp	Pphi2.NelsonEstimate.FieldDecomposition	GaussianField.FinLatticeSites Pphi2.canonicalSmoothFieldFunctionOfFst
thm	Pphi2.cylinderMeasureReflectionPositive_of_tendsto_cf	Pphi2.IRLimit.CylinderOS	GaussianField.NuclearTensorProduct.instModuleReal GaussianField.NuclearTensorProduct.instTopologicalSpace GaussianField.cylinderPositiveTimeSubmodule GaussianField.CylinderTestFunction GaussianField.NuclearTensorProduct.instIsTopologicalAddGroup Pphi2.CylinderMeasureReflectionPositive GaussianField.NuclearTensorProduct.instAddCommGroup GaussianField.cylinderTimeReflection GaussianField.Configuration GaussianField.NuclearTensorProduct.instContinuousSMulReal GaussianField.SmoothMap_Circle GaussianField.instMeasurableSpaceConfiguration Pphi2.CylinderMeasureSequenceEventuallyReflectionPositive
thm	GaussianField.sum_factor_asym	Lattice.AsymCovariance	GaussianField.AsymLatticeSites GaussianField.instFintypeAsymLatticeSitesOfNeZeroNat
thm	Pphi2.polynomial_chaos_exp_moment_bridge	Pphi2.NelsonEstimate.PolynomialChaosBridge	GaussianField.FinLatticeSites Pphi2.polynomial_chaos_exp_moment_bridge_bounded GaussianField.latticeGaussianMeasure GaussianField.Configuration GaussianField.instMeasurableSpaceConfiguration GaussianField.FinLatticeField Pphi2.interactionFunctional
thm	Pphi2.transferOperator_positivityImproving	Pphi2.TransferMatrix.Jentzsch	Pphi2.L2SpatialField Pphi2.SpatialField Pphi2.transferWeight Pphi2.transferGaussian_pos Pphi2.transferGaussian_memLp Pphi2.transferGaussian_memLp_two Pphi2.transferWeight_measurable Pphi2.transferOperatorCLM Pphi2.transferWeight_pos Pphi2.transferGaussian Pphi2.transferWeight_bound
thm	GaussianField.spectralCLM.congr_simp	HeatKernel.Axioms	GaussianField.DyninMityaginSpace GaussianField.spectralCLM GaussianField.ell2' GaussianField.IsBoundedSeq
thm	Pphi2.asymSliceFamilyLinear_sq_integrable_pathMeasure	Pphi2.AsymTorus.AsymBridgeKLimit	Pphi2.asymInteractingLattice_pairing_sq_integrable GaussianField.AsymLatticeSites GaussianField.measurable_evalMapAsym Pphi2.SpatialField Pphi2.asymSliceEquiv Pphi2.interactingLatticeMeasureAsym_slice_pushforward_eq_pathMeasure Pphi2.asymTransferSystem Pphi2.asymSliceFamilyLinear Pphi2.asymSliceFamilyLinear_measurable Pphi2.config_pairing_eq_slice GaussianField.Configuration GaussianField.AsymLatticeField Pphi2.slicePairing GaussianField.evalMapAsym Pphi2.interactingLatticeMeasureAsym Pphi2.measurePreserving_asymSliceEquiv GaussianField.instMeasurableSpaceConfiguration GaussianField.instFintypeAsymLatticeSitesOfNeZeroNat Pphi2.asymSliceFamilyLinear_eq_slicePairing
thm	GaussianField.nuclear_bilinear_extension_existsUnique	Nuclear.NuclearExtension	GaussianField.DyninMityaginSpace GaussianField.NuclearTensorProduct.instModuleReal GaussianField.NuclearTensorProduct.instTopologicalSpace GaussianField.NuclearTensorProduct.lift_pure GaussianField.nuclear_bilinear_extension_unique GaussianField.DyninMityaginSpace.ι GaussianField.NuclearTensorProduct GaussianField.NuclearTensorProduct.instAddCommGroup GaussianField.NuclearTensorProduct.pure GaussianField.NuclearTensorProduct.lift GaussianField.DyninMityaginSpace.p GaussianField.DyninMityaginSpace.HasBiorthogonalBasis
thm	GaussianField.qft_singular_values_bounded	HeatKernel.Axioms	GaussianField.qftSingularValue GaussianField.qftEigenvalue GaussianField.qftSingularValue_nonneg GaussianField.qftEigenvalue_pos GaussianField.SmoothMap_Circle.fourierFreq Lattice.toSemilatticeInf GaussianField.IsBoundedSeq
thm	GaussianField.circleRestrictionGJ_le	SmoothCircle.Restriction	GaussianField.SmoothMap_Circle.instFunLike GaussianField.SmoothMap_Circle.instAddCommGroup GaussianField.SmoothMap_Circle.norm_iteratedDeriv_le_sobolevSeminorm' GaussianField.SmoothMap_Circle.instSMul GaussianField.circleRestrictionGJ GaussianField.SmoothMap_Circle.instModule GaussianField.SmoothMap_Circle GaussianField.circleSpacing GaussianField.SmoothMap_Circle.sobolevSeminorm GaussianField.circleRestrictionGJ_apply GaussianField.SmoothMap_Circle.instTopologicalSpace GaussianField.circlePoint Lattice.toSemilatticeInf GaussianField.circleSpacing_pos
thm	Pphi2.cylinderPullback_second_moment_eq	Pphi2.IRLimit.GreenFunctionComparison	GaussianField.NuclearTensorProduct.instModuleReal GaussianField.NuclearTensorProduct.instTopologicalSpace Pphi2.cylinderPullback GaussianField.CylinderTestFunction GaussianField.NuclearTensorProduct.instIsTopologicalAddGroup Pphi2.cylinderToTorusEmbed GaussianField.configuration_measurable_of_eval_measurable GaussianField.NuclearTensorProduct.instAddCommGroup Pphi2.cylinderPullbackMeasure GaussianField.configuration_eval_measurable GaussianField.Configuration GaussianField.NuclearTensorProduct.instContinuousSMulReal GaussianField.SmoothMap_Circle GaussianField.instMeasurableSpaceConfiguration GaussianField.AsymTorusTestFunction
thm	Pphi2.normalizedMoment_hasDerivWithinAt	Pphi2.InteractingMeasure.ConnectedCorrelatorDerivative	Pphi2.partitionFn_zero GaussianField.FinLatticeSites GaussianField.latticeGaussianMeasure GaussianField.Configuration GaussianField.instMeasurableSpaceConfiguration Pphi2.moment_hasDerivWithinAt Pphi2.partitionFn_hasDerivWithinAt GaussianField.FinLatticeField Pphi2.interactionFunctional
thm	Pphi2.torusContinuumMeasure.congr_simp	Pphi2.TorusContinuumLimit.TorusGaussianLimit	GaussianField.NuclearTensorProduct.instModuleReal GaussianField.NuclearTensorProduct.instTopologicalSpace GaussianField.NuclearTensorProduct.instIsTopologicalAddGroup Pphi2.torusContinuumMeasure GaussianField.NuclearTensorProduct.instAddCommGroup GaussianField.Configuration GaussianField.NuclearTensorProduct.instContinuousSMulReal GaussianField.SmoothMap_Circle GaussianField.instMeasurableSpaceConfiguration GaussianField.TorusTestFunction
thm	GaussianField.heatWeight_nonneg	SmoothCircle.HeatSemigroup	GaussianField.circleHasLaplacianEigenvalues GaussianField.SmoothMap_Circle.instAddCommGroup GaussianField.heatWeight GaussianField.HasLaplacianEigenvalues.eigenvalue GaussianField.SmoothMap_Circle.instModule GaussianField.SmoothMap_Circle.instContinuousSMul GaussianField.smoothCircle_dyninMityaginSpace GaussianField.SmoothMap_Circle.instIsTopologicalAddGroup GaussianField.SmoothMap_Circle GaussianField.SmoothMap_Circle.instTopologicalSpace
thm	Pphi2.groundVariance_sum_le_freeCovariance_sum	Pphi2.AsymTorus.AsymB5bSingleSlice	Pphi2.freeSingleSliceCovarianceSum Pphi2.groundSliceVariance Pphi2.groundVarianceFreeCovarianceConstant Pphi2.SpatialField Pphi2.freeSingleSliceCovariance Pphi2.groundVariance_le_freeCovariance_with_constant Pphi2.groundSliceVarianceSum
thm	GaussianField.spectralLatticeCovariance_norm_sq	Lattice.SpectralCovariance	GaussianField.FinLatticeSites GaussianField.spectralLatticeCovariance_inner GaussianField.massEigenvalues GaussianField.spectralLatticeCovariance GaussianField.massEigenvectorBasis GaussianField.ell2' GaussianField.FinLatticeField
thm	GaussianField.cylinderGreen_bilinear	Cylinder.GreenFunction	GaussianField.NuclearTensorProduct.instModuleReal GaussianField.NuclearTensorProduct.instTopologicalSpace GaussianField.CylinderTestFunction GaussianField.cylinderGreen GaussianField.NuclearTensorProduct.instAddCommGroup GaussianField.cylinderMassOperator GaussianField.SmoothMap_Circle GaussianField.ell2'
thm	Pphi2.anomaly_scaling_dimension	Pphi2.OSProofs.OS2_WardIdentity	Lattice.toSemilatticeInf
thm	Pphi2.canonicalRoughError_neg_tail_of_stdGaussian_explicit_ae	Pphi2.NelsonEstimate.RoughErrorBound	Pphi2.canonicalJointMeasure Pphi2.canonicalJointStdGaussianMeasurableEquiv GaussianHilbert.stdGaussianFin GaussianHilbert.wienerChaosLE Pphi2.CanonicalJointSumIndex Pphi2.ChaosTailBridge.chaos_neg_tail_bound_explicit Pphi2.canonicalJointMeasure_map_stdGaussian Pphi2.ChaosTailBridge.chaosTailConstant Pphi2.canonicalRoughError Pphi2.CanonicalJoint
thm	GaussianField.IsBoundedSeq.const_mul	HeatKernel.Axioms	GaussianField.isBoundedSeq_const GaussianField.IsBoundedSeq.mul GaussianField.IsBoundedSeq
def	GaussianField.SmoothMap_Circle.fourierBasisFun	SmoothCircle.Basic
def	GaussianField.latticeHeatKernelMatrix	Lattice.HeatKernel	GaussianField.FinLatticeSites GaussianField.negLaplacianMatrix
thm	Pphi2.asymCanonicalRoughWickPower_two_site_marginal_eq_diag	Pphi2.NelsonEstimate.AsymCrossTermL2Identity	Pphi2.asymCanonicalRoughFieldFunctionOfSnd GaussianField.AsymLatticeSites Pphi2.asymCanonicalRoughWickConstant Pphi2.asymCanonicalRoughGamma Pphi2.wickPower_two_site_pi_gaussianReal_eq_diag Pphi2.asymCanonicalRoughFieldFunctionOfSnd_eq_sum_gamma Pphi2.wickMonomial Pphi2.asymCanonicalRoughCovariance_eq_sum_gamma_mul_gamma Pphi2.asymCanonicalRoughGamma_sq_sum_eq_asymCanonicalRoughWickConstant Pphi2.AsymCanonicalMode Pphi2.asymCanonicalRoughCovariance
thm	GaussianField.latticeFourierNormSq_pos	Lattice.CirculantDFT	GaussianField.latticeFourierBasisFun GaussianField.latticeFourierNormSq_zero GaussianField.latticeFourierNormSq GaussianField.latticeFourierNormSq_eq_one GaussianField.SmoothMap_Circle.fourierFreq Lattice.toSemilatticeInf
def	Pphi2.asymCanonicalRoughWeight	Pphi2.NelsonEstimate.AsymFieldDecomposition	Pphi2.asymCanonicalEigenvalue Pphi2.AsymCanonicalMode
def	Pphi2.canonicalRoughCovariance	Pphi2.NelsonEstimate.FieldDecomposition	GaussianField.FinLatticeSites Pphi2.canonicalRoughWeight GaussianField.latticeFourierProductBasisFun GaussianField.latticeFourierProductNormSq
thm	GaussianField.fourierCoeffReal_circleReflection_zero	SmoothCircle.FourierTranslation	GaussianField.SmoothMap_Circle.instFunLike GaussianField.SmoothMap_Circle.continuous GaussianField.SmoothMap_Circle.periodic GaussianField.SmoothMap_Circle.instAddCommGroup GaussianField.SmoothMap_Circle.fourierBasisFun_smooth GaussianField.SmoothMap_Circle.fourierCoeffReal GaussianField.SmoothMap_Circle.fourierBasisFun GaussianField.circleReflection GaussianField.SmoothMap_Circle.instModule GaussianField.SmoothMap_Circle GaussianField.SmoothMap_Circle.fourierBasisFun_periodic GaussianField.SmoothMap_Circle.instTopologicalSpace
def	Pphi2.freeSingleSliceCovarianceSum	Pphi2.AsymTorus.AsymB5bSingleSlice	Pphi2.SpatialField Pphi2.freeSingleSliceCovariance
thm	GaussianField.gffMultiWickMonomial_orthogonality	GaussianField.WickMultivariate	GaussianField.gffMultiWickMonomial GaussianField.wickMonomial_inner_gaussianReal_one GaussianField.FinLatticeSites GaussianField.gffOrthonormalProj_measurable GaussianField.gffOrthonormalProj_pushforward_eq_stdGaussian GaussianField.gffOrthonormalProj GaussianField.gffOrthonormalCoord GaussianField.latticeGaussianMeasure GaussianField.Configuration GaussianField.instMeasurableSpaceConfiguration GaussianField.FinLatticeField
thm	Pphi2.gffSmearedCovariance_single_single_eq_wickConstant	Pphi2.InteractingMeasure.WickConstantBridge	GaussianField.FinLatticeSites Pphi2.gffSmearedCovariance_single_single GaussianField.gffPositionCovariance Pphi2.wickConstant Pphi2.wickConstant_eq_gffPositionCovariance GaussianField.gffSmearedCovariance
thm	GaussianField.SmoothMap_Circle.bddAbove_norm_iteratedDeriv_image	SmoothCircle.Basic	GaussianField.SmoothMap_Circle.instFunLike GaussianField.SmoothMap_Circle GaussianField.SmoothMap_Circle.continuous_iteratedDeriv Lattice.toSemilatticeInf
thm	Pphi2.chaosLE_moment_le	Pphi2.NelsonEstimate.ChaosMoment	GaussianHilbert.stdGaussianFin GaussianHilbert.wienerChaosLE Lattice.toSemilatticeInf GaussianHilbert.bonami_nelson_chaosLE
thm	Pphi2.asymCanonicalNormSq.congr_simp	Pphi2.NelsonEstimate.AsymFieldDecomposition	Pphi2.AsymCanonicalMode Pphi2.asymCanonicalNormSq
thm	Pphi2.asymTorusEmbedLift_eval_eq	Pphi2.AsymTorus.AsymTorusEmbedding	GaussianField.NuclearTensorProduct.instModuleReal GaussianField.NuclearTensorProduct.instTopologicalSpace GaussianField.FinLatticeSites GaussianField.NuclearTensorProduct.instIsTopologicalAddGroup Pphi2.asymLatticeTestFn_expand GaussianField.NuclearTensorProduct.instAddCommGroup Pphi2.evalAsymAtFinSiteGJ GaussianField.Configuration GaussianField.NuclearTensorProduct.instContinuousSMulReal GaussianField.SmoothMap_Circle Pphi2.asymLatticeTestFn Pphi2.asymTorusEmbedLift GaussianField.AsymTorusTestFunction GaussianField.FinLatticeField
struct	Pphi2.FieldDecomposition	Pphi2.NelsonEstimate.FieldDecomposition
struct	GaussianField.DyninMityaginSpace	Nuclear.DyninMityagin
thm	Pphi2.integral_sq_add_of_inner_eq_zero	Pphi2.NelsonEstimate.RoughErrorBound
def	GaussianField.latticeNorm	Lattice.Sites
thm	Pphi2.transferOperator_spectral	Pphi2.TransferMatrix.L2Operator	Pphi2.L2SpatialField Pphi2.transferOperator_isCompact Pphi2.SpatialField Pphi2.transferOperator_isSelfAdjoint GaussianField.compact_selfAdjoint_spectral Pphi2.transferOperatorCLM
thm	GaussianField.gaussian_even_moment_eq_doubleFactorial	GaussianField.HypercontractiveNat	GaussianField.gaussian_abs_moment_std
def	GaussianField.negLaplacianMatrix	Lattice.HeatKernel	GaussianField.massOperatorMatrix GaussianField.FinLatticeSites
thm	GaussianField.finiteLaplacianAsymFun.congr_simp	Lattice.AsymCovariance	GaussianField.AsymLatticeSites GaussianField.finiteLaplacianAsymFun GaussianField.AsymLatticeField
def	Pphi2.EuclideanPlaneBackground.translateComplex	Pphi2.Backgrounds.EuclideanPlane	Pphi2.EuclideanPlaneBackground.SpaceTime Pphi2.EuclideanPlaneBackground.dim Pphi2.EuclideanPlaneBackground.translationMotion Pphi2.EuclideanPlaneBackground Pphi2.EuclideanPlaneBackground.actionComplex Pphi2.EuclideanPlaneBackground.ComplexTestFunction
def	Common.QFT.Euclidean.Formulation.SpaceTime	Common.QFT.Euclidean.Formulations	Common.QFT.Euclidean.Formulation
thm	Pphi2.limit_le_of_uniform_bound	Pphi2.TorusContinuumLimit.TorusInteractingMoments	GaussianField.NuclearTensorProduct.instModuleReal GaussianField.NuclearTensorProduct.instTopologicalSpace GaussianField.NuclearTensorProduct.instIsTopologicalAddGroup GaussianField.NuclearTensorProduct.instAddCommGroup GaussianField.Configuration GaussianField.NuclearTensorProduct.instContinuousSMulReal GaussianField.SmoothMap_Circle GaussianField.instMeasurableSpaceConfiguration GaussianField.TorusTestFunction Lattice.toSemilatticeInf
thm	Pphi2.torusEmbeddedTwoPoint_le_seminorm_tight	Pphi2.TorusContinuumLimit.TorusPropagatorConvergence	Pphi2.torusEmbeddedTwoPoint_eq_lattice_second_moment GaussianField.NuclearTensorProduct.instModuleReal Pphi2.dm_basis_eq_fourierBasis GaussianField.NuclearTensorProduct.instTopologicalSpace GaussianField.DyninMityaginSpace.coeff GaussianField.latticeCovariance_GJ_eq_inv_smul_bare GaussianField.SmoothMap_Circle.instFunLike Pphi2.lattice_second_moment_eq_inner GaussianField.RapidDecaySeq.rapidDecaySeminorm Pphi2.evalTorusAtSite_basisVec GaussianField.RapidDecaySeq GaussianField.SmoothMap_Circle.fourierBasis Pphi2.torusEmbeddedTwoPoint GaussianField.covariance GaussianField.latticeCovariance GaussianField.RapidDecaySeq.val GaussianField.NuclearTensorProduct.dyninMityaginSpace GaussianField.SmoothMap_Circle.instAddCommGroup GaussianField.FinLatticeSites GaussianField.NuclearTensorProduct.instIsTopologicalAddGroup GaussianField.SmoothMap_Circle.norm_iteratedDeriv_le_sobolevSeminorm' GaussianField.circleRestriction GaussianField.DyninMityaginSpace.expansion GaussianField.latticeCovarianceGJ GaussianField.RapidDecaySeq.instSMul GaussianField.SmoothMap_Circle.instSMul GaussianField.RapidDecaySeq.basisVec GaussianField.circleSpacing_eq GaussianField.NuclearTensorProduct.instAddCommGroup GaussianField.circleRestriction_apply GaussianField.evalTorusAtSiteGJ_apply' GaussianField.latticeGaussianMeasure GaussianField.evalTorusAtSite GaussianField.SmoothMap_Circle.instModule GaussianField.SmoothMap_Circle.instContinuousSMul GaussianField.Configuration GaussianField.smoothCircle_dyninMityaginSpace GaussianField.SmoothMap_Circle.instIsTopologicalAddGroup GaussianField.DyninMityaginSpace.basis GaussianField.NuclearTensorProduct.instContinuousSMulReal GaussianField.RapidDecaySeq.instAddCommGroup GaussianField.SmoothMap_Circle GaussianField.circleSpacing GaussianField.instMeasurableSpaceConfiguration GaussianField.SmoothMap_Circle.sobolevSeminorm Pphi2.latticeTestFn Pphi2.covariance_inner_le_mass_inv_sq_norm_sq GaussianField.ell2' GaussianField.RapidDecaySeq.rapid_decay GaussianField.FinLatticeField GaussianField.SmoothMap_Circle.sobolevSeminorm_fourierBasis_le GaussianField.TorusTestFunction GaussianField.SmoothMap_Circle.instTopologicalSpace GaussianField.circlePoint Lattice.toSemilatticeInf GaussianField.circleSpacing_pos
def	GaussianField.nuclearTensorProduct_hasPointEval	Nuclear.PointEval	GaussianField.RapidDecaySeq.val GaussianField.NuclearTensorProduct GaussianField.HasPointEval
thm	Pphi2.wickMonomial_four_eq	Pphi2.InteractingMeasure.U4Derivative
thm	GaussianField.negLaplacian1d_dft_eigenvector	Lattice.CirculantDFT	GaussianField.latticeEigenvalue1d GaussianField.latticeFourierBasisFun GaussianField.negLaplacian1d_cos_eigenvalue GaussianField.FinLatticeSites GaussianField.eigenvalue_formula GaussianField.negLaplacian1d_sin_eigenvalue GaussianField.latticeEigenvalue1d_zero GaussianField.SmoothMap_Circle.fourierFreq Lattice.toSemilatticeInf GaussianField.negLaplacianMatrix
thm	GaussianField.SmoothMap_Circle.fourierCoeffReal_decay	SmoothCircle.Nuclear	GaussianField.SmoothMap_Circle.instAddCommGroup GaussianField.SmoothMap_Circle.fourierCoeffReal GaussianField.SmoothMap_Circle.instSMul GaussianField.SmoothMap_Circle.instModule GaussianField.SmoothMap_Circle GaussianField.SmoothMap_Circle.sobolevSeminorm GaussianField.SmoothMap_Circle.fourierCoeffReal_bound Lattice.toSemilatticeInf
thm	GaussianField.latticeEigenvalue.congr_simp	Lattice.Covariance	GaussianField.latticeEigenvalue
thm	Pphi2.asymSliceEquiv.congr_simp	Pphi2.AsymTorus.AsymEnergyFactorization	GaussianField.AsymLatticeSites Pphi2.SpatialField Pphi2.asymSliceEquiv GaussianField.AsymLatticeField
thm	GaussianField.paired_coeff_product_circleReflection	SmoothCircle.FourierTranslation	GaussianField.SmoothMap_Circle.instAddCommGroup GaussianField.SmoothMap_Circle.fourierCoeffReal GaussianField.circleReflection GaussianField.SmoothMap_Circle.instModule GaussianField.SmoothMap_Circle GaussianField.fourierCoeffReal_circleReflection_cos GaussianField.fourierCoeffReal_circleReflection_sin GaussianField.SmoothMap_Circle.instTopologicalSpace
def	GaussianField.periodizeLM	SchwartzNuclear.Periodization	GaussianField.periodizeSmoothCircle_add GaussianField.SmoothMap_Circle.instAddCommGroup GaussianField.SmoothMap_Circle.instModule GaussianField.SmoothMap_Circle GaussianField.periodizeSmoothCircle
thm	GaussianField.greenFunctionBilinear_sub_left	HeatKernel.Bilinear	GaussianField.DyninMityaginSpace GaussianField.HasLaplacianEigenvalues GaussianField.greenFunctionBilinear_add_left GaussianField.greenFunctionBilinear_neg_left GaussianField.greenFunctionBilinear
thm	GaussianField.asymTorus_eq_symmetric	Torus.AsymmetricTorus	GaussianField.AsymTorusTestFunction GaussianField.TorusTestFunction
thm	Pphi2.canonicalRoughError_cutoff_tail_uniform	Pphi2.NelsonEstimate.PolynomialChaosBridge	Pphi2.degreeCutoffTail Pphi2.canonicalJointMeasure Pphi2.two_div_degree_eq_inv_cutoffPower Pphi2.DynamicalCutoff.degreeDynamicalCutoffScale_pos Pphi2.DynamicalCutoff.degreeDynamicalCutoffScale Pphi2.canonicalRoughError_neg_tail_uniform_in_aN Pphi2.ChaosTailBridge.chaosTailConstant Pphi2.DynamicalCutoff.degreeCutoffPower Pphi2.canonicalRoughError Pphi2.CanonicalJoint
thm	Pphi2.asymNelson_exponential_estimate	Pphi2.AsymTorus.AsymTorusInteractingLimit	GaussianField.FinLatticeSites Pphi2.asymGeomSpacing_pos GaussianField.latticeGaussianMeasure GaussianField.Configuration Pphi2.asymGeomSpacing_sq_mul_sq GaussianField.instMeasurableSpaceConfiguration GaussianField.FinLatticeField Pphi2.interactionFunctional Pphi2.nelson_exponential_estimate_master Pphi2.asymGeomSpacing
thm	GaussianField.SmoothMap_Circle.periodic_iteratedDeriv	SmoothCircle.Basic	GaussianField.SmoothMap_Circle.instFunLike GaussianField.SmoothMap_Circle.periodic GaussianField.SmoothMap_Circle.smooth GaussianField.SmoothMap_Circle
thm	Pphi2.asymSliceFamilyTrunc_sq_integral_tendsto_linear	Pphi2.AsymTorus.AsymBridgeKLimit	Pphi2.asymSliceFamilyTrunc_measurable Pphi2.SpatialField Pphi2.asymTransferSystem Pphi2.asymSliceFamilyLinear Pphi2.asymSliceFamilyTrunc Pphi2.asymSliceObsLinear_sq_integrable_pathMeasure Pphi2.asymSliceFamilyTrunc_tendsto_linear Pphi2.asymSliceFamilyAbsLinear
def	GaussianField.resolventSymbol	Cylinder.FourierMultiplier
thm	Pphi2.ContinuumOrthogonalGroup_eq	Pphi2.Backgrounds.EuclideanPlane	Pphi2.ContinuumOrthogonalGroup
def	Lattice.ctorIdx	Mathlib.Order.Lattice	Lattice
thm	Pphi2.interactionFunctionalAsym_bounded_below	Pphi2.AsymTorus.AsymLatticeMeasure	GaussianField.AsymLatticeSites Pphi2.wickConstantAsym GaussianField.Configuration GaussianField.AsymLatticeField Pphi2.interactionFunctionalAsym GaussianField.instFintypeAsymLatticeSitesOfNeZeroNat GaussianField.asymLatticeDelta Pphi2.wickPolynomial_bounded_below Pphi2.wickPolynomial
thm	Pphi2.torus_interacting_second_moment_uniform	Pphi2.TorusContinuumLimit.TorusInteractingLimit	Pphi2.torusEmbeddedTwoPoint_eq_lattice_second_moment GaussianField.NuclearTensorProduct.instModuleReal Pphi2.partitionFunction_ge_one GaussianField.NuclearTensorProduct.instTopologicalSpace GaussianField.finLatticeField_dyninMityaginSpace Pphi2.nelson_exponential_estimate GaussianField.measure GaussianField.ell2_separableSpace Pphi2.torusEmbeddedTwoPoint GaussianField.FinLatticeSites GaussianField.NuclearTensorProduct.instIsTopologicalAddGroup Pphi2.torusEmbedLift Pphi2.partitionFunction GaussianField.latticeCovarianceGJ GaussianField.pairing_memLp Pphi2.torusEmbedLift_measurable Pphi2.interactingLatticeMeasure GaussianField.NuclearTensorProduct.instAddCommGroup GaussianField.latticeGaussianMeasure GaussianField.configuration_eval_measurable GaussianField.Configuration Pphi2.density_transfer_bound GaussianField.NuclearTensorProduct.instContinuousSMulReal GaussianField.gaussian_hypercontractive GaussianField.SmoothMap_Circle Pphi2.torusEmbeddedTwoPoint_uniform_bound GaussianField.circleSpacing GaussianField.instMeasurableSpaceConfiguration Pphi2.latticeTestFn Pphi2.torusEmbedLift_eval_eq GaussianField.ell2' Pphi2.torusInteractingMeasure GaussianField.FinLatticeField Pphi2.interactionFunctional GaussianField.TorusTestFunction Lattice.toSemilatticeInf GaussianField.circleSpacing_pos
thm	GaussianField.latticeGaussianFieldLaw_pairing_is_gaussian	GaussianField.Density	GaussianField.measurable_evalMap GaussianField.finLatticeField_dyninMityaginSpace GaussianField.measure GaussianField.ell2_separableSpace GaussianField.config_apply_eq_sum_evalMap GaussianField.evalMap GaussianField.FinLatticeSites GaussianField.latticeCovarianceGJ GaussianField.latticeGaussianFieldLaw GaussianField.measurable_sitePairing GaussianField.pairing_is_gaussian GaussianField.latticeGaussianMeasure GaussianField.Configuration GaussianField.instMeasurableSpaceConfiguration GaussianField.ell2' GaussianField.FinLatticeField
thm	Pphi2.asymTorusEmbedLiftIso.congr_simp	Pphi2.AsymTorus.AsymContinuumLimit	GaussianField.NuclearTensorProduct.instModuleReal GaussianField.NuclearTensorProduct.instTopologicalSpace GaussianField.AsymLatticeSites GaussianField.NuclearTensorProduct.instIsTopologicalAddGroup Pphi2.asymTorusEmbedLiftIso GaussianField.NuclearTensorProduct.instAddCommGroup GaussianField.Configuration GaussianField.NuclearTensorProduct.instContinuousSMulReal GaussianField.AsymLatticeField GaussianField.SmoothMap_Circle GaussianField.AsymTorusTestFunction
thm	GaussianField.gram_isSelfAdjoint'	GaussianField.NuclearSVD
thm	GaussianField.hypercontractive_1d_even	GaussianField.HypercontractiveNat	GaussianField.doubleFactorial_hypercontractive_bound GaussianField.gaussian_even_moment_pow_eq_doubleFactorial
def	Pphi2.asymTorusGeneratingFunctional	Pphi2.AsymTorus.AsymTorusOS	GaussianField.NuclearTensorProduct.instModuleReal GaussianField.NuclearTensorProduct.instTopologicalSpace GaussianField.NuclearTensorProduct.instIsTopologicalAddGroup GaussianField.NuclearTensorProduct.instAddCommGroup GaussianField.Configuration GaussianField.NuclearTensorProduct.instContinuousSMulReal GaussianField.SmoothMap_Circle GaussianField.instMeasurableSpaceConfiguration GaussianField.AsymTorusTestFunction
thm	Pphi2.massOperator_const	Pphi2.InteractingMeasure.LeadingTerm	GaussianField.FinLatticeSites GaussianField.massOperator Pphi2.finiteLaplacian_const GaussianField.finiteLaplacian GaussianField.FinLatticeField
def	Pphi2.EuclideanPlaneBackground.SpaceTime	Pphi2.Backgrounds.EuclideanPlane	Pphi2.EuclideanPlaneBackground.dim Pphi2.EuclideanPlaneBackground
thm	Pphi2.asymCanonicalRoughGamma_sq_sum_eq_asymCanonicalRoughWickConstant	Pphi2.NelsonEstimate.AsymCrossTermL2Identity	GaussianField.AsymLatticeSites Pphi2.asymCanonicalRoughWickConstant Pphi2.asymCanonicalRoughGamma Pphi2.asymCanonicalRoughCovariance_eq_sum_gamma_mul_gamma Pphi2.AsymCanonicalMode Pphi2.asymCanonicalRoughCovariance
thm	GaussianField.cylinderPositiveTime_spatialTranslation_closed	Cylinder.PositiveTime	GaussianField.NuclearTensorProduct.instModuleReal GaussianField.NuclearTensorProduct.instTopologicalSpace GaussianField.cylinderPositiveTimeSubmodule GaussianField.cylinderSpatialTranslation GaussianField.CylinderTestFunction GaussianField.NuclearTensorProduct.instIsTopologicalAddGroup GaussianField.CylinderPositiveTimeTestFunction GaussianField.NuclearTensorProduct.instAddCommGroup GaussianField.NuclearTensorProduct.instContinuousSMulReal GaussianField.SmoothMap_Circle
thm	GaussianField.sum_rawFrequency_pair_eq_sum_latticeEigenvalue1d_pair	Lattice.LatticeFourierIndexing	GaussianField.latticeEigenvalue1d GaussianField.sum_rawFrequency_eq_sum_latticeEigenvalue1d
thm	Pphi2.asymCanonicalCrossTermLinearCombo_mem_wienerChaosLE	Pphi2.NelsonEstimate.AsymRoughErrorChaosStd	Pphi2.AsymCanonicalJointSumIndex Pphi2.asymCanonicalCrossTermStd Pphi2.wienerChaosLE_mono GaussianHilbert.stdGaussianFin GaussianHilbert.wienerChaosLE Pphi2.asymCanonicalCrossTermStd_mem_wienerChaosLE Pphi2.AsymCanonicalMode
thm	Pphi2.torusContinuumMeasure_isProbability	Pphi2.TorusContinuumLimit.TorusEmbedding	GaussianField.NuclearTensorProduct.instModuleReal GaussianField.NuclearTensorProduct.instTopologicalSpace GaussianField.FinLatticeSites GaussianField.NuclearTensorProduct.instIsTopologicalAddGroup Pphi2.torusEmbedLift Pphi2.torusContinuumMeasure Pphi2.torusEmbedLift_measurable GaussianField.NuclearTensorProduct.instAddCommGroup GaussianField.latticeGaussianMeasure_isProbability GaussianField.latticeGaussianMeasure GaussianField.Configuration GaussianField.NuclearTensorProduct.instContinuousSMulReal GaussianField.SmoothMap_Circle GaussianField.circleSpacing GaussianField.instMeasurableSpaceConfiguration GaussianField.FinLatticeField GaussianField.TorusTestFunction GaussianField.circleSpacing_pos
thm	GaussianHilbert.hermiteMulti_l2_pos	GaussianHilbert.HermitePolynomials	GaussianHilbert.stdGaussianFin GaussianHilbert.hermiteMulti_orthogonality GaussianHilbert.hermiteMultiEval
thm	Pphi2.canonicalSmoothConfig_add_canonicalRoughConfig_eq_lift_sum	Pphi2.NelsonEstimate.FieldDecomposition	Pphi2.canonicalSmoothConfig GaussianField.FinLatticeSites Pphi2.canonicalRoughConfig GaussianField.Configuration Pphi2.canonicalSumFieldFunction Pphi2.canonicalRoughFieldFunction Pphi2.latticeFieldToConfig Pphi2.canonicalSmoothFieldFunction GaussianField.FinLatticeField Pphi2.CanonicalJoint
def	Pphi2.canonicalJointStdGaussianMeasurableEquiv	Pphi2.NelsonEstimate.FieldDecomposition	Pphi2.CanonicalJointSumIndex Pphi2.CanonicalJoint
thm	GaussianHilbert.ouNoise_nonneg	GaussianHilbert.OUEigenfunctions	GaussianHilbert.ouNoise
thm	GaussianField.evalMapAsymInv_apply	GaussianField.DensityAsym	GaussianField.AsymLatticeSites GaussianField.Configuration GaussianField.AsymLatticeField GaussianField.instFintypeAsymLatticeSitesOfNeZeroNat GaussianField.evalMapAsymInv
thm	Pphi2.AsymSatisfiesTorusOS.os2_timeReflection	Pphi2.AsymTorus.AsymTorusOS	GaussianField.NuclearTensorProduct.instModuleReal GaussianField.NuclearTensorProduct.instTopologicalSpace Pphi2.AsymSatisfiesTorusOS GaussianField.NuclearTensorProduct.instIsTopologicalAddGroup GaussianField.NuclearTensorProduct.instAddCommGroup Pphi2.AsymTorusOS2_TimeReflectionInvariance GaussianField.Configuration GaussianField.NuclearTensorProduct.instContinuousSMulReal GaussianField.SmoothMap_Circle GaussianField.instMeasurableSpaceConfiguration GaussianField.AsymTorusTestFunction
thm	GaussianField.latticeFullReflection_commute_heatKernel	Lattice.Symmetry	GaussianField.latticeFullReflectionMatrix GaussianField.FinLatticeSites GaussianField.latticeHeatKernelMatrix_commute GaussianField.latticeFullReflectionMatrix_commute_negLaplacian GaussianField.latticeHeatKernelMatrix
thm	GaussianField.SmoothMap_Circle.fourierCoeffReal_add	SmoothCircle.Basic	GaussianField.SmoothMap_Circle.instFunLike GaussianField.SmoothMap_Circle.continuous GaussianField.SmoothMap_Circle.instAdd GaussianField.SmoothMap_Circle.fourierBasisFun_smooth GaussianField.SmoothMap_Circle.fourierCoeffReal GaussianField.SmoothMap_Circle.fourierBasisFun GaussianField.SmoothMap_Circle
def	GaussianField.nuclearTensorProduct_mapCLM	Nuclear.TensorProductFunctorAxioms	GaussianField.DyninMityaginSpace GaussianField.NuclearTensorProduct.instModuleReal GaussianField.NuclearTensorProduct.instTopologicalSpace GaussianField.RapidDecaySeq GaussianField.RapidDecaySeq.instModule GaussianField.NuclearTensorProduct GaussianField.NuclearTensorProduct.instAddCommGroup GaussianField.RapidDecaySeq.instAddCommGroup
thm	GaussianField.resolventSymbol_hasTemperateGrowth	Cylinder.FourierMultiplier	GaussianField.resolventSymbol Lattice.toSemilatticeInf
thm	Pphi2.bareMassParameter_positive	Pphi2.Main
thm	Pphi2.AsymSatisfiesTorusOS.os1	Pphi2.AsymTorus.AsymTorusOS	GaussianField.NuclearTensorProduct.instModuleReal GaussianField.NuclearTensorProduct.instTopologicalSpace Pphi2.AsymSatisfiesTorusOS GaussianField.NuclearTensorProduct.instIsTopologicalAddGroup Pphi2.AsymTorusOS1_Regularity GaussianField.NuclearTensorProduct.instAddCommGroup GaussianField.Configuration GaussianField.NuclearTensorProduct.instContinuousSMulReal GaussianField.SmoothMap_Circle GaussianField.instMeasurableSpaceConfiguration GaussianField.AsymTorusTestFunction
def	GaussianField.NuclearTensorProduct	Nuclear.NuclearTensorProduct	GaussianField.RapidDecaySeq
thm	Pphi2.interactingLatticeMeasure_expectation_configEuclideanTimeShift	Pphi2.OSProofs.OS2_WardIdentity	Pphi2.latticeTranslation GaussianField.FinLatticeSites GaussianField.latticeTranslation Pphi2.latticeConfigEuclideanTimeShift Pphi2.interactingLatticeMeasure GaussianField.Configuration Pphi2.latticeMeasure_translation_invariant Pphi2.latticeEuclideanTimeShift GaussianField.instMeasurableSpaceConfiguration GaussianField.FinLatticeField
thm	Pphi2.LatticeBridge.bridgeAxiom_of_setup_real	Pphi2.NelsonEstimate.LatticeBridge	GaussianField.FinLatticeSites Pphi2.LatticeBridge.LatticeRoughErrorSetup.ψ Pphi2.LatticeBridge.LatticeRoughErrorSetup GaussianField.latticeGaussianMeasure Pphi2.LatticeBridge.bridgeAxiom_of_setup GaussianField.Configuration GaussianField.instMeasurableSpaceConfiguration Pphi2.LatticeBridge.LatticeRoughErrorSetup.hV_meas Pphi2.LatticeBridge.LatticeRoughErrorSetup.hintegral GaussianField.FinLatticeField Pphi2.interactionFunctional Lattice.toSemilatticeInf
thm	GaussianField.torusGreen_uniform_bound	Cylinder.MethodOfImages	GaussianField.greenFunctionBilinear_le GaussianField.l2InnerProduct GaussianField.NuclearTensorProduct.instModuleReal GaussianField.NuclearTensorProduct.instTopologicalSpace GaussianField.asymTorusContinuumGreen GaussianField.embed_l2_uniform_bound GaussianField.circleHasLaplacianEigenvalues GaussianField.NuclearTensorProduct.dyninMityaginSpace GaussianField.SmoothMap_Circle.instAddCommGroup GaussianField.CylinderTestFunction GaussianField.NuclearTensorProduct.instIsTopologicalAddGroup GaussianField.tensorProductHasLaplacianEigenvalues GaussianField.NuclearTensorProduct.instAddCommGroup GaussianField.cylinderToTorusEmbed GaussianField.SmoothMap_Circle.instModule GaussianField.SmoothMap_Circle.instContinuousSMul GaussianField.smoothCircle_dyninMityaginSpace GaussianField.SmoothMap_Circle.instIsTopologicalAddGroup GaussianField.NuclearTensorProduct.instContinuousSMulReal GaussianField.SmoothMap_Circle GaussianField.AsymTorusTestFunction GaussianField.SmoothMap_Circle.instTopologicalSpace GaussianField.greenFunctionBilinear
thm	GaussianField.periodize_summable	SchwartzNuclear.Periodization	Lattice.toSemilatticeInf
def	GaussianField.latticeFourierBasis	Lattice.CirculantDFT	GaussianField.latticeFourierBasisFun GaussianField.latticeFourierBasisFun_linearIndependent
def	GaussianField.RapidDecaySeq.coeffCLM	Nuclear.NuclearTensorProduct	GaussianField.RapidDecaySeq GaussianField.RapidDecaySeq.instModule GaussianField.RapidDecaySeq.coeffLM GaussianField.RapidDecaySeq.instAddCommGroup GaussianField.RapidDecaySeq.instTopologicalSpace
thm	GaussianField.fkg_from_lattice_condition_nonneg	Lattice.FKG	GaussianField.FKGLatticeCondition GaussianField.ahlswede_daykin
thm	Pphi2.wickPolynomial_zero_variance	Pphi2.WickOrdering.WickPolynomial	Pphi2.wickMonomial Pphi2.wickMonomial_zero_variance Pphi2.wickPolynomial
axiom	Pphi2.continuum_exponential_moment_bound	Pphi2.ContinuumLimit.AxiomInheritance	Pphi2.EuclideanPlaneBackground.SpaceTime Pphi2.FieldConfig2 Pphi2.EuclideanPlaneBackground.RealTestFunction Pphi2.planeBackground Pphi2.EuclideanPlaneBackground.dim Pphi2.IsPphi2Limit GaussianField.instMeasurableSpaceConfiguration Pphi2.continuumGreenBilinear Pphi2.TestFunction2
thm	GaussianField.cylinderTimeReflection_involution	Cylinder.Symmetry	GaussianField.NuclearTensorProduct.instModuleReal GaussianField.NuclearTensorProduct.instTopologicalSpace GaussianField.nuclearTensorProduct_mapCLM_comp GaussianField.nuclearTensorProduct_mapCLM_id GaussianField.nuclearTensorProduct_mapCLM GaussianField.schwartz_dyninMityaginSpace_1D GaussianField.SmoothMap_Circle.instAddCommGroup GaussianField.CylinderTestFunction GaussianField.NuclearTensorProduct GaussianField.NuclearTensorProduct.instAddCommGroup GaussianField.smoothCircle_hasBiorthogonalBasis GaussianField.cylinderTimeReflection GaussianField.SmoothMap_Circle.instModule GaussianField.SmoothMap_Circle.instContinuousSMul GaussianField.smoothCircle_dyninMityaginSpace GaussianField.SmoothMap_Circle.instIsTopologicalAddGroup GaussianField.SmoothMap_Circle GaussianField.schwartzReflection_involution GaussianField.schwartzReflection GaussianField.SmoothMap_Circle.instTopologicalSpace GaussianField.schwartz_hasBiorthogonalBasis_1D
thm	GaussianField.derivSC_smul	SmoothCircle.Laplacian	GaussianField.SmoothMap_Circle.instFunLike GaussianField.SmoothMap_Circle.ext GaussianField.SmoothMap_Circle.instSMul GaussianField.derivSC GaussianField.SmoothMap_Circle.contDiffAt_of_smooth GaussianField.SmoothMap_Circle
thm	GaussianField.circleRestrictionGJ_eq	SmoothCircle.Restriction	GaussianField.SmoothMap_Circle.instFunLike GaussianField.SmoothMap_Circle.instAddCommGroup GaussianField.circleRestrictionGJ GaussianField.SmoothMap_Circle.instModule GaussianField.SmoothMap_Circle GaussianField.circleSpacing GaussianField.circleRestrictionGJ_apply GaussianField.SmoothMap_Circle.instTopologicalSpace GaussianField.circlePoint
thm	Pphi2.schwartzIm_complex_smul	Pphi2.EuclideanComplex	Pphi2.EuclideanPlaneBackground.SpaceTime Pphi2.EuclideanPlaneBackground.RealTestFunction Pphi2.EuclideanPlaneBackground.dim Pphi2.EuclideanOS.schwartzIm Pphi2.EuclideanOS.schwartzRe Pphi2.EuclideanPlaneBackground Pphi2.EuclideanPlaneBackground.ComplexTestFunction
thm	GaussianField.massEigenbasisAsym_quadratic_sum_reprSymm_ofLp	GaussianField.DensityAsym	GaussianField.massEigenbasisAsym_coeff_reprSymm_ofLp GaussianField.AsymLatticeSites GaussianField.massEigenvectorBasisAsym GaussianField.massEigenvaluesAsym GaussianField.instFintypeAsymLatticeSitesOfNeZeroNat
thm	Pphi2.freeSingleSliceCovariance_smul	Pphi2.AsymTorus.AsymB5bSingleSlice	GaussianField.AsymLatticeSites GaussianField.covariance Pphi2.SpatialField Pphi2.freeSingleSliceCovariance GaussianField.AsymLatticeField GaussianField.latticeCovarianceAsymGJ Pphi2.singleSliceLatticeField Pphi2.singleSliceLatticeField_smul GaussianField.ell2'
def	Pphi2.TorusOS0_Analyticity	Pphi2.TorusContinuumLimit.TorusOSAxioms	GaussianField.NuclearTensorProduct.instModuleReal GaussianField.NuclearTensorProduct.instTopologicalSpace GaussianField.NuclearTensorProduct.instIsTopologicalAddGroup GaussianField.NuclearTensorProduct.instAddCommGroup GaussianField.Configuration GaussianField.NuclearTensorProduct.instContinuousSMulReal GaussianField.SmoothMap_Circle GaussianField.instMeasurableSpaceConfiguration Pphi2.torusGeneratingFunctionalℂ GaussianField.TorusTestFunction
def	Pphi2.EuclideanTimeStructure.timeShift	Pphi2.Backgrounds.EuclideanTime	Pphi2.EuclideanPlaneBackground.SpaceTime Pphi2.EuclideanTimeStructure.timeTranslation Pphi2.EuclideanPlaneBackground.dim Pphi2.EuclideanPlaneBackground Pphi2.EuclideanTimeStructure
thm	Pphi2.wickMonomial_add_sub_self	Pphi2.NelsonEstimate.WickBinomial	Pphi2.wickMonomial Pphi2.wickMonomial_add_binomial
thm	Pphi2.moment_hasDerivAt	Pphi2.InteractingMeasure.MomentDerivative	Pphi2.interactionFunctional_eq_single Pphi2.interactionFunctional_bounded_below GaussianField.FinLatticeSites Pphi2.interactionFunctional_measurable Pphi2.integrable_powMul_interaction Pphi2.integrable_pow_pairing GaussianField.latticeGaussianMeasure GaussianField.configuration_eval_measurable GaussianField.Configuration Pphi2.wickConstant GaussianField.instMeasurableSpaceConfiguration GaussianField.FinLatticeField Pphi2.interactionFunctional Lattice.toSemilatticeInf Pphi2.wickPolynomial
thm	Pphi2.asymTransferOperatorCLM_pow_norm_le_of_perp	Pphi2.AsymTorus.AsymTraceBridge	Pphi2.asymTransferNormalized Pphi2.L2SpatialField Pphi2.SpatialField Pphi2.asymGroundVector Pphi2.asymTransferGroundEigenvalue_pos Pphi2.asymTransferGroundEigenvalue Pphi2.asymTransferOperatorCLM_eq_smul_normalized Pphi2.asymGappedTransfer Pphi2.asymTransferOperatorCLM
def	Pphi2.smoothWickConstant	Pphi2.NelsonEstimate.CovarianceSplit	GaussianField.FinLatticeSites Pphi2.smoothCovEigenvalue
thm	Pphi2.TransferGroundExcitedData.h_eigen	Pphi2.TransferMatrix.Positivity	Pphi2.L2SpatialField Pphi2.SpatialField Pphi2.TransferGroundExcitedData Pphi2.TransferGroundExcitedData.eigenval Pphi2.TransferGroundExcitedData.b Pphi2.transferOperatorCLM Pphi2.TransferGroundExcitedData.ι
thm	GaussianField.cylinderMassOperator_spatialTranslation_equivariant	Cylinder.GreenFunction	GaussianField.NuclearTensorProduct.instModuleReal GaussianField.NuclearTensorProduct.instTopologicalSpace GaussianField.cylinderSpatialTranslation GaussianField.CylinderTestFunction GaussianField.cylinderSpatialTranslationSym GaussianField.NuclearTensorProduct.instAddCommGroup GaussianField.cylinderMassOperator GaussianField.SmoothMap_Circle GaussianField.cylinderMassOperator_equivariant GaussianField.ell2'
thm	Pphi2.asymTorusInteractingMeasure_gf_latticeTranslation_invariant	Pphi2.AsymTorus.AsymTorusOS	Pphi2.asymTorusInteractingMeasure GaussianField.NuclearTensorProduct.instModuleReal GaussianField.NuclearTensorProduct.instTopologicalSpace Pphi2.evalAsymAtFinSiteGJ_apply GaussianField.FinLatticeSites GaussianField.NuclearTensorProduct.instIsTopologicalAddGroup GaussianField.asymTorusTranslation Pphi2.interactingLatticeMeasure GaussianField.translateSites Pphi2.asymTorusEmbedLift_eval_eq Pphi2.asymGeomSpacing_pos GaussianField.NuclearTensorProduct.instAddCommGroup Pphi2.evalAsymAtFinSite Pphi2.asymTorusEmbedLift_measurable Pphi2.evalAsymAtFinSiteGJ Pphi2.asymTorusGeneratingFunctional GaussianField.configuration_eval_measurable GaussianField.Configuration Pphi2.asymTorusInteractingMeasure_isProbability GaussianField.NuclearTensorProduct.instContinuousSMulReal GaussianField.SmoothMap_Circle GaussianField.circleSpacing Pphi2.asymLatticeTestFn GaussianField.instMeasurableSpaceConfiguration Pphi2.asymTorusEmbedLift GaussianField.AsymTorusTestFunction GaussianField.FinLatticeField Pphi2.asymGeomSpacing
thm	Pphi2.boltzmannWeight_pos	Pphi2.InteractingMeasure.LatticeMeasure	GaussianField.FinLatticeSites GaussianField.Configuration Pphi2.boltzmannWeight GaussianField.FinLatticeField Pphi2.interactionFunctional
thm	GaussianField.doubleFactorial_hypercontractive_bound	GaussianField.HypercontractiveNat
def	GaussianField.periodizeFun	SchwartzNuclear.Periodization
thm	Pphi2.torusContinuumGreen.congr_simp	Pphi2.TorusContinuumLimit.TorusPropagatorConvergence	Pphi2.torusContinuumGreen GaussianField.TorusTestFunction
def	Pphi2.asymSliceObsTruncMulCLM	Pphi2.AsymTorus.AsymObsTrunc	Pphi2.L2SpatialField Pphi2.asymSliceObsTrunc_measurable Pphi2.SpatialField Pphi2.asymSliceObsTrunc
thm	GaussianField.gffOrthonormalProj.congr_simp	GaussianField.WickMultivariate	GaussianField.FinLatticeSites GaussianField.gffOrthonormalProj GaussianField.Configuration GaussianField.FinLatticeField
def	GaussianField.torusConfigTranslation	Torus.Symmetry	GaussianField.NuclearTensorProduct.instModuleReal GaussianField.NuclearTensorProduct.instTopologicalSpace GaussianField.NuclearTensorProduct.instIsTopologicalAddGroup GaussianField.NuclearTensorProduct.instAddCommGroup GaussianField.torusTranslation GaussianField.Configuration GaussianField.NuclearTensorProduct.instContinuousSMulReal GaussianField.SmoothMap_Circle GaussianField.TorusTestFunction
def	GaussianHilbert.stdGaussianFin	GaussianHilbert.HermitePolynomials
thm	GaussianField.NuclearTensorProduct.evalCLM_pure	Nuclear.NuclearTensorProduct	GaussianField.DyninMityaginSpace GaussianField.NuclearTensorProduct.instModuleReal GaussianField.NuclearTensorProduct.instTopologicalSpace GaussianField.NuclearTensorProduct.lift_pure GaussianField.DyninMityaginSpace.ι GaussianField.NuclearTensorProduct GaussianField.NuclearTensorProduct.instAddCommGroup GaussianField.NuclearTensorProduct.pure GaussianField.NuclearTensorProduct.lift GaussianField.DyninMityaginSpace.p GaussianField.NuclearTensorProduct.evalCLM
thm	Pphi2.wickMonomial_zero	Pphi2.WickOrdering.WickPolynomial	Pphi2.wickMonomial
thm	Pphi2.EuclideanOS.SatisfiesFullOS.os4_clustering	Pphi2.EuclideanOS	Pphi2.EuclideanPlaneBackground.SpaceTime Pphi2.EuclideanPlaneBackground.RealTestFunction Pphi2.EuclideanOS.SatisfiesFullOS Pphi2.EuclideanOS.OS4_Clustering Pphi2.EuclideanPlaneBackground.dim Pphi2.EuclideanPlaneBackground Pphi2.EuclideanTimeStructure GaussianField.instMeasurableSpaceConfiguration Pphi2.EuclideanPlaneBackground.Distribution
def	Pphi2.partitionFn	Pphi2.InteractingMeasure.U4DerivativeClosedForm	GaussianField.FinLatticeSites GaussianField.latticeGaussianMeasure GaussianField.Configuration GaussianField.instMeasurableSpaceConfiguration GaussianField.FinLatticeField Pphi2.interactionFunctional
thm	Pphi2.evalAsymAtFinSite.congr_simp	Pphi2.AsymTorus.AsymTorusEmbedding	GaussianField.NuclearTensorProduct.instModuleReal GaussianField.NuclearTensorProduct.instTopologicalSpace GaussianField.FinLatticeSites GaussianField.NuclearTensorProduct.instAddCommGroup Pphi2.evalAsymAtFinSite GaussianField.SmoothMap_Circle GaussianField.AsymTorusTestFunction
def	GaussianField.RapidDecaySeq.rapidDecaySeminorm	Nuclear.NuclearTensorProduct	GaussianField.RapidDecaySeq GaussianField.RapidDecaySeq.val GaussianField.RapidDecaySeq.instSMul GaussianField.RapidDecaySeq.instAddCommGroup
thm	Pphi2.asymLatticeTestFnIso_expand	Pphi2.AsymTorus.AsymTorusEmbeddingIso	GaussianField.AsymLatticeSites Pphi2.asymLatticeTestFnIso GaussianField.AsymLatticeField GaussianField.instFintypeAsymLatticeSitesOfNeZeroNat GaussianField.asymLatticeDelta GaussianField.AsymTorusTestFunction
def	Pphi2.latticeSchwinger2	Pphi2.InteractingMeasure.LatticeMeasure	GaussianField.finLatticeDelta GaussianField.FinLatticeSites Pphi2.interactingLatticeMeasure GaussianField.Configuration GaussianField.instMeasurableSpaceConfiguration GaussianField.FinLatticeField
thm	Lattice.inf_le_left	Mathlib.Order.Lattice	Lattice Lattice.toSemilatticeSup Lattice.inf
thm	Pphi2.roughCovEigenvalue_le_inv	Pphi2.NelsonEstimate.CovarianceSplit	Pphi2.roughCovEigenvalue GaussianField.latticeEigenvalue_pos GaussianField.latticeEigenvalue
thm	Pphi2.roughVariance_from_heat_kernel	Pphi2.NelsonEstimate.HeatKernelBound	GaussianField.latticeEigenvalue_eq Pphi2.roughCovEigenvalue GaussianField.FinLatticeSites GaussianField.latticeLaplacianEigenvalue GaussianField.latticeLaplacianEigenvalue_nonneg Pphi2.roughCovEigenvalue_pos Pphi2.roughCovEigenvalue_le_T GaussianField.latticeEigenvalue Pphi2.roughCovEigenvalue_le_inv
thm	Pphi2.embeddedTwoPoint.congr_simp	Pphi2.GaussianContinuumLimit.EmbeddedCovariance	Pphi2.embeddedTwoPoint Pphi2.ContinuumTestFunction
thm	GaussianField.integral_empty_pi	Lattice.FKG
thm	GaussianField.RapidDecaySeq.rapidDecay_t1Space	Nuclear.NuclearTensorProduct	GaussianField.RapidDecaySeq.rapidDecaySeminorm GaussianField.RapidDecaySeq GaussianField.RapidDecaySeq.val GaussianField.RapidDecaySeq.instSMul GaussianField.RapidDecaySeq.instModule GaussianField.RapidDecaySeq.ext GaussianField.RapidDecaySeq.instAddCommGroup GaussianField.RapidDecaySeq.instTopologicalSpace GaussianField.RapidDecaySeq.weight_nonneg GaussianField.RapidDecaySeq.rapidDecay_withSeminorms GaussianField.RapidDecaySeq.rapid_decay Lattice.toSemilatticeInf
thm	Pphi2.asymSliceFamilyLinear_eq_slicePairing	Pphi2.AsymTorus.AsymBridgeKLimit	Pphi2.asymSliceObsLinear GaussianField.AsymLatticeSites Pphi2.SpatialField Pphi2.asymSliceEquiv Pphi2.asymSliceFamilyLinear GaussianField.AsymLatticeField Pphi2.slicePairing
thm	Pphi2.finite_indexed_wick_sum_mem_wienerChaosLE	Pphi2.NelsonEstimate.RoughErrorBound	GaussianHilbert.MultiIndex.totalDegree Pphi2.multiWickMonomial_eq_hermiteMultiEval GaussianHilbert.hermiteMultiLp_coeFn Pphi2.wickMonomial GaussianHilbert.stdGaussianFin GaussianHilbert.wienerChaos GaussianHilbert.wienerChaosLE GaussianHilbert.hermiteMultiLp GaussianHilbert.hermiteMultiEval GaussianHilbert.hermiteMultiLp_mem_wienerChaos
def	Pphi2.TransferGroundExcitedData.ι	Pphi2.TransferMatrix.Positivity	Pphi2.TransferGroundExcitedData
def	Pphi2.continuumGreenBilinear	Pphi2.GaussianContinuumLimit.EmbeddedCovariance	Pphi2.EuclideanPlaneBackground.SpaceTime Pphi2.planeBackground Pphi2.EuclideanPlaneBackground.dim Pphi2.ContinuumTestFunction
thm	Pphi2.smoothVariance_from_heat_kernel	Pphi2.NelsonEstimate.HeatKernelBound	GaussianField.latticeEigenvalue_eq GaussianField.FinLatticeSites GaussianField.latticeLaplacianEigenvalue GaussianField.latticeLaplacianEigenvalue_nonneg GaussianField.latticeEigenvalue_pos Pphi2.smoothCovEigenvalue GaussianField.latticeEigenvalue Lattice.toSemilatticeInf
def	Common.QFT.Euclidean.SchwingerFormulation.instTopologicalSpaceComplexTestFunction	Common.QFT.Euclidean.Formulations	Common.QFT.Euclidean.Formulation.ComplexTestFunction Common.QFT.Euclidean.SchwingerFormulation.toFormulation Common.QFT.Euclidean.SchwingerFormulation
def	GaussianField.gffOrthonormalCoord	GaussianField.StandardGaussianBridge	GaussianField.FinLatticeSites GaussianField.Configuration GaussianField.massEigenvalues GaussianField.massEigenvectorBasis GaussianField.FinLatticeField
thm	Pphi2.exists_uniform_neg_of_uniform_affine_bound	Pphi2.InteractingMeasure.UniformBounds	Pphi2.deriv_affine_bound_neg
thm	Pphi2.interactingLatticeMeasure_symmetry_invariant	Pphi2.TorusContinuumLimit.TorusInteractingOS	GaussianField.finLatticeDelta GaussianField.evalMap GaussianField.FinLatticeSites Pphi2.partitionFunction GaussianField.gaussianDensityMeasure GaussianField.evalMapMeasurableEquiv Pphi2.interactionFunctional_measurable GaussianField.gaussianDensityNormConst Pphi2.interactingLatticeMeasure GaussianField.latticeGaussianFieldLaw GaussianField.gaussianDensity.congr_simp GaussianField.latticeGaussianFieldLaw_eq_normalizedGaussianDensityMeasure GaussianField.latticeGaussianMeasure GaussianField.gaussianDensityWeight_measurable GaussianField.Configuration GaussianField.gaussianDensityWeight Pphi2.wickConstant GaussianField.circleSpacing GaussianField.instMeasurableSpaceConfiguration GaussianField.normalizedGaussianDensityMeasure Pphi2.boltzmannWeight GaussianField.gaussianDensity GaussianField.FinLatticeField Pphi2.interactionFunctional Pphi2.wickPolynomial
thm	GaussianField.SmoothMap_Circle.instIsTopologicalAddGroup	SmoothCircle.Basic	GaussianField.SmoothMap_Circle.smoothCircle_withSeminorms GaussianField.SmoothMap_Circle.instAddCommGroup GaussianField.SmoothMap_Circle.instModule GaussianField.SmoothMap_Circle GaussianField.SmoothMap_Circle.sobolevSeminorm GaussianField.SmoothMap_Circle.instTopologicalSpace
thm	Pphi2.mass_reparametrization_exists	Pphi2.Main	Pphi2.EuclideanPlaneBackground.SpaceTime Pphi2.FieldConfig2 Pphi2.mass_reparametrization_invariance Pphi2.EuclideanPlaneBackground.RealTestFunction Pphi2.planeBackground Pphi2.pphi2_limit_exists Pphi2.EuclideanPlaneBackground.dim Pphi2.IsPphi2Limit GaussianField.Configuration GaussianField.instMeasurableSpaceConfiguration Pphi2.ContinuumTestFunction
thm	Pphi2.canonicalFullInteractionJoint_moment_le	Pphi2.NelsonEstimate.RoughErrorBound	Pphi2.canonicalJointMeasure Pphi2.canonicalJointStdGaussianMeasurableEquiv Pphi2.canonicalFullInteractionJoint GaussianHilbert.stdGaussianFin GaussianHilbert.wienerChaosLE Pphi2.CanonicalJointSumIndex Pphi2.canonicalJointMeasure_map_stdGaussian Pphi2.chaosLE_moment_le Pphi2.CanonicalJoint
thm	GaussianField.dft_parseval_family	Lattice.LatticeFourierProduct	GaussianField.FinLatticeSites GaussianField.latticeFourierProductCoeff GaussianField.latticeFourierProductNormSq
thm	Pphi2.covariance_inner_le_mass_inv_sq_norm_sq	Pphi2.TorusContinuumLimit.TorusPropagatorConvergence	GaussianField.latticeCovariance GaussianField.FinLatticeSites GaussianField.massEigenbasis_sum_mul_sum_eq_site_inner GaussianField.spectralLatticeCovariance_norm_sq Pphi2.massEigenvalues_ge_mass_sq GaussianField.massEigenvalues GaussianField.spectralLatticeCovariance GaussianField.massEigenvectorBasis GaussianField.ell2' GaussianField.FinLatticeField Lattice.toSemilatticeInf
def	Pphi2.canonicalFullInteractionJoint	Pphi2.NelsonEstimate.RoughErrorBound	GaussianField.FinLatticeSites Pphi2.canonicalSumFieldFunction Pphi2.wickConstant Pphi2.wickPolynomial Pphi2.CanonicalJoint
thm	Pphi2.slicePairing.congr_simp	Pphi2.AsymTorus.AsymBridgeKLimit	Pphi2.SpatialField GaussianField.AsymLatticeField Pphi2.slicePairing
def	Pphi2.rotationCFDefect	Pphi2.OSProofs.OS2_WardIdentity	Pphi2.EuclideanPlaneBackground.SpaceTime Pphi2.generatingFunctional Pphi2.planeBackground Pphi2.EuclideanPlaneBackground.dim Pphi2.continuumMeasure Pphi2.TestFunction2 Pphi2.euclideanAction2 Pphi2.O2
thm	GaussianField.RapidDecaySeq.instIsTopologicalAddGroup	Nuclear.NuclearTensorProduct	GaussianField.RapidDecaySeq.rapidDecaySeminorm GaussianField.RapidDecaySeq GaussianField.RapidDecaySeq.instModule GaussianField.RapidDecaySeq.instAddCommGroup GaussianField.RapidDecaySeq.instTopologicalSpace GaussianField.RapidDecaySeq.rapidDecay_withSeminorms
def	Pphi2.TransferGroundExcitedData.b	Pphi2.TransferMatrix.Positivity	Pphi2.L2SpatialField Pphi2.SpatialField Pphi2.TransferGroundExcitedData Pphi2.TransferGroundExcitedData.ι
thm	GaussianField.sin_zmod_pred	Lattice.CirculantDFT	Lattice.toSemilatticeInf
struct	GaussianField.SmoothMap_Circle	SmoothCircle.Basic
thm	GaussianField.heatWeight_add	SmoothCircle.HeatSemigroup	GaussianField.circleHasLaplacianEigenvalues GaussianField.SmoothMap_Circle.instAddCommGroup GaussianField.heatWeight GaussianField.HasLaplacianEigenvalues.eigenvalue GaussianField.SmoothMap_Circle.instModule GaussianField.SmoothMap_Circle.instContinuousSMul GaussianField.smoothCircle_dyninMityaginSpace GaussianField.SmoothMap_Circle.instIsTopologicalAddGroup GaussianField.SmoothMap_Circle GaussianField.SmoothMap_Circle.instTopologicalSpace
def	GaussianField.cylinderConfigSpatialTranslation	Cylinder.Symmetry	GaussianField.NuclearTensorProduct.instModuleReal GaussianField.NuclearTensorProduct.instTopologicalSpace GaussianField.cylinderSpatialTranslation GaussianField.CylinderTestFunction GaussianField.NuclearTensorProduct.instIsTopologicalAddGroup GaussianField.NuclearTensorProduct.instAddCommGroup GaussianField.Configuration GaussianField.NuclearTensorProduct.instContinuousSMulReal GaussianField.SmoothMap_Circle
thm	Common.QFT.Euclidean.ReconstructionInput.hypothesis	Common.QFT.Euclidean.Formulations	Common.QFT.Euclidean.ReconstructionHypothesis Common.QFT.Euclidean.ReconstructionInput.schwingerModel Common.QFT.Euclidean.ReconstructionInput Common.QFT.Euclidean.SchwingerFormulation
thm	Pphi2.asymCanonicalRoughCovariance.congr_simp	Pphi2.NelsonEstimate.AsymCovarianceBoundsGJ	GaussianField.AsymLatticeSites Pphi2.asymCanonicalRoughCovariance
thm	GaussianField.resolventMultiplierCLM_translation_comm	Cylinder.FourierMultiplier	GaussianField.realFourierMultiplierCLM_translation_comm GaussianField.resolventSymbol_hasTemperateGrowth GaussianField.resolventMultiplierCLM GaussianField.schwartzTranslation GaussianField.resolventSymbol
def	Pphi2.IsRP	Pphi2.OSProofs.OS3_RP_Inheritance
def	Common.QFT.Euclidean.SchwingerFormulation.toFormulation	Common.QFT.Euclidean.Formulations	Common.QFT.Euclidean.Formulation Common.QFT.Euclidean.SchwingerFormulation
def	GaussianField.spectralCLM	HeatKernel.Axioms	GaussianField.DyninMityaginSpace GaussianField.DyninMityaginSpace.coeff GaussianField.ell2' GaussianField.IsBoundedSeq
def	Pphi2.asymCanonicalRoughError	Pphi2.NelsonEstimate.AsymCovarianceBoundsGJ	Pphi2.asymCanonicalFullInteractionJoint Pphi2.AsymCanonicalJoint Pphi2.asymCanonicalSmoothInteraction
thm	Pphi2.asymCanonicalRoughFieldFunction_memLp_two	Pphi2.NelsonEstimate.AsymFieldDecomposition	GaussianField.AsymLatticeSites Pphi2.asymCanonicalRoughModeCoeff Pphi2.AsymCanonicalJoint Pphi2.asymCanonicalRoughFieldFunction Pphi2.asymCanonicalJointMeasure Pphi2.AsymCanonicalMode
thm	Pphi2.EuclideanOS.SatisfiesFullOS.os0	Pphi2.EuclideanOS	Pphi2.EuclideanPlaneBackground.SpaceTime Pphi2.EuclideanPlaneBackground.RealTestFunction Pphi2.EuclideanOS.SatisfiesFullOS Pphi2.EuclideanPlaneBackground.dim Pphi2.EuclideanPlaneBackground Pphi2.EuclideanTimeStructure GaussianField.instMeasurableSpaceConfiguration Pphi2.EuclideanOS.OS0_Analyticity Pphi2.EuclideanPlaneBackground.Distribution
def	Pphi2.PositiveTimeTestFunction2	Pphi2.Backgrounds.EuclideanPlane2D	Pphi2.EuclideanPlaneBackground.SpaceTime Pphi2.planeBackground Pphi2.EuclideanPlaneBackground.dim Pphi2.positiveTimeSubmodule2 Pphi2.TestFunction2
thm	Pphi2.sub_min_le_sq_div	Pphi2.TorusContinuumLimit.TorusInteractingMoments	Lattice.toSemilatticeInf
thm	GaussianField.evalMapInv_evalMap	GaussianField.Density	GaussianField.config_apply_eq_sum_evalMap GaussianField.evalMap GaussianField.FinLatticeSites GaussianField.evalMapInv GaussianField.Configuration GaussianField.FinLatticeField
thm	GaussianField.gross_log_sobolev	GaussianField.Hypercontractive	GaussianField.DyninMityaginSpace GaussianField.log_sobolev_1d GaussianField.measure GaussianField.second_moment_eq_covariance GaussianField.pairing_memLp GaussianField.pairing_is_gaussian GaussianField.configuration_eval_measurable GaussianField.Configuration GaussianField.instMeasurableSpaceConfiguration Lattice.toSemilatticeInf
thm	Lattice.ext	Mathlib.Order.Lattice	Lattice Lattice.toSemilatticeSup Lattice.inf_le_left Lattice.le_inf Lattice.inf Lattice.toSemilatticeInf Lattice.inf_le_right
def	GaussianHilbert.ouScale	GaussianHilbert.OUEigenfunctions
thm	Pphi2.canonicalFullInteractionJoint_eq_interactionFunctional	Pphi2.NelsonEstimate.RoughErrorBound	Pphi2.canonicalSumConfig GaussianField.finLatticeDelta GaussianField.FinLatticeSites Pphi2.canonicalSumConfig_apply_delta Pphi2.canonicalFullInteractionJoint GaussianField.Configuration Pphi2.canonicalSumFieldFunction Pphi2.wickConstant GaussianField.FinLatticeField Pphi2.interactionFunctional Pphi2.wickPolynomial Pphi2.CanonicalJoint
thm	GaussianField.periodizeCLM_comp_schwartzTranslation	SchwartzNuclear.Periodization	GaussianField.circleTranslation GaussianField.SmoothMap_Circle.instFunLike GaussianField.SmoothMap_Circle.ext GaussianField.periodizeCLM_apply GaussianField.SmoothMap_Circle.instAddCommGroup GaussianField.periodizeCLM GaussianField.SmoothMap_Circle.toFun GaussianField.SmoothMap_Circle.instModule GaussianField.SmoothMap_Circle GaussianField.schwartzTranslation GaussianField.SmoothMap_Circle.instTopologicalSpace
def	GaussianField.latticeFourierBasisFun	Lattice.HeatKernelConvergence1d
thm	Pphi2.field_pow_le_second_pow	Pphi2.InteractingMeasure.InteractionVariance	GaussianField.finLatticeField_dyninMityaginSpace GaussianField.measure GaussianField.ell2_separableSpace GaussianField.FinLatticeSites GaussianField.latticeCovarianceGJ GaussianField.latticeGaussianMeasure GaussianField.Configuration GaussianField.gaussian_hypercontractive GaussianField.instMeasurableSpaceConfiguration GaussianField.ell2' GaussianField.FinLatticeField
thm	GaussianField.schwartzTranslation_add	Cylinder.Symmetry	GaussianField.schwartzTranslation
thm	Pphi2.fkg_interacting	Pphi2.InteractingMeasure.Normalization	GaussianField.fkg_perturbed Pphi2.interactionFunctional_single_site GaussianField.finLatticeDelta GaussianField.FinLatticeSites Pphi2.partitionFunction Pphi2.boltzmannWeight_integrable Pphi2.interactionFunctional_measurable Pphi2.interactingLatticeMeasure GaussianField.latticeGaussianMeasure GaussianField.IsFieldMonotone GaussianField.Configuration GaussianField.instMeasurableSpaceConfiguration Pphi2.boltzmannWeight GaussianField.FinLatticeField Pphi2.interactionFunctional Pphi2.partitionFunction_pos Pphi2.boltzmannWeight_pos
thm	Pphi2.canonicalJointMeasure_map_stdGaussian	Pphi2.NelsonEstimate.FieldDecomposition	Pphi2.canonicalJointMeasure Pphi2.canonicalJointStdGaussianMeasurableEquiv Pphi2.canonicalJointMeasure_map_sum_pi_gaussian GaussianHilbert.stdGaussianFin Pphi2.CanonicalJointSumIndex Pphi2.CanonicalJoint
thm	Pphi2.asymTransfer_susceptibility_le	Pphi2.AsymTorus.AsymGappedTransfer	Pphi2.asymTransferNormalized Pphi2.L2SpatialField Pphi2.SpatialField Pphi2.asymGroundVector Pphi2.asymGappedTransfer
thm	Pphi2.latticeHeatKernel_entry_eq_eigenvalue_average	Pphi2.NelsonEstimate.FieldDecomposition	GaussianField.latticeEigenvalue1d GaussianField.FinLatticeSites GaussianField.latticeFourierProductBasisFun GaussianField.latticeFourierProductNormSq GaussianField.latticeHeatKernelMatrix
thm	Pphi2.canonicalRoughCovariance_eq_integral_Icc_heatKernel	Pphi2.NelsonEstimate.FieldDecomposition	GaussianField.latticeEigenvalue1d Pphi2.canonicalRoughCovariance GaussianField.FinLatticeSites Pphi2.canonicalRoughWeight GaussianField.latticeFourierProductBasisFun GaussianField.latticeFourierProductNormSq GaussianField.latticeHeatKernelMatrix
thm	Pphi2.canonicalSmoothFieldFunctionOfFst_eq_sum_gamma	Pphi2.NelsonEstimate.FieldDecomposition	GaussianField.FinLatticeSites Pphi2.canonicalSmoothGamma Pphi2.canonicalSmoothFieldFunctionOfFst
thm	Pphi2.asymTorus_interacting_tightness	Pphi2.AsymTorus.AsymTorusInteractingLimit	Pphi2.asymTorusInteractingMeasure GaussianField.NuclearTensorProduct.instModuleReal GaussianField.NuclearTensorProduct.instTopologicalSpace GaussianField.finLatticeField_dyninMityaginSpace GaussianField.measure Pphi2.asymTorus_interacting_second_moment_uniform GaussianField.ell2_separableSpace GaussianField.NuclearTensorProduct.dyninMityaginSpace Pphi2.interactionFunctional_bounded_below GaussianField.FinLatticeSites GaussianField.NuclearTensorProduct.instIsTopologicalAddGroup Pphi2.partitionFunction GaussianField.latticeCovarianceGJ Pphi2.interactionFunctional_measurable GaussianField.pairing_memLp Pphi2.interactingLatticeMeasure Pphi2.asymTorusEmbedLift_eval_eq Pphi2.asymGeomSpacing_pos GaussianField.NuclearTensorProduct.instAddCommGroup Pphi2.asymTorusEmbedLift_measurable GaussianField.latticeGaussianMeasure GaussianField.configuration_eval_measurable GaussianField.Configuration Pphi2.asymTorusInteractingMeasure_isProbability GaussianField.NuclearTensorProduct.instContinuousSMulReal GaussianField.SmoothMap_Circle Pphi2.asymLatticeTestFn GaussianField.instMeasurableSpaceConfiguration Pphi2.asymTorusEmbedLift Pphi2.boltzmannWeight GaussianField.AsymTorusTestFunction GaussianField.ell2' GaussianField.FinLatticeField Pphi2.interactionFunctional GaussianField.configuration_tight_of_uniform_second_moments Pphi2.asymGeomSpacing Pphi2.partitionFunction_pos Pphi2.boltzmannWeight_pos
def	GaussianField.latticeFullReflectionFun	Lattice.Symmetry	GaussianField.FinLatticeSites GaussianField.FinLatticeField
thm	Pphi2.translation_invariance_continuum	Pphi2.OSProofs.OS2_WardIdentity	Pphi2.EuclideanPlaneBackground.SpaceTime Pphi2.FieldConfig2 Pphi2.generatingFunctional Pphi2.EuclideanPlaneBackground.RealTestFunction Pphi2.planeBackground Pphi2.SchwartzMap.translate Pphi2.EuclideanPlaneBackground.dim Pphi2.IsPphi2Limit Pphi2.SpaceTime2 Pphi2.PositiveTimeTestFunction2 GaussianField.Configuration GaussianField.instMeasurableSpaceConfiguration Pphi2.TestFunction2 Pphi2.ContinuumTestFunction Pphi2.compTimeReflection2 Pphi2.schwartzTranslate
thm	Pphi2.cylinderIRLimit_exists	Pphi2.IRLimit.IRTightness	GaussianField.NuclearTensorProduct.instModuleReal GaussianField.NuclearTensorProduct.instTopologicalSpace Pphi2.cylinderPullback Pphi2.cylinderIR_uniform_second_moment GaussianField.NuclearTensorProduct.dyninMityaginSpace GaussianField.CylinderTestFunction GaussianField.NuclearTensorProduct.instIsTopologicalAddGroup Pphi2.AsymTorusSequenceHasUniformGreenMomentBound Pphi2.cylinderToTorusEmbed GaussianField.configuration_measurable_of_eval_measurable GaussianField.NuclearTensorProduct.instAddCommGroup GaussianField.prokhorov_configuration Pphi2.cylinderPullbackMeasure Pphi2.cylinderIR_uniform_exponential_moment GaussianField.configuration_eval_measurable GaussianField.Configuration GaussianField.NuclearTensorProduct.instContinuousSMulReal GaussianField.SmoothMap_Circle GaussianField.instMeasurableSpaceConfiguration Pphi2.MeasureHasGreenMomentBound GaussianField.AsymTorusTestFunction GaussianField.configuration_tight_of_uniform_second_moments Lattice.toSemilatticeInf
thm	GaussianField.inverseResolventSymbol_hasTemperateGrowth	Cylinder.FourierMultiplier	GaussianField.inverseResolventSymbol Lattice.toSemilatticeInf
thm	Pphi2.asymCanonicalJointMeasure_map_sum_pi_gaussian	Pphi2.NelsonEstimate.AsymRoughErrorChaosStd	Pphi2.AsymCanonicalJointSumIndex Pphi2.asymCanonicalJointMeasure Pphi2.AsymCanonicalMode
thm	GaussianField.gaussianDensityAsym_eq_exp_spectral	GaussianField.DensityAsym	GaussianField.AsymLatticeSites GaussianField.massEigenvectorBasisAsym GaussianField.massOperatorAsym_eigenCoeff_eq_eigenvalues_mul_eigenCoeff GaussianField.massEigenbasisAsym_sum_mul_sum_eq_site_inner GaussianField.gaussianDensityAsym GaussianField.massEigenvaluesAsym GaussianField.AsymLatticeField GaussianField.instFintypeAsymLatticeSitesOfNeZeroNat GaussianField.massOperatorAsym
thm	Pphi2.asymCanonicalStdFieldFunction_eq_asymCanonicalSumFieldFunction	Pphi2.NelsonEstimate.AsymFieldDecomposition	GaussianField.AsymLatticeSites Pphi2.asymCanonicalRoughModeCoeff Pphi2.AsymCanonicalJointSumIndex Pphi2.AsymCanonicalJoint Pphi2.asymCanonicalSmoothModeCoeff Pphi2.asymCanonicalSumFieldFunction Pphi2.asymCanonicalRoughFieldFunction GaussianField.AsymLatticeField Pphi2.asymCanonicalStdFieldFunction Pphi2.asymCanonicalSmoothFieldFunction Pphi2.AsymCanonicalMode
thm	GaussianField.euclideanFin1MeasEquiv_apply	SchwartzNuclear.HermiteTensorProduct	GaussianField.euclideanFin1MeasEquiv
axiom	Pphi2.asymFinitePeriodicBridge_remainder_bound	Pphi2.AsymTorus.AsymBridgeInstance	Pphi2.asymTransferNormalized Pphi2.L2SpatialField Pphi2.SpatialField Pphi2.asymGroundVector Pphi2.asymTransferSystem Pphi2.asymGappedTransfer
thm	Pphi2.asymTorusInteractingMeasureIso.congr_simp	Pphi2.AsymTorus.AsymContinuumLimit	GaussianField.NuclearTensorProduct.instModuleReal GaussianField.NuclearTensorProduct.instTopologicalSpace GaussianField.NuclearTensorProduct.instIsTopologicalAddGroup GaussianField.NuclearTensorProduct.instAddCommGroup Pphi2.asymTorusInteractingMeasureIso GaussianField.Configuration GaussianField.NuclearTensorProduct.instContinuousSMulReal GaussianField.SmoothMap_Circle GaussianField.instMeasurableSpaceConfiguration GaussianField.AsymTorusTestFunction
thm	Pphi2.timeTranslationVector2_ofLp_zero	Pphi2.Backgrounds.EuclideanPlane2D	Pphi2.EuclideanPlaneBackground.SpaceTime Pphi2.timeReflectionLinear Pphi2.EuclideanTimeStructure.mk.congr_simp Pphi2.planeBackground Pphi2.EuclideanTimeStructure.timeAxis Pphi2.timeTranslationVector2 Pphi2.EuclideanPlaneBackground.dim Pphi2.SpaceTime2 Pphi2.timeAxis2 Pphi2.plane2Background Pphi2.EuclideanTimeStructure Pphi2.timeReflection2_involution Pphi2.plane2TimeStructure
thm	GaussianField.latticeFourierBasisFun_span_eq_top	Lattice.CirculantDFT	GaussianField.latticeFourierBasisFun GaussianField.latticeFourierBasisFun_linearIndependent
thm	GaussianField.SmoothMap_Circle.smooth	SmoothCircle.Basic	GaussianField.SmoothMap_Circle.instFunLike GaussianField.SmoothMap_Circle.smooth' GaussianField.SmoothMap_Circle
def	GaussianField.latticeTranslation	Lattice.Symmetry	GaussianField.FinLatticeSites GaussianField.FinLatticeField GaussianField.latticeTranslationLM
thm	GaussianField.gffSiteVariance_eq_covarianceGJ	GaussianField.WickMultivariate	GaussianField.covariance GaussianField.FinLatticeSites GaussianField.latticeCovarianceGJ GaussianField.gffPositionCovariance_self GaussianField.gffPositionCovariance GaussianField.gffSiteVariance GaussianField.gffPositionCovariance_eq_covarianceGJ GaussianField.ell2' GaussianField.FinLatticeField
thm	GaussianField.pair_weight_le	Cylinder.PositiveTime
def	Pphi2.AsymTorusOS1_Regularity	Pphi2.AsymTorus.AsymTorusOS	GaussianField.NuclearTensorProduct.instModuleReal GaussianField.NuclearTensorProduct.instTopologicalSpace GaussianField.NuclearTensorProduct.instIsTopologicalAddGroup GaussianField.NuclearTensorProduct.instAddCommGroup GaussianField.Configuration GaussianField.NuclearTensorProduct.instContinuousSMulReal GaussianField.SmoothMap_Circle GaussianField.instMeasurableSpaceConfiguration GaussianField.AsymTorusTestFunction
thm	Pphi2.interactingBoltzmannWeight_pos	Pphi2.InteractingMeasure.General	Pphi2.interactingBoltzmannWeight GaussianField.Configuration
thm	GaussianHilbert.mehlerOp_eq_ouSemigroupAct	GaussianHilbert.OUEigenfunctions	GaussianHilbert.wienerChaos_iSup_topologicalClosure_eq_top GaussianHilbert.chaosDiagCLM_apply_single GaussianHilbert.wienerChaos_isHilbertSum GaussianHilbert.stdGaussianFin GaussianHilbert.wienerChaos GaussianHilbert.mehlerOp_eq_smul_of_mem_wienerChaos GaussianHilbert.mehlerOp GaussianHilbert.chaosCoordEquiv GaussianHilbert.ouSemigroupAct GaussianHilbert.chaosDiagCLM
thm	GaussianField.sup_dite_eq	Lattice.FKG
def	GaussianField.torusSwap	Torus.Symmetry	GaussianField.NuclearTensorProduct.instModuleReal GaussianField.NuclearTensorProduct.instTopologicalSpace GaussianField.SmoothMap_Circle.instAddCommGroup GaussianField.nuclearTensorProduct_swapCLM GaussianField.NuclearTensorProduct.instAddCommGroup GaussianField.SmoothMap_Circle.instModule GaussianField.SmoothMap_Circle.instContinuousSMul GaussianField.smoothCircle_dyninMityaginSpace GaussianField.SmoothMap_Circle.instIsTopologicalAddGroup GaussianField.SmoothMap_Circle GaussianField.TorusTestFunction GaussianField.SmoothMap_Circle.instTopologicalSpace
thm	Pphi2.schwinger2_eq_free_expectation	Pphi2.InteractingMeasure.General	Pphi2.interactingBoltzmannWeight_ennreal_measurable Pphi2.interactingPartitionFunction Pphi2.interactingBoltzmannWeight GaussianField.Configuration Pphi2.interactingBoltzmannWeight_pos GaussianField.instMeasurableSpaceConfiguration Pphi2.schwinger2 Pphi2.interactingPartitionFunction_pos
def	GaussianField.NuclearTensorProduct.instAddCommGroup	Nuclear.NuclearTensorProduct	GaussianField.NuclearTensorProduct
def	Pphi2.timeCoupling	Pphi2.TransferMatrix.TransferMatrix	Pphi2.SpatialField
def	GaussianField.spectralLatticeCovarianceAsym	Lattice.AsymCovariance	GaussianField.AsymLatticeSites GaussianField.massEigenvectorBasisAsym GaussianField.massEigenvaluesAsym GaussianField.AsymLatticeField GaussianField.instFintypeAsymLatticeSitesOfNeZeroNat GaussianField.ell2'
thm	Pphi2.DynamicalCutoff.dynamicalCutoffScale_log_sq_le	Pphi2.NelsonEstimate.DynamicalCutoff	Pphi2.DynamicalCutoff.dynamicalCutoffScale_eq_exp Pphi2.DynamicalCutoff.dynamicalCutoffScale Pphi2.DynamicalCutoff.dynamicalCutoffScale_eq_one
struct	Common.QFT.Euclidean.MeasureToTensorBridge	Common.QFT.Euclidean.Formulations	Common.QFT.Euclidean.PairingMeasureModel Common.QFT.Euclidean.Formulation
def	Common.QFT.Euclidean.Formulation.ComplexTestFunction	Common.QFT.Euclidean.Formulations	Common.QFT.Euclidean.Formulation
thm	GaussianField.sin_zmod_succ	Lattice.CirculantDFT	Lattice.toSemilatticeInf
thm	Pphi2.LayerCake.lintegral_expSq_neg_le_layer_cake	Pphi2.NelsonEstimate.LayerCake	Pphi2.LayerCake.exp_neg_sq_le_exp_two_max Pphi2.LayerCake.setOf_le_max_eq_setOf_le_neg Lattice.toSemilatticeInf
thm	Common.QFT.Euclidean.SchwingerFormulation.instContinuousSMulComplexTestFunction	Common.QFT.Euclidean.Formulations	Common.QFT.Euclidean.SchwingerFormulation.instAddCommGroupComplexTestFunction Common.QFT.Euclidean.SchwingerFormulation.instModuleComplexTestFunction Common.QFT.Euclidean.Formulation.ComplexTestFunction Common.QFT.Euclidean.SchwingerFormulation.toFormulation Common.QFT.Euclidean.SchwingerFormulation Common.QFT.Euclidean.SchwingerFormulation.instTopologicalSpaceComplexTestFunction
def	Pphi2.AsymTransferGroundExcitedData.ctorIdx	Pphi2.AsymTorus.AsymPositivity	Pphi2.AsymTransferGroundExcitedData
def	GaussianField.RapidDecayLattice.instZero	Lattice.RapidDecayLattice	GaussianField.RapidDecayLattice
thm	GaussianField.greenFunctionBilinear_zero_left	HeatKernel.Bilinear	GaussianField.DyninMityaginSpace GaussianField.HasLaplacianEigenvalues GaussianField.greenFunctionBilinear.congr_simp GaussianField.greenFunctionBilinear_smul_left GaussianField.greenFunctionBilinear
thm	GaussianField.ad_marginal_preservation_lintegral	Lattice.FKG	GaussianField.ahlswede_daykin_one_dim_ae_lintegral GaussianField.inf_dite_eq GaussianField.sup_dite_eq
thm	GaussianField.gaussian_measure_unique_of_covariance	Pphi2.TorusContinuumLimit.MeasureUniqueness	GaussianField.DyninMityaginSpace GaussianField.pushforward_eq_of_eval_eq GaussianField.eval_map_eq_of_covariance GaussianField.configBasisEval_measurable GaussianField.Configuration GaussianField.instMeasurableSpaceConfiguration GaussianField.instMeasurableSpaceConfiguration_eq_comap GaussianField.configBasisEval
thm	GaussianField.symmetric_second_diff_bound	Lattice.CirculantDFT	Lattice.toSemilatticeSup GaussianField.SmoothMap_Circle.instFunLike GaussianField.SmoothMap_Circle.instAddCommGroup GaussianField.SmoothMap_Circle.norm_iteratedDeriv_le_sobolevSeminorm' GaussianField.SmoothMap_Circle.smooth GaussianField.SmoothMap_Circle.instSMul GaussianField.SmoothMap_Circle GaussianField.SmoothMap_Circle.sobolevSeminorm Lattice.toSemilatticeInf
thm	Pphi2.interactionFunctional_pow_integrable	Pphi2.InteractingMeasure.InteractionVariance	GaussianField.FinLatticeSites Pphi2.interaction_memLp Pphi2.interactionFunctional_measurable GaussianField.latticeGaussianMeasure GaussianField.Configuration GaussianField.instMeasurableSpaceConfiguration GaussianField.FinLatticeField Pphi2.interactionFunctional
thm	Pphi2.asymSliceObsLinear_pathMeasure_two_point_bound	Pphi2.AsymTorus.AsymBridgeKLimit	Pphi2.SpatialField Pphi2.asymTransferSystem Pphi2.asymSliceFamilyLinear Pphi2.asymSliceFamilyTrunc Pphi2.asymSliceFamilyTrunc_sq_integral_tendsto_linear
thm	Pphi2.asymConfig_apply_eq_sum_delta	Pphi2.NelsonEstimate.AsymFieldDecomposition	GaussianField.AsymLatticeSites Pphi2.asymField_basis_decomposition GaussianField.Configuration GaussianField.AsymLatticeField GaussianField.instFintypeAsymLatticeSitesOfNeZeroNat GaussianField.asymLatticeDelta
thm	Pphi2.cylinderIR_uniform_exponential_moment	Pphi2.IRLimit.UniformExponentialMoment	GaussianField.NuclearTensorProduct.instModuleReal GaussianField.NuclearTensorProduct.instTopologicalSpace Pphi2.cylinderPullback_expMoment_uniform_bound GaussianField.CylinderTestFunction GaussianField.NuclearTensorProduct.instIsTopologicalAddGroup GaussianField.NuclearTensorProduct.instAddCommGroup Pphi2.cylinderPullbackMeasure GaussianField.Configuration GaussianField.NuclearTensorProduct.instContinuousSMulReal GaussianField.SmoothMap_Circle GaussianField.instMeasurableSpaceConfiguration Pphi2.MeasureHasGreenMomentBound GaussianField.AsymTorusTestFunction
axiom	Pphi2.general_clustering_from_spectral_gap	Pphi2.OSProofs.OS4_MassGap	Pphi2.latticeEuclideanTimeSeparation GaussianField.FinLatticeSites Pphi2.latticeConfigEuclideanTimeShift Pphi2.interactingLatticeMeasure GaussianField.Configuration GaussianField.instMeasurableSpaceConfiguration Pphi2.massGap GaussianField.FinLatticeField
thm	GaussianField.circleRestriction_eq	SmoothCircle.Restriction	GaussianField.SmoothMap_Circle.instFunLike GaussianField.SmoothMap_Circle.instAddCommGroup GaussianField.circleRestriction GaussianField.SmoothMap_Circle.instModule GaussianField.SmoothMap_Circle GaussianField.circleSpacing GaussianField.SmoothMap_Circle.instTopologicalSpace GaussianField.circlePoint
def	GaussianField.asymTorusEmbedCLM	Torus.AsymmetricTorus	GaussianField.NuclearTensorProduct.instModuleReal GaussianField.NuclearTensorProduct.instTopologicalSpace GaussianField.AsymLatticeSites GaussianField.NuclearTensorProduct.instIsTopologicalAddGroup GaussianField.evalAsymTorusAtSite GaussianField.NuclearTensorProduct.instAddCommGroup GaussianField.Configuration GaussianField.NuclearTensorProduct.instContinuousSMulReal GaussianField.AsymLatticeField GaussianField.SmoothMap_Circle GaussianField.instFintypeAsymLatticeSitesOfNeZeroNat GaussianField.AsymTorusTestFunction
def	GaussianField.circleHasLaplacianEigenvalues	SmoothCircle.Eigenvalues	GaussianField.HasLaplacianEigenvalues GaussianField.SmoothMap_Circle.instAddCommGroup GaussianField.SmoothMap_Circle.instModule GaussianField.SmoothMap_Circle.instContinuousSMul GaussianField.smoothCircle_dyninMityaginSpace GaussianField.SmoothMap_Circle.instIsTopologicalAddGroup GaussianField.SmoothMap_Circle GaussianField.SmoothMap_Circle.instTopologicalSpace GaussianField.SmoothMap_Circle.fourierFreq
thm	Pphi2.AsymSatisfiesTorusOS.os2_translation	Pphi2.AsymTorus.AsymTorusOS	GaussianField.NuclearTensorProduct.instModuleReal GaussianField.NuclearTensorProduct.instTopologicalSpace Pphi2.AsymTorusOS2_TranslationInvariance Pphi2.AsymSatisfiesTorusOS GaussianField.NuclearTensorProduct.instIsTopologicalAddGroup GaussianField.NuclearTensorProduct.instAddCommGroup GaussianField.Configuration GaussianField.NuclearTensorProduct.instContinuousSMulReal GaussianField.SmoothMap_Circle GaussianField.instMeasurableSpaceConfiguration GaussianField.AsymTorusTestFunction
thm	Pphi2.gffPositionCovariance_row_sum	Pphi2.InteractingMeasure.LeadingTerm	Pphi2.covarianceGJ_massOperator GaussianField.covariance GaussianField.FinLatticeSites GaussianField.latticeCovarianceGJ GaussianField.massOperator Pphi2.massOperator_const GaussianField.gffPositionCovariance GaussianField.gffPositionCovariance_eq_covarianceGJ GaussianField.ell2' GaussianField.FinLatticeField
def	GaussianField.latticeFourierProductCoeff	Lattice.LatticeFourierProduct	GaussianField.FinLatticeSites GaussianField.latticeFourierProductBasisFun
def	Pphi2.canonicalSmoothConfig	Pphi2.NelsonEstimate.FieldDecomposition	GaussianField.FinLatticeSites GaussianField.Configuration Pphi2.latticeFieldToConfig Pphi2.canonicalSmoothFieldFunction GaussianField.FinLatticeField Pphi2.CanonicalJoint
def	Pphi2.timeAxis2	Pphi2.Backgrounds.EuclideanPlane2D	Pphi2.planeBackground Pphi2.EuclideanPlaneBackground.dim Pphi2.SpaceTime2
thm	GaussianField.eigenvalue_paired	SmoothCircle.HeatEquivariance	GaussianField.fourierFreq_paired GaussianField.circleHasLaplacianEigenvalues GaussianField.SmoothMap_Circle.instAddCommGroup GaussianField.HasLaplacianEigenvalues.eigenvalue GaussianField.SmoothMap_Circle.instModule GaussianField.SmoothMap_Circle.instContinuousSMul GaussianField.smoothCircle_dyninMityaginSpace GaussianField.SmoothMap_Circle.instIsTopologicalAddGroup GaussianField.SmoothMap_Circle GaussianField.SmoothMap_Circle.instTopologicalSpace GaussianField.SmoothMap_Circle.fourierFreq
thm	Pphi2.massOperator_translation_commute	Pphi2.OSProofs.OS2_WardIdentity	Pphi2.latticeTranslation GaussianField.FinLatticeSites GaussianField.massOperator GaussianField.finiteLaplacian_translation_commute GaussianField.latticeTranslationFun GaussianField.finiteLaplacian GaussianField.FinLatticeField Lattice.toSemilatticeInf
def	Pphi2.latticeEuclideanTimeShift	Pphi2.InteractingMeasure.LatticeEuclideanTime	GaussianField.FinLatticeSites
thm	GaussianHilbert.complexMGF_eq_of_moments	GaussianHilbert.PolynomialDensity
def	Pphi2.cylinderPullbackMeasure	Pphi2.IRLimit.CylinderEmbedding	GaussianField.NuclearTensorProduct.instModuleReal GaussianField.NuclearTensorProduct.instTopologicalSpace Pphi2.cylinderPullback GaussianField.CylinderTestFunction GaussianField.NuclearTensorProduct.instIsTopologicalAddGroup GaussianField.NuclearTensorProduct.instAddCommGroup GaussianField.Configuration GaussianField.NuclearTensorProduct.instContinuousSMulReal GaussianField.SmoothMap_Circle GaussianField.instMeasurableSpaceConfiguration GaussianField.AsymTorusTestFunction
thm	GaussianField.Matrix.IsHermitian.bilinear_exp_eq_spectral	Lattice.HeatKernel	GaussianField.Matrix.IsHermitian.eigenCoeff_exp_neg_smul
thm	Pphi2.GeneralResults.hs_basis_norm_summable	Pphi2.GeneralResults.HilbertSchmidt	Lattice.toSemilatticeInf
thm	GaussianField.schwartzRapidDecayEquivNd_summable	SchwartzNuclear.HermiteTensorProduct	GaussianField.RapidDecaySeq GaussianField.RapidDecaySeq.val GaussianField.hermiteFunctionNd GaussianField.MultiIndex GaussianField.multiIndexEquiv
thm	Pphi2.heatKernel_row_sum_eq_one	Pphi2.NelsonEstimate.FieldDecomposition	GaussianField.latticeEigenvalue1d GaussianField.massOperatorMatrix GaussianField.massOperator_product_eigenvector_family GaussianField.FinLatticeSites GaussianField.massOperator GaussianField.Matrix.IsHermitian.mulVec_exp_of_eigenvector GaussianField.massOperator_eq_matrix_mulVec GaussianField.latticeEigenvalue1d_zero GaussianField.latticeFourierProductBasisFun GaussianField.FinLatticeField GaussianField.latticeHeatKernelMatrix GaussianField.negLaplacianMatrix_isHermitian GaussianField.negLaplacianMatrix
struct	Common.QFT.Euclidean.TensorSchwingerModel	Common.QFT.Euclidean.Formulations	Common.QFT.Euclidean.Formulation
def	Pphi2.evalAsymAtFinSite	Pphi2.AsymTorus.AsymTorusEmbedding	GaussianField.NuclearTensorProduct.instModuleReal GaussianField.NuclearTensorProduct.instTopologicalSpace GaussianField.FinLatticeSites GaussianField.evalAsymTorusAtSite GaussianField.NuclearTensorProduct.instAddCommGroup GaussianField.SmoothMap_Circle GaussianField.AsymTorusTestFunction
thm	GaussianField.greenFunctionBilinear_neg_left	HeatKernel.Bilinear	GaussianField.DyninMityaginSpace GaussianField.HasLaplacianEigenvalues GaussianField.greenFunctionBilinear_smul_left GaussianField.greenFunctionBilinear
def	Pphi2.EuclideanOS.OS1_Regularity	Pphi2.EuclideanOS	Pphi2.EuclideanPlaneBackground.SpaceTime Pphi2.EuclideanPlaneBackground.RealTestFunction Pphi2.EuclideanPlaneBackground.dim Pphi2.EuclideanPlaneBackground Pphi2.EuclideanOS.generatingFunctionalℂ GaussianField.instMeasurableSpaceConfiguration Pphi2.EuclideanPlaneBackground.ComplexTestFunction Pphi2.EuclideanPlaneBackground.Distribution
thm	Pphi2.exists_pos_u4_neg	Pphi2.InteractingMeasure.U4Derivative	Pphi2.u4_hasDerivWithinAt GaussianField.FinLatticeSites Pphi2.u4_at_zero GaussianField.gffPositionCovariance Pphi2.u4_slope_neg GaussianField.latticeGaussianMeasure GaussianField.Configuration Pphi2.exists_pos_lt_zero_of_hasDerivWithinAt_neg GaussianField.instMeasurableSpaceConfiguration GaussianField.FinLatticeField Pphi2.interactionFunctional
thm	GaussianField.sitePairingAsym_eq_massEigenbasis_sum	GaussianField.DensityAsym	GaussianField.AsymLatticeSites GaussianField.massEigenvectorBasisAsym GaussianField.massEigenbasisAsym_sum_mul_sum_eq_site_inner GaussianField.AsymLatticeField GaussianField.instFintypeAsymLatticeSitesOfNeZeroNat
thm	GaussianField.sum_sin_mul_sin_zmod_eq_zero	Lattice.CirculantDFT	GaussianField.sum_cos_zmod_eq_zero_of_pos_lt
thm	GaussianField.sum_cos_zmod_eq_zero_of_pos_lt	Lattice.CirculantDFT	GaussianField.cos_ne_one_of_pos_lt GaussianField.sum_cos_zmod_eq_zero
thm	GaussianField.prokhorov_sequential	GaussianField.ConfigurationEmbedding
thm	GaussianField.schwartzRapidDecayEquivNd_symm_apply	SchwartzNuclear.HermiteTensorProduct	GaussianField.RapidDecaySeq GaussianField.RapidDecaySeq.val GaussianField.schwartzRapidDecayEquivNd GaussianField.hermiteFunctionNd GaussianField.RapidDecaySeq.instModule GaussianField.MultiIndex GaussianField.fromRapidDecayNdCLM GaussianField.RapidDecaySeq.instAddCommGroup GaussianField.RapidDecaySeq.instTopologicalSpace GaussianField.multiIndexEquiv
thm	Pphi2.continuum_second_moment_uniform	Pphi2.ContinuumLimit.Tightness	Pphi2.EuclideanPlaneBackground.SpaceTime Pphi2.gaussianContinuumMeasure Pphi2.gaussian_second_moment_uniform Pphi2.planeBackground GaussianField.FinLatticeSites Pphi2.EuclideanPlaneBackground.dim Pphi2.continuumMeasure GaussianField.latticeGaussianMeasure GaussianField.Configuration Pphi2.interacting_moment_bound GaussianField.instMeasurableSpaceConfiguration Pphi2.latticeEmbedLift Pphi2.ContinuumTestFunction GaussianField.FinLatticeField
thm	GaussianField.massOperator_eigenCoeff_eq_eigenvalues_mul_eigenCoeff	Lattice.SpectralCovariance	GaussianField.massOperatorMatrix_isHermitian GaussianField.massOperator_selfAdjoint GaussianField.massOperatorMatrix GaussianField.FinLatticeSites GaussianField.massOperator GaussianField.massOperator_eq_matrix_mulVec GaussianField.massEigenvalues GaussianField.massEigenvectorBasis GaussianField.FinLatticeField
thm	Pphi2.slicePairing_measurable	Pphi2.AsymTorus.AsymVarianceDischarge	GaussianField.AsymLatticeSites Pphi2.SpatialField Pphi2.asymSliceEquiv GaussianField.AsymLatticeField Pphi2.slicePairing
thm	Pphi2.torus_connectedFourPoint_tendsto	Pphi2.TorusContinuumLimit.TorusInteractingMoments	GaussianField.NuclearTensorProduct.instModuleReal GaussianField.NuclearTensorProduct.instTopologicalSpace GaussianField.NuclearTensorProduct.instIsTopologicalAddGroup Pphi2.torus_interacting_fourth_moment_tendsto GaussianField.NuclearTensorProduct.instAddCommGroup GaussianField.Configuration GaussianField.NuclearTensorProduct.instContinuousSMulReal GaussianField.SmoothMap_Circle GaussianField.instMeasurableSpaceConfiguration Pphi2.torusInteractingMeasure GaussianField.TorusTestFunction Pphi2.torus_interacting_second_moment_tendsto
axiom	Pphi2.pphi2_nontriviality	Pphi2.Main	Pphi2.EuclideanPlaneBackground.SpaceTime Pphi2.planeBackground Pphi2.EuclideanPlaneBackground.dim GaussianField.Configuration GaussianField.instMeasurableSpaceConfiguration Pphi2.ContinuumTestFunction
def	Pphi2.interactingLatticeMeasure	Pphi2.InteractingMeasure.LatticeMeasure	GaussianField.FinLatticeSites Pphi2.partitionFunction GaussianField.latticeGaussianMeasure GaussianField.Configuration GaussianField.instMeasurableSpaceConfiguration Pphi2.boltzmannWeight GaussianField.FinLatticeField
thm	Pphi2.energy_exponent_factorization	Pphi2.AsymTorus.AsymEnergyFactorization	Pphi2.asym_onsite_sum_slice Pphi2.spatialAction GaussianField.AsymLatticeSites Pphi2.wickConstantAsym Pphi2.spatialKinetic_sum_slice Pphi2.SpatialField Pphi2.asymSliceEquiv Pphi2.massOperatorAsym_quadratic_form_slice Pphi2.spatialKinetic Pphi2.spatialPotential Pphi2.timeCoupling_sum_slice GaussianField.AsymLatticeField GaussianField.instFintypeAsymLatticeSitesOfNeZeroNat GaussianField.massOperatorAsym Pphi2.timeCoupling Pphi2.wickPolynomial
thm	Pphi2.cylinderPullback_expMoment_uniform_bound	Pphi2.AsymTorus.MomentBoundOS1	GaussianField.NuclearTensorProduct.instModuleReal GaussianField.NuclearTensorProduct.instTopologicalSpace GaussianField.asymTorusContinuumGreen GaussianField.CylinderTestFunction GaussianField.NuclearTensorProduct.instIsTopologicalAddGroup Pphi2.cylinderToTorusEmbed Pphi2.cylinderPullback_expMoment_le_green GaussianField.NuclearTensorProduct.instAddCommGroup Pphi2.cylinderPullbackMeasure GaussianField.cylinderToTorusEmbed GaussianField.Configuration GaussianField.NuclearTensorProduct.instContinuousSMulReal GaussianField.SmoothMap_Circle GaussianField.instMeasurableSpaceConfiguration Pphi2.MeasureHasGreenMomentBound GaussianField.torusGreen_uniform_bound GaussianField.AsymTorusTestFunction
def	GaussianField.evalTorusAtSiteGJ	Torus.Evaluation	GaussianField.NuclearTensorProduct.instModuleReal GaussianField.NuclearTensorProduct.instTopologicalSpace GaussianField.FinLatticeSites GaussianField.NuclearTensorProduct.instAddCommGroup GaussianField.evalTorusAtSite GaussianField.SmoothMap_Circle GaussianField.circleSpacing GaussianField.TorusTestFunction
def	Common.QFT.Euclidean.SchwingerFormulation.positiveTimeSubmodule	Common.QFT.Euclidean.Formulations	Common.QFT.Euclidean.Formulation.TestFunction Common.QFT.Euclidean.SchwingerFormulation.toFormulation Common.QFT.Euclidean.SchwingerFormulation.instAddCommGroupTestFunction Common.QFT.Euclidean.SchwingerFormulation.instModuleTestFunction Common.QFT.Euclidean.SchwingerFormulation
def	Pphi2.FieldConfig2	Pphi2.Backgrounds.EuclideanPlane2D	Pphi2.ContinuumFieldConfig
thm	Common.QFT.Euclidean.PairingMeasureModel.isProbability	Common.QFT.Euclidean.Formulations	Common.QFT.Euclidean.PairingMeasureModel Common.QFT.Euclidean.Formulation Common.QFT.Euclidean.PairingMeasureModel.measure Common.QFT.Euclidean.PairingMeasureModel.instMeasurableSpaceFieldConfig
def	Pphi2.normalizedMomentDeriv	Pphi2.InteractingMeasure.U4DerivativeClosedForm	Pphi2.partitionFnDeriv Pphi2.gibbsMoment Pphi2.partitionFn Pphi2.momentDeriv GaussianField.FinLatticeField
thm	Pphi2.asymTorusIso_interacting_limit_exists	Pphi2.AsymTorus.AsymContinuumLimit	Pphi2.asymTorusInteractingMeasureIso_sq_integrable GaussianField.NuclearTensorProduct.instModuleReal GaussianField.NuclearTensorProduct.instTopologicalSpace Pphi2.asymTorusInteractingMeasureIso_isProbability Pphi2.asymTorusIso_interacting_second_moment_uniform GaussianField.NuclearTensorProduct.dyninMityaginSpace GaussianField.NuclearTensorProduct.instIsTopologicalAddGroup GaussianField.NuclearTensorProduct.instAddCommGroup GaussianField.prokhorov_configuration Pphi2.asymTorusInteractingMeasureIso GaussianField.Configuration GaussianField.NuclearTensorProduct.instContinuousSMulReal GaussianField.SmoothMap_Circle GaussianField.instMeasurableSpaceConfiguration GaussianField.AsymTorusTestFunction GaussianField.configuration_tight_of_uniform_second_moments
thm	Pphi2.torus_interacting_abs_pow_integrable	Pphi2.TorusContinuumLimit.TorusInteractingMoments	GaussianField.NuclearTensorProduct.instModuleReal Lattice.toSemilatticeSup GaussianField.NuclearTensorProduct.instTopologicalSpace GaussianField.finLatticeField_dyninMityaginSpace GaussianField.ell2_separableSpace Pphi2.interactionFunctional_bounded_below GaussianField.FinLatticeSites GaussianField.NuclearTensorProduct.instIsTopologicalAddGroup Pphi2.torusEmbedLift Pphi2.partitionFunction GaussianField.latticeCovarianceGJ Pphi2.interactionFunctional_measurable GaussianField.pairing_memLp Pphi2.torusEmbedLift_measurable Pphi2.interactingLatticeMeasure GaussianField.NuclearTensorProduct.instAddCommGroup GaussianField.latticeGaussianMeasure GaussianField.configuration_eval_measurable GaussianField.Configuration GaussianField.NuclearTensorProduct.instContinuousSMulReal GaussianField.SmoothMap_Circle GaussianField.circleSpacing GaussianField.instMeasurableSpaceConfiguration Pphi2.boltzmannWeight Pphi2.latticeTestFn Pphi2.torusEmbedLift_eval_eq GaussianField.ell2' Pphi2.torusInteractingMeasure GaussianField.FinLatticeField Pphi2.interactionFunctional GaussianField.TorusTestFunction Pphi2.partitionFunction_pos Lattice.toSemilatticeInf GaussianField.circleSpacing_pos Pphi2.boltzmannWeight_pos
thm	GaussianField.mapImage_seminorm_bound	Nuclear.TensorProductFunctorAxioms	GaussianField.DyninMityaginSpace GaussianField.mapImage GaussianField.RapidDecaySeq.rapidDecaySeminorm GaussianField.RapidDecaySeq GaussianField.RapidDecaySeq.instSMul GaussianField.DyninMityaginSpace.ι GaussianField.finset_sup_poly_bound GaussianField.DyninMityaginSpace.h_with GaussianField.DyninMityaginSpace.basis GaussianField.NuclearTensorProduct.pure GaussianField.RapidDecaySeq.instAddCommGroup GaussianField.DyninMityaginSpace.basis_growth GaussianField.DyninMityaginSpace.p GaussianField.NuclearTensorProduct.pure_seminorm_bound
def	Pphi2.AsymCanonicalJointSumIndex	Pphi2.NelsonEstimate.AsymFieldDecomposition	Pphi2.AsymCanonicalMode
thm	Pphi2.canonicalRoughError_eq_sum_over_cross_terms	Pphi2.NelsonEstimate.RoughErrorBound	Pphi2.smoothWickConstant GaussianField.FinLatticeSites Pphi2.canonicalRoughError_pointwise_decomposition Pphi2.wickMonomial Pphi2.canonicalRoughFieldFunction Pphi2.canonicalSmoothFieldFunction Pphi2.roughWickConstant Pphi2.canonicalRoughError Pphi2.canonicalCrossTerm Pphi2.CanonicalJoint
thm	GaussianField.SmoothMap_Circle.zero_apply	SmoothCircle.Basic	GaussianField.SmoothMap_Circle.instFunLike GaussianField.SmoothMap_Circle.instZero GaussianField.SmoothMap_Circle
thm	GaussianField.latticeGaussianFieldLaw_density_integral	GaussianField.Density	GaussianField.gaussianDensity_integral_pos GaussianField.FinLatticeSites GaussianField.gaussianDensityNormConst_eq_ofReal_integral GaussianField.gaussianDensityMeasure GaussianField.gaussianDensityNormConst GaussianField.latticeGaussianFieldLaw GaussianField.latticeGaussianFieldLaw_eq_normalizedGaussianDensityMeasure GaussianField.gaussianDensityWeight_measurable GaussianField.gaussianDensity_nonneg GaussianField.gaussianDensityWeight GaussianField.gaussianDensityWeight_toReal GaussianField.normalizedGaussianDensityMeasure GaussianField.gaussianDensity GaussianField.FinLatticeField
def	GaussianHilbert.MultiIndex.totalDegree	GaussianHilbert.HermitePolynomials
thm	Pphi2.DynamicalCutoff.measure_le_neg_of_smooth_rough_split	Pphi2.NelsonEstimate.DynamicalCutoff
def	GaussianField.nuclear_linearMap	GaussianField.NuclearSVD	GaussianField.ell2'
thm	GaussianField.evalMapInv_measurable	GaussianField.Density	GaussianField.evalMapInv_apply GaussianField.FinLatticeSites GaussianField.evalMapInv GaussianField.configuration_measurable_of_eval_measurable GaussianField.Configuration GaussianField.instMeasurableSpaceConfiguration GaussianField.FinLatticeField
thm	Pphi2.asymTorusInteractingMeasureIso_sq_integrable	Pphi2.AsymTorus.AsymContinuumLimit	GaussianField.NuclearTensorProduct.instModuleReal GaussianField.NuclearTensorProduct.instTopologicalSpace GaussianField.AsymLatticeSites GaussianField.measure Pphi2.asymTorusEmbedLiftIso_measurable GaussianField.ell2_separableSpace Pphi2.partitionFunctionAsym_pos GaussianField.asymLatticeField_dyninMityaginSpace Pphi2.asymTorusEmbedLiftIso_eval_eq GaussianField.NuclearTensorProduct.instIsTopologicalAddGroup Pphi2.asymLatticeTestFnIso Pphi2.boltzmannWeightAsym GaussianField.pairing_memLp Pphi2.boltzmannWeightAsym_pos Pphi2.asymTorusEmbedLiftIso Pphi2.interactionFunctionalAsym_bounded_below GaussianField.NuclearTensorProduct.instAddCommGroup Pphi2.partitionFunctionAsym Pphi2.asymTorusInteractingMeasureIso GaussianField.configuration_eval_measurable GaussianField.Configuration GaussianField.NuclearTensorProduct.instContinuousSMulReal GaussianField.AsymLatticeField GaussianField.SmoothMap_Circle Pphi2.latticeGaussianMeasureAsym Pphi2.interactingLatticeMeasureAsym Pphi2.interactionFunctionalAsym GaussianField.instMeasurableSpaceConfiguration GaussianField.latticeCovarianceAsymGJ GaussianField.AsymTorusTestFunction GaussianField.ell2' Pphi2.interactionFunctionalAsym_measurable
thm	GaussianField.latticeGaussianMeasure.congr_simp	Pphi2.InteractingMeasure.LatticeMeasure	GaussianField.FinLatticeSites GaussianField.latticeGaussianMeasure GaussianField.Configuration GaussianField.instMeasurableSpaceConfiguration GaussianField.FinLatticeField
thm	GaussianField.finiteLaplacian_neg_semidefinite	Lattice.Laplacian	GaussianField.FinLatticeSites GaussianField.finiteLaplacianFun GaussianField.finiteLaplacian GaussianField.FinLatticeField Lattice.toSemilatticeInf
thm	Pphi2.moment_mul_interaction_hasDerivAt	Pphi2.InteractingMeasure.MomentDerivative	Pphi2.interactionFunctional_eq_single Pphi2.interactionFunctional_bounded_below GaussianField.FinLatticeSites Pphi2.interactionFunctional_measurable Pphi2.integrable_powMul_interaction GaussianField.latticeGaussianMeasure GaussianField.configuration_eval_measurable GaussianField.Configuration Pphi2.wickConstant GaussianField.instMeasurableSpaceConfiguration Pphi2.integrable_powMul_interaction_sq GaussianField.FinLatticeField Pphi2.interactionFunctional Lattice.toSemilatticeInf Pphi2.wickPolynomial
thm	Pphi2.u4.congr_simp	Pphi2.InteractingMeasure.U4AffineBound	Pphi2.u4 GaussianField.FinLatticeField
def	GaussianField.CylinderSpacetimeSymmetry.toCLM	Cylinder.GreenFunction	GaussianField.NuclearTensorProduct.instModuleReal GaussianField.NuclearTensorProduct.instTopologicalSpace GaussianField.CylinderSpacetimeSymmetry GaussianField.CylinderTestFunction GaussianField.NuclearTensorProduct.instAddCommGroup GaussianField.SmoothMap_Circle
def	GaussianField.RapidDecaySeq.instZero	Nuclear.NuclearTensorProduct	GaussianField.RapidDecaySeq
def	GaussianField.finiteLaplacianFun	Lattice.Laplacian	GaussianField.FinLatticeSites GaussianField.FinLatticeField
def	GaussianField.massEigenvectorBasis	Lattice.SpectralCovariance	GaussianField.massOperatorMatrix GaussianField.FinLatticeSites GaussianField.massMatrixHerm
thm	Pphi2.EuclideanTimeStructure.timeShift_add	Pphi2.Backgrounds.EuclideanTime	Pphi2.EuclideanPlaneBackground.SpaceTime Pphi2.EuclideanTimeStructure.timeTranslation Pphi2.EuclideanTimeStructure.timeShift Pphi2.EuclideanTimeStructure.timeAxis Pphi2.EuclideanPlaneBackground.dim Pphi2.EuclideanPlaneBackground Pphi2.EuclideanTimeStructure
thm	Pphi2.schwinger2_symm	Pphi2.InteractingMeasure.General	Pphi2.interactingMeasure GaussianField.Configuration GaussianField.instMeasurableSpaceConfiguration Pphi2.schwinger2
def	GaussianField.evalTorusAtSite	Torus.Evaluation	GaussianField.NuclearTensorProduct.instModuleReal GaussianField.NuclearTensorProduct.instTopologicalSpace GaussianField.SmoothMap_Circle.instAddCommGroup GaussianField.FinLatticeSites GaussianField.circleRestriction GaussianField.NuclearTensorProduct.instAddCommGroup GaussianField.SmoothMap_Circle.instModule GaussianField.SmoothMap_Circle.instContinuousSMul GaussianField.smoothCircle_dyninMityaginSpace GaussianField.SmoothMap_Circle.instIsTopologicalAddGroup GaussianField.SmoothMap_Circle GaussianField.TorusTestFunction GaussianField.NuclearTensorProduct.evalCLM GaussianField.SmoothMap_Circle.instTopologicalSpace
def	GaussianField.evalMapInv	GaussianField.Density	GaussianField.FinLatticeSites GaussianField.Configuration GaussianField.FinLatticeField
def	Pphi2.AsymTransferGroundExcitedData.b	Pphi2.AsymTorus.AsymPositivity	Pphi2.L2SpatialField Pphi2.SpatialField Pphi2.AsymTransferGroundExcitedData Pphi2.AsymTransferGroundExcitedData.ι
def	Pphi2.LatticeBridge.LatticeRoughErrorSetup.E_R	Pphi2.NelsonEstimate.LatticeBridge	GaussianField.FinLatticeSites Pphi2.LatticeBridge.LatticeRoughErrorSetup GaussianField.Configuration GaussianField.FinLatticeField
thm	Pphi2.gaussianContinuumMeasure_isProbability	Pphi2.GaussianContinuumLimit.EmbeddedCovariance	Pphi2.EuclideanPlaneBackground.SpaceTime Pphi2.gaussianContinuumMeasure Pphi2.planeBackground GaussianField.FinLatticeSites Pphi2.latticeEmbedLift_measurable Pphi2.EuclideanPlaneBackground.dim GaussianField.latticeGaussianMeasure_isProbability GaussianField.latticeGaussianMeasure GaussianField.Configuration GaussianField.instMeasurableSpaceConfiguration Pphi2.latticeEmbedLift Pphi2.ContinuumTestFunction GaussianField.FinLatticeField
def	GaussianField.NuclearTensorProduct.instTopologicalSpace	Nuclear.NuclearTensorProduct	GaussianField.NuclearTensorProduct
thm	GaussianField.SmoothMap_Circle.coe_zero	SmoothCircle.Basic	GaussianField.SmoothMap_Circle.instFunLike GaussianField.SmoothMap_Circle.instZero GaussianField.SmoothMap_Circle
thm	GaussianField.integral_massEigenbasisAsym_cexp_GJ	GaussianField.DensityAsym	GaussianField.AsymLatticeSites GaussianField.massEigenbasisAsym_linear_sum_reprSymm_ofLp GaussianField.massEigenvectorBasisAsym GaussianField.integral_cexp_neg_half_sum_mul_sq_add_linear GaussianField.massEigenvaluesAsym GaussianField.massEigenbasisAsym_quadratic_sum_reprSymm_ofLp GaussianField.massOperatorMatrixAsym_eigenvalues_pos GaussianField.instFintypeAsymLatticeSitesOfNeZeroNat
thm	GaussianField.SmoothMap_Circle.fourierBasisFun_periodic	SmoothCircle.Basic	GaussianField.SmoothMap_Circle.fourierBasisFun
struct	Common.QFT.Euclidean.ReconstructionInput	Common.QFT.Euclidean.Formulations	Common.QFT.Euclidean.ReconstructionHypothesis Common.QFT.Euclidean.SchwingerFormulation
thm	Pphi2.asymTorusIso_interacting_second_moment_uniform	Pphi2.AsymTorus.AsymContinuumLimit	GaussianField.NuclearTensorProduct.instModuleReal GaussianField.NuclearTensorProduct.instTopologicalSpace GaussianField.AsymLatticeSites GaussianField.ell2_separableSpace Pphi2.asymTorusContinuumGreen GaussianField.second_moment_eq_covariance GaussianField.covariance GaussianField.asymLatticeField_dyninMityaginSpace GaussianField.NuclearTensorProduct.instIsTopologicalAddGroup Pphi2.asymLatticeTestFnIso GaussianField.NuclearTensorProduct.instAddCommGroup Pphi2.asymTorusInteractingMeasureIso GaussianField.Configuration GaussianField.NuclearTensorProduct.instContinuousSMulReal GaussianField.AsymLatticeField GaussianField.SmoothMap_Circle Pphi2.latticeGaussianMeasureAsym Pphi2.second_moment_asym_tendsto GaussianField.instMeasurableSpaceConfiguration GaussianField.latticeCovarianceAsymGJ GaussianField.AsymTorusTestFunction GaussianField.ell2' Pphi2.asymTorusIso_interacting_second_moment_density_transfer Lattice.toSemilatticeInf
axiom	Pphi2.asymGroundSemigroup_intertwines	Pphi2.AsymTorus.AsymBridgeInstance	Pphi2.asymTransferNormalized Pphi2.L2SpatialField Pphi2.SpatialField Pphi2.asymGroundVector Pphi2.asymGroundStateRep_measurable Pphi2.asymGroundSemigroupData Pphi2.asymGappedTransfer Pphi2.asymGroundStateRep
thm	Pphi2.torusPphi2Limit_exists	Pphi2.TorusContinuumLimit.TorusNontriviality	GaussianField.NuclearTensorProduct.instModuleReal GaussianField.NuclearTensorProduct.instTopologicalSpace GaussianField.NuclearTensorProduct.instIsTopologicalAddGroup Pphi2.torusInteractingLimit_exists Pphi2.IsTorusPphi2Limit GaussianField.NuclearTensorProduct.instAddCommGroup GaussianField.Configuration GaussianField.NuclearTensorProduct.instContinuousSMulReal GaussianField.SmoothMap_Circle GaussianField.instMeasurableSpaceConfiguration Pphi2.torusInteractingMeasure GaussianField.TorusTestFunction
thm	Pphi2.torusGaussianLimit_satisfies_OS	Pphi2.TorusContinuumLimit.TorusOSAxioms	Pphi2.IsTorusGaussianContinuumLimit GaussianField.NuclearTensorProduct.instModuleReal GaussianField.NuclearTensorProduct.instTopologicalSpace GaussianField.NuclearTensorProduct.instIsTopologicalAddGroup Pphi2.torusGaussianLimit_os2_D4 GaussianField.NuclearTensorProduct.instAddCommGroup Pphi2.SatisfiesTorusOS GaussianField.Configuration GaussianField.NuclearTensorProduct.instContinuousSMulReal GaussianField.SmoothMap_Circle Pphi2.torusGaussianLimit_os0 Pphi2.torusGaussianLimit_os1 GaussianField.instMeasurableSpaceConfiguration GaussianField.TorusTestFunction Pphi2.torusGaussianLimit_os2_translation
thm	GaussianField.latticeNorm_stdBasis	Lattice.Sites	GaussianField.stdBasisInt GaussianField.latticeNorm
def	GaussianField.latticeGaussianFieldLawAsym	GaussianField.DensityAsym	GaussianField.AsymLatticeSites GaussianField.measure GaussianField.ell2_separableSpace GaussianField.asymLatticeField_dyninMityaginSpace GaussianField.Configuration GaussianField.AsymLatticeField GaussianField.evalMapAsym GaussianField.instMeasurableSpaceConfiguration GaussianField.latticeCovarianceAsymGJ GaussianField.ell2'
thm	Pphi2.latticeInteraction.congr_simp	Pphi2.OSProofs.OS3_RP_Lattice	GaussianField.FinLatticeField Pphi2.latticeInteraction
thm	GaussianField.freeHeatSemigroup_translation_comm	Cylinder.FourierMultiplier	GaussianField.heatMultiplierCLM_translation_comm GaussianField.freeHeatSemigroup GaussianField.schwartzTranslation
thm	GaussianField.SmoothMap_Circle.sobolevSeminorm_fourierBasis_le	SmoothCircle.Basic	GaussianField.SmoothMap_Circle.instFunLike GaussianField.SmoothMap_Circle.fourierBasis GaussianField.SmoothMap_Circle.Icc_nonempty GaussianField.SmoothMap_Circle.instAddCommGroup GaussianField.SmoothMap_Circle.fourierBasisFun GaussianField.SmoothMap_Circle.instSMul GaussianField.SmoothMap_Circle GaussianField.SmoothMap_Circle.sobolevSeminorm Lattice.toSemilatticeInf
thm	Pphi2.torusGeneratingFunctionalℂ_analyticOnNhd	Pphi2.TorusContinuumLimit.TorusOSAxioms	Pphi2.IsTorusGaussianContinuumLimit GaussianField.NuclearTensorProduct.instModuleReal GaussianField.NuclearTensorProduct.instTopologicalSpace GaussianField.NuclearTensorProduct.instIsTopologicalAddGroup GaussianField.NuclearTensorProduct.instAddCommGroup GaussianField.configuration_eval_measurable GaussianField.Configuration GaussianField.NuclearTensorProduct.instContinuousSMulReal GaussianField.SmoothMap_Circle GaussianField.instMeasurableSpaceConfiguration Pphi2.torusGeneratingFunctionalℂ GaussianField.TorusTestFunction Lattice.toSemilatticeInf
thm	Pphi2.partitionFunction_ge_one	Pphi2.ContinuumLimit.Hypercontractivity	GaussianField.FinLatticeSites Pphi2.partitionFunction Pphi2.boltzmannWeight_integrable GaussianField.latticeGaussianMeasure_isProbability Pphi2.interactionFunctional_mean_nonpos GaussianField.latticeGaussianMeasure GaussianField.Configuration GaussianField.instMeasurableSpaceConfiguration GaussianField.FinLatticeField Pphi2.interactionFunctional
thm	Pphi2.wickConstant_pos	Pphi2.WickOrdering.Counterterm	GaussianField.FinLatticeSites GaussianField.latticeEigenvalue_pos Pphi2.wickConstant GaussianField.latticeEigenvalue
thm	Pphi2.heatKernel_diagonal_mass_weighted_eq_eigenvalue_average	Pphi2.NelsonEstimate.FieldDecomposition	GaussianField.latticeEigenvalue1d GaussianField.FinLatticeSites Pphi2.canonicalEigenvalue GaussianField.latticeHeatKernelMatrix
thm	Pphi2.partitionFn_hasDerivWithinAt	Pphi2.InteractingMeasure.ConnectedCorrelatorDerivative	GaussianField.FinLatticeSites GaussianField.latticeGaussianMeasure GaussianField.Configuration GaussianField.instMeasurableSpaceConfiguration Pphi2.moment_hasDerivWithinAt GaussianField.FinLatticeField Pphi2.interactionFunctional
thm	GaussianField.circlePoint.congr_simp	SmoothCircle.Restriction	GaussianField.circlePoint
def	GaussianField.RapidDecaySeq.instSMul	Nuclear.NuclearTensorProduct	GaussianField.RapidDecaySeq GaussianField.RapidDecaySeq.val
thm	Pphi2.measurePreserving_curry	Pphi2.AsymTorus.AsymMeasureFactorization
thm	GaussianField.hypercontractive_gaussianReal	GaussianField.HypercontractiveNat	GaussianField.hypercontractive_1d Lattice.toSemilatticeInf
thm	GaussianField.RapidDecaySeq.zero_val	Nuclear.NuclearTensorProduct	GaussianField.RapidDecaySeq.instZero GaussianField.RapidDecaySeq GaussianField.RapidDecaySeq.val
def	Pphi2.groundEnergyLevel	Pphi2.TransferMatrix.Positivity	Pphi2.transferGroundEigenvalue
thm	GaussianField.schwartz_slice_partial_seminorm_bound	SchwartzNuclear.SchwartzSlicing	GaussianField.schwartz_slice_partial Lattice.toSemilatticeInf
thm	GaussianField.sum_factor	Lattice.CirculantDFT2d	GaussianField.FinLatticeSites
thm	Pphi2.asymCanonicalJointStdGaussianMeasurableEquiv.congr_simp	Pphi2.NelsonEstimate.AsymRoughErrorChaosStd	Pphi2.AsymCanonicalJointSumIndex Pphi2.AsymCanonicalJoint Pphi2.asymCanonicalJointStdGaussianMeasurableEquiv Pphi2.AsymCanonicalMode
def	Pphi2.TestFunction2	Pphi2.Backgrounds.EuclideanPlane2D	Pphi2.ContinuumTestFunction
def	GaussianField.latticeDFTCoeff1d	Lattice.HeatKernelConvergence1d	GaussianField.latticeFourierBasisFun GaussianField.SmoothMap_Circle.instAddCommGroup GaussianField.circleRestriction GaussianField.SmoothMap_Circle.instModule GaussianField.SmoothMap_Circle GaussianField.SmoothMap_Circle.instTopologicalSpace
thm	Pphi2.torusInteracting_os1	Pphi2.TorusContinuumLimit.TorusInteractingOS	Pphi2.torusContinuumGreen GaussianField.NuclearTensorProduct.instModuleReal GaussianField.NuclearTensorProduct.instTopologicalSpace Pphi2.torusContinuumGreen_continuous_diag GaussianField.NuclearTensorProduct.instIsTopologicalAddGroup Pphi2.torusContinuumGreen_nonneg Pphi2.TorusOS1_Regularity GaussianField.NuclearTensorProduct.instAddCommGroup GaussianField.Configuration Pphi2.torusInteracting_exponentialMomentBound GaussianField.NuclearTensorProduct.instContinuousSMulReal GaussianField.SmoothMap_Circle GaussianField.instMeasurableSpaceConfiguration Pphi2.torusGeneratingFunctionalℂ Pphi2.torusInteractingMeasure GaussianField.TorusTestFunction Lattice.toSemilatticeInf
thm	Pphi2.asym_heat_kernel_trace_bound	Pphi2.NelsonEstimate.AsymCovarianceBoundsGJ	Pphi2.heat_kernel_1d_bound GaussianField.latticeEigenvalue1d Pphi2.asym_heat_kernel_trace_factorization Pphi2.asymCanonicalEigenvalue
thm	Pphi2.normalizedMoment_zero	Pphi2.InteractingMeasure.U4AffineBound	GaussianField.FinLatticeSites Pphi2.gibbsMoment GaussianField.latticeGaussianMeasure_isProbability GaussianField.latticeGaussianMeasure GaussianField.Configuration Pphi2.normalizedMoment GaussianField.instMeasurableSpaceConfiguration Pphi2.partitionFn GaussianField.FinLatticeField Pphi2.interactionFunctional
def	Pphi2.schwartzOfReal	Pphi2.EuclideanComplex	Pphi2.EuclideanPlaneBackground.SpaceTime Pphi2.EuclideanPlaneBackground.RealTestFunction Pphi2.EuclideanPlaneBackground.dim Pphi2.EuclideanPlaneBackground Pphi2.EuclideanPlaneBackground.ComplexTestFunction
thm	Pphi2.latticeFourthMoment_eq	Pphi2.InteractingMeasure.U4Derivative	GaussianField.finLatticeField_dyninMityaginSpace GaussianField.measure GaussianField.ell2_separableSpace GaussianField.FinLatticeSites Pphi2.connectedFourPoint GaussianField.latticeCovarianceGJ GaussianField.latticeGaussianMeasure GaussianField.Configuration GaussianField.instMeasurableSpaceConfiguration Pphi2.connectedFourPoint_gaussianMeasure_eq_zero GaussianField.ell2' GaussianField.FinLatticeField
thm	GaussianField.sobolevSeminorm_affine_precomp_le	SmoothCircle.Basic	GaussianField.SmoothMap_Circle.instFunLike GaussianField.SmoothMap_Circle.Icc_nonempty GaussianField.SmoothMap_Circle.instAddCommGroup GaussianField.SmoothMap_Circle.norm_iteratedDeriv_le_sobolevSeminorm' GaussianField.SmoothMap_Circle.smooth GaussianField.SmoothMap_Circle.instSMul GaussianField.SmoothMap_Circle GaussianField.SmoothMap_Circle.sobolevSeminorm Lattice.toSemilatticeInf
thm	Pphi2.asymTransferWeight_gaussian_decay	Pphi2.AsymTorus.AsymL2Operator	Pphi2.spatialAction Pphi2.wickConstantAsym Pphi2.SpatialField Pphi2.asymTransferWeight Lattice.toSemilatticeInf
thm	GaussianField.evalCLM_comp_swapCLM	Nuclear.TensorProductFunctorAxioms	GaussianField.DyninMityaginSpace GaussianField.NuclearTensorProduct.instModuleReal GaussianField.NuclearTensorProduct.instTopologicalSpace GaussianField.RapidDecaySeq.val GaussianField.nuclearTensorProduct_swapCLM GaussianField.NuclearTensorProduct GaussianField.NuclearTensorProduct.instAddCommGroup GaussianField.DyninMityaginSpace.basis GaussianField.NuclearTensorProduct.evalCLM
def	GaussianField.latticeCovariance	Lattice.Covariance	GaussianField.FinLatticeSites GaussianField.spectralLatticeCovariance GaussianField.ell2' GaussianField.FinLatticeField
struct	Pphi2.EuclideanPlaneBackground	Pphi2.Backgrounds.EuclideanPlane
thm	Pphi2.interaction_variance_le	Pphi2.InteractingMeasure.InteractionVariance	Pphi2.rough_error_variance Pphi2.canonicalJointMeasure Pphi2.canonicalSmoothInteraction_variance_le Pphi2.canonicalSmoothInteraction_sq_integrable Pphi2.canonicalRoughError_sq_integrable GaussianField.FinLatticeSites Pphi2.canonicalFullInteractionJoint GaussianField.circleSpacing_eq Pphi2.canonicalSmoothInteraction GaussianField.latticeGaussianMeasure GaussianField.Configuration GaussianField.circleSpacing GaussianField.instMeasurableSpaceConfiguration Pphi2.integral_interaction_sq_eq_canonicalJoint GaussianField.FinLatticeField Pphi2.canonicalRoughError Pphi2.interactionFunctional GaussianField.circleSpacing_pos Pphi2.CanonicalJoint
thm	GaussianField.RapidDecayLattice.mk.congr_simp	Lattice.RapidDecayLattice	GaussianField.RapidDecayLattice GaussianField.latticeNorm
thm	Pphi2.config_pairing_eq_slice	Pphi2.AsymTorus.AsymVarianceDischarge	GaussianField.AsymLatticeSites Pphi2.SpatialField Pphi2.asym_pairing_sum_slice Pphi2.asymSliceEquiv GaussianField.config_apply_eq_sum_evalMapAsym GaussianField.Configuration GaussianField.AsymLatticeField GaussianField.evalMapAsym GaussianField.instFintypeAsymLatticeSitesOfNeZeroNat
thm	Pphi2.boltzmannWeight_integrable	Pphi2.InteractingMeasure.LatticeMeasure	Pphi2.interactionFunctional_bounded_below GaussianField.FinLatticeSites Pphi2.interactionFunctional_measurable GaussianField.latticeGaussianMeasure_isProbability GaussianField.latticeGaussianMeasure GaussianField.Configuration GaussianField.instMeasurableSpaceConfiguration Pphi2.boltzmannWeight GaussianField.FinLatticeField Pphi2.interactionFunctional
def	Pphi2.latticeRotation90	Pphi2.OSProofs.OS2_WardIdentity	GaussianField.FinLatticeSites
struct	Pphi2.AsymTransferGroundExcitedData	Pphi2.AsymTorus.AsymPositivity
thm	GaussianField.integral_euclidean_snoc	SchwartzNuclear.SchwartzSlicing	GaussianField.euclideanSnoc
thm	Pphi2.asym_pairing_sum_slice	Pphi2.AsymTorus.AsymVarianceDischarge	GaussianField.AsymLatticeSites Pphi2.SpatialField Pphi2.asymSliceEquiv Pphi2.asymSliceEquiv_apply GaussianField.AsymLatticeField GaussianField.instFintypeAsymLatticeSitesOfNeZeroNat
thm	Pphi2.EuclideanOS.generatingFunctionalℂ.congr_simp	Pphi2.ContinuumLimit.CharacteristicFunctional	Pphi2.EuclideanPlaneBackground.SpaceTime Pphi2.EuclideanPlaneBackground.RealTestFunction Pphi2.EuclideanPlaneBackground.dim Pphi2.EuclideanPlaneBackground Pphi2.EuclideanOS.generatingFunctionalℂ GaussianField.instMeasurableSpaceConfiguration Pphi2.EuclideanPlaneBackground.ComplexTestFunction Pphi2.EuclideanPlaneBackground.Distribution
thm	GaussianField.integral_sq_gaussianReal	GaussianField.Hypercontractive	Lattice.toSemilatticeInf
def	GaussianField.gaussianDensity	Lattice.SpectralCovariance	GaussianField.FinLatticeSites GaussianField.massOperator GaussianField.FinLatticeField
thm	GaussianField.integrable_mul_gaussianDensity_of_comp_eval	GaussianField.Density	GaussianField.measurable_evalMap GaussianField.integrable_mul_gaussianDensity_of_fieldLaw GaussianField.evalMap GaussianField.FinLatticeSites GaussianField.latticeGaussianFieldLaw GaussianField.latticeGaussianMeasure GaussianField.Configuration GaussianField.instMeasurableSpaceConfiguration GaussianField.gaussianDensity GaussianField.FinLatticeField
def	Pphi2.smoothCovEigenvalue	Pphi2.NelsonEstimate.CovarianceSplit	GaussianField.latticeEigenvalue
thm	Pphi2.canonicalCrossTerm_inner_eq_zero	Pphi2.NelsonEstimate.RoughErrorBound	Pphi2.smoothWickConstant Pphi2.canonicalJointMeasure Pphi2.canonicalRoughFieldFunctionOfSnd Pphi2.canonicalRoughWickPower_two_site_marginal_integrable GaussianField.FinLatticeSites Pphi2.wickMonomial Pphi2.canonicalSmoothFieldFunctionOfFst Pphi2.canonicalSmoothWickPower_two_site_marginal_integrable Pphi2.canonicalRoughFieldFunction Pphi2.canonicalSmoothWickPower_two_site_marginal_eq_zero_of_ne Pphi2.canonicalSmoothFieldFunction Pphi2.canonicalRoughWickPower_two_site_marginal_eq_zero_of_ne Pphi2.roughWickConstant Pphi2.canonicalCrossTerm Pphi2.CanonicalJoint
thm	Pphi2.asymGaussian_second_moment_uniform_bound	Pphi2.AsymTorus.AsymTorusInteractingLimit	GaussianField.latticeCovariance_GJ_eq_inv_smul_bare GaussianField.finLatticeField_dyninMityaginSpace GaussianField.RapidDecaySeq.rapidDecaySeminorm GaussianField.ell2_separableSpace GaussianField.RapidDecaySeq GaussianField.SmoothMap_Circle.fourierBasis GaussianField.second_moment_eq_covariance GaussianField.covariance GaussianField.latticeCovariance GaussianField.SmoothMap_Circle.instAddCommGroup GaussianField.FinLatticeSites Pphi2.asymLatticeTestFn_norm_sq_le_tight GaussianField.latticeCovarianceGJ GaussianField.RapidDecaySeq.instSMul GaussianField.SmoothMap_Circle.instSMul Pphi2.asymGeomSpacing_pos GaussianField.latticeGaussianMeasure GaussianField.Configuration GaussianField.RapidDecaySeq.instAddCommGroup GaussianField.SmoothMap_Circle Pphi2.asymLatticeTestFn GaussianField.instMeasurableSpaceConfiguration GaussianField.SmoothMap_Circle.sobolevSeminorm Pphi2.covariance_inner_le_mass_inv_sq_norm_sq GaussianField.AsymTorusTestFunction GaussianField.ell2' GaussianField.FinLatticeField GaussianField.SmoothMap_Circle.sobolevSeminorm_fourierBasis_le Pphi2.asymGeomSpacing
thm	Pphi2.canonicalSmoothFieldFunction_add	Pphi2.NelsonEstimate.FieldDecomposition	GaussianField.FinLatticeSites Pphi2.canonicalSmoothFieldFunction Pphi2.CanonicalJoint
thm	Pphi2.analyticOn_generatingFunctionalC	Pphi2.ContinuumLimit.CharacteristicFunctional	Pphi2.EuclideanPlaneBackground.SpaceTime Pphi2.FieldConfig2 Pphi2.EuclideanPlaneBackground.RealTestFunction Pphi2.planeBackground Pphi2.EuclideanPlaneBackground.dim Pphi2.EuclideanOS.schwartzIm Pphi2.EuclideanOS.schwartzRe Pphi2.TestFunction2ℂ Pphi2.plane2Background GaussianField.configuration_eval_measurable GaussianField.Configuration Pphi2.EuclideanOS.generatingFunctionalℂ GaussianField.instMeasurableSpaceConfiguration Pphi2.TestFunction2 Pphi2.EuclideanPlaneBackground.ComplexTestFunction Pphi2.EuclideanPlaneBackground.Distribution
thm	Pphi2.evalAsymAtFinSiteGJ_apply	Pphi2.AsymTorus.AsymTorusEmbedding	GaussianField.NuclearTensorProduct.instModuleReal GaussianField.NuclearTensorProduct.instTopologicalSpace GaussianField.FinLatticeSites GaussianField.NuclearTensorProduct.instAddCommGroup Pphi2.evalAsymAtFinSite Pphi2.evalAsymAtFinSiteGJ GaussianField.SmoothMap_Circle GaussianField.AsymTorusTestFunction Pphi2.asymGeomSpacing
thm	Pphi2.latticeEmbedLift.congr_simp	Pphi2.ContinuumLimit.Hypercontractivity	Pphi2.EuclideanPlaneBackground.SpaceTime Pphi2.planeBackground GaussianField.FinLatticeSites Pphi2.EuclideanPlaneBackground.dim GaussianField.Configuration Pphi2.latticeEmbedLift Pphi2.ContinuumTestFunction GaussianField.FinLatticeField
thm	Pphi2.asymCanonicalSmoothFieldFunction_measurable	Pphi2.NelsonEstimate.AsymFieldDecomposition	Pphi2.asymCanonicalSmoothFieldFunction_pointwise_measurable GaussianField.AsymLatticeSites Pphi2.AsymCanonicalJoint GaussianField.AsymLatticeField Pphi2.asymCanonicalSmoothFieldFunction Pphi2.AsymCanonicalMode
def	Pphi2.asymCanonicalEigenvalue	Pphi2.NelsonEstimate.AsymFieldDecomposition	GaussianField.latticeEigenvalue1d Pphi2.AsymCanonicalMode
thm	Pphi2.torusInteractingMeasure_gf_latticeTranslation_invariant	Pphi2.TorusContinuumLimit.TorusInteractingOS	GaussianField.NuclearTensorProduct.instModuleReal GaussianField.circleTranslation GaussianField.NuclearTensorProduct.instTopologicalSpace GaussianField.nuclearTensorProduct_mapCLM GaussianField.evalTorusAtSite_latticeTranslation GaussianField.SmoothMap_Circle.instAddCommGroup GaussianField.FinLatticeSites GaussianField.NuclearTensorProduct.instIsTopologicalAddGroup Pphi2.torusEmbedLift Pphi2.torusGeneratingFunctional Pphi2.torusEmbedLift_measurable Pphi2.interactingLatticeMeasure GaussianField.translateSites GaussianField.NuclearTensorProduct.instAddCommGroup GaussianField.torusTranslation GaussianField.evalTorusAtSiteGJ_apply' GaussianField.evalTorusAtSite GaussianField.SmoothMap_Circle.instModule GaussianField.configuration_eval_measurable GaussianField.SmoothMap_Circle.instContinuousSMul GaussianField.Configuration GaussianField.smoothCircle_dyninMityaginSpace GaussianField.SmoothMap_Circle.instIsTopologicalAddGroup GaussianField.NuclearTensorProduct.instContinuousSMulReal GaussianField.SmoothMap_Circle GaussianField.circleSpacing GaussianField.instMeasurableSpaceConfiguration Pphi2.latticeTestFn Pphi2.torusEmbedLift_eval_eq Pphi2.torusInteractingMeasure_isProbability Pphi2.torusInteractingMeasure GaussianField.FinLatticeField GaussianField.TorusTestFunction GaussianField.SmoothMap_Circle.instTopologicalSpace GaussianField.circleSpacing_pos
thm	Pphi2.asymTorusInteractingMeasureIso_exponentialMomentBound_cutoff_of_nelson	Pphi2.AsymTorus.AsymCutoffBound	GaussianField.NuclearTensorProduct.instModuleReal Lattice.toSemilatticeSup GaussianField.NuclearTensorProduct.instTopologicalSpace Pphi2.partitionFunctionAsym_ge_one GaussianField.AsymLatticeSites GaussianField.measure Pphi2.asymTorusEmbedLiftIso_measurable GaussianField.ell2_separableSpace Pphi2.partitionFunctionAsym_pos GaussianField.asymLatticeField_dyninMityaginSpace Pphi2.asymTorusEmbedLiftIso_eval_eq GaussianField.NuclearTensorProduct.instIsTopologicalAddGroup Pphi2.asymLatticeTestFnIso Pphi2.boltzmannWeightAsym Pphi2.boltzmannWeightAsym_pos Pphi2.asymTorusEmbedLiftIso Pphi2.interactionFunctionalAsym_bounded_below GaussianField.NuclearTensorProduct.instAddCommGroup Pphi2.partitionFunctionAsym GaussianField.gaussian_exp_abs_moment Pphi2.asymTorusInteractingMeasureIso GaussianField.configuration_eval_measurable GaussianField.Configuration Pphi2.density_transfer_bound_iso GaussianField.NuclearTensorProduct.instContinuousSMulReal GaussianField.AsymLatticeField GaussianField.SmoothMap_Circle Pphi2.latticeGaussianMeasureAsym Pphi2.interactingLatticeMeasureAsym Pphi2.interactionFunctionalAsym GaussianField.instMeasurableSpaceConfiguration GaussianField.latticeCovarianceAsymGJ GaussianField.AsymTorusTestFunction GaussianField.ell2' Pphi2.interactionFunctionalAsym_measurable
thm	GaussianField.cos_zmod_pred	Lattice.CirculantDFT	Lattice.toSemilatticeInf
thm	GaussianField.latticeTranslation.congr_simp	Pphi2.InteractingMeasure.LatticeEuclideanTime	GaussianField.FinLatticeSites GaussianField.latticeTranslation GaussianField.FinLatticeField
thm	Pphi2.DynamicalCutoff.degreeDynamicalCutoffScale_pos	Pphi2.NelsonEstimate.DynamicalCutoff	Pphi2.DynamicalCutoff.degreeDynamicalCutoffScale Pphi2.DynamicalCutoff.degreeCutoffPower
def	Pphi2.asymLatticeTestFn	Pphi2.AsymTorus.AsymTorusEmbedding	GaussianField.NuclearTensorProduct.instModuleReal GaussianField.NuclearTensorProduct.instTopologicalSpace GaussianField.FinLatticeSites GaussianField.NuclearTensorProduct.instAddCommGroup Pphi2.evalAsymAtFinSiteGJ GaussianField.SmoothMap_Circle GaussianField.AsymTorusTestFunction GaussianField.FinLatticeField
thm	Pphi2.interactingLatticeMeasure_isProbability	Pphi2.InteractingMeasure.LatticeMeasure	GaussianField.FinLatticeSites Pphi2.partitionFunction Pphi2.boltzmannWeight_integrable Pphi2.interactingLatticeMeasure GaussianField.latticeGaussianMeasure GaussianField.Configuration GaussianField.instMeasurableSpaceConfiguration Pphi2.boltzmannWeight GaussianField.FinLatticeField Pphi2.partitionFunction_pos Pphi2.boltzmannWeight_pos
thm	Pphi2.wickFourth_wickPolynomial_inner	Pphi2.InteractingMeasure.InteractionFourPoint	GaussianField.gffSmearedCovariance_self Pphi2.gffSmearedCovariance_single_single_eq_wickConstant Pphi2.wickFourth_smeared_site_inner GaussianField.integrable_wickMonomial_smeared_mul GaussianField.FinLatticeSites GaussianField.gffSmearedCoeff GaussianField.gffPositionCovariance Pphi2.wickMonomial Pphi2.wickMonomial_eq_root_local GaussianField.latticeGaussianMeasure GaussianField.Configuration Pphi2.wickConstant GaussianField.instMeasurableSpaceConfiguration GaussianField.FinLatticeField GaussianField.gffSmearedCovariance Pphi2.wickPolynomial
def	Pphi2.canonicalSmoothCovariance	Pphi2.NelsonEstimate.FieldDecomposition	Pphi2.canonicalSmoothWeight GaussianField.FinLatticeSites GaussianField.latticeFourierProductBasisFun GaussianField.latticeFourierProductNormSq
thm	Pphi2.asymSliceObsTruncMulCLM_isSelfAdjoint	Pphi2.AsymTorus.AsymObsTrunc	Pphi2.L2SpatialField Pphi2.asymSliceObsTrunc_measurable Pphi2.SpatialField Pphi2.asymSliceObsTruncMulCLM Pphi2.asymSliceObsTrunc Pphi2.asymSliceObsTrunc_abs_le_bound
thm	Pphi2.interactingPartitionFunction_map_measurableEquiv	Pphi2.InteractingMeasure.FieldRedefinition	Pphi2.interactingPartitionFunction Pphi2.interactingBoltzmannWeight GaussianField.Configuration GaussianField.instMeasurableSpaceConfiguration
def	GaussianField.translateSites	Torus.Evaluation	GaussianField.FinLatticeSites
def	GaussianField.schwartzRapidDecayEquiv1D	SchwartzNuclear.HermiteTensorProduct	GaussianField.RapidDecaySeq GaussianField.RapidDecaySeq.instModule GaussianField.RapidDecaySeq.instAddCommGroup GaussianField.RapidDecaySeq.instTopologicalSpace
thm	GaussianField.modePartner_cos	HeatKernel.GreenInvariance	GaussianField.modePartner
thm	GaussianField.measurable_evalMapAsym	GaussianField.DensityAsym	GaussianField.AsymLatticeSites GaussianField.configuration_eval_measurable GaussianField.Configuration GaussianField.AsymLatticeField GaussianField.evalMapAsym GaussianField.instMeasurableSpaceConfiguration GaussianField.asymLatticeDelta
def	Pphi2.TestFunction2ℂ	Pphi2.Backgrounds.EuclideanPlane2D	Pphi2.ContinuumComplexTestFunction
thm	Pphi2.pphi2_generating_functional_real	Pphi2.ContinuumLimit.CharacteristicFunctional	Pphi2.EuclideanPlaneBackground.SpaceTime Pphi2.FieldConfig2 Pphi2.pphi2_measure_neg_invariant Pphi2.EuclideanPlaneBackground.RealTestFunction Pphi2.planeBackground Pphi2.EuclideanPlaneBackground.dim Pphi2.IsPphi2Limit Pphi2.plane2Background GaussianField.configuration_eval_measurable GaussianField.Configuration GaussianField.instMeasurableSpaceConfiguration Pphi2.configuration_neg_measurable Pphi2.TestFunction2 Pphi2.EuclideanOS.generatingFunctional Pphi2.EuclideanPlaneBackground.Distribution
def	GaussianField.heatKernelBilinear	HeatKernel.Bilinear	GaussianField.DyninMityaginSpace GaussianField.HasLaplacianEigenvalues
thm	Pphi2.wickMonomialAsym_latticeGaussian	Pphi2.AsymTorus.AsymWickMean	Pphi2.wickConstantAsym_pos GaussianField.AsymLatticeSites GaussianField.measure GaussianField.ell2_separableSpace Pphi2.wickConstantAsym GaussianField.asymLatticeField_dyninMityaginSpace Pphi2.gaussian_hermite_zero_mean Pphi2.wickConstantAsym_eq_variance Pphi2.wickMonomial GaussianField.pairing_is_gaussian GaussianField.configuration_eval_measurable GaussianField.Configuration GaussianField.AsymLatticeField Pphi2.latticeGaussianMeasureAsym GaussianField.instMeasurableSpaceConfiguration GaussianField.latticeCovarianceAsymGJ GaussianField.asymLatticeDelta GaussianField.ell2'
thm	Pphi2.smoothWickConstant.congr_simp	Pphi2.NelsonEstimate.DynamicalCutoff	Pphi2.smoothWickConstant
thm	Pphi2.polynomial_chaos_exp_moment_bridge_bounded_of_cutoffTail	Pphi2.NelsonEstimate.PolynomialChaosBridge	Pphi2.degreeCutoffTail Pphi2.canonicalJointMeasure GaussianField.FinLatticeSites Pphi2.canonicalSmoothInteraction GaussianField.latticeGaussianMeasure Pphi2.DynamicalCutoff.degreeDynamicalCutoffScale GaussianField.Configuration GaussianField.instMeasurableSpaceConfiguration GaussianField.FinLatticeField Pphi2.canonicalRoughError Pphi2.polynomial_chaos_exp_moment_bridge_bounded_of_tail Pphi2.interactionFunctional Pphi2.degreePiecewiseTail Pphi2.CanonicalJoint
thm	Pphi2.partitionFn.congr_simp	Pphi2.InteractingMeasure.U4SecondDerivBound	Pphi2.partitionFn
def	GaussianField.Configuration	GaussianField.Construction
def	GaussianField.massOperator	Lattice.Laplacian	GaussianField.FinLatticeSites GaussianField.finiteLaplacian GaussianField.FinLatticeField
thm	GaussianField.latticeDFTCoeff1d_quadratic_bound	Lattice.Convergence	GaussianField.latticeDFTCoeff1d_quadratic_bound' GaussianField.SmoothMap_Circle GaussianField.latticeDFTCoeff1d
def	Common.QFT.Euclidean.SchwingerFormulation.instModuleNPointTestFunction	Common.QFT.Euclidean.Formulations	Common.QFT.Euclidean.SchwingerFormulation.instAddCommGroupNPointTestFunction Common.QFT.Euclidean.SchwingerFormulation.NPointTestFunction Common.QFT.Euclidean.SchwingerFormulation
thm	Pphi2.interactionFunctional.congr_simp	Pphi2.InteractingMeasure.LatticeMeasure	GaussianField.FinLatticeSites GaussianField.Configuration GaussianField.FinLatticeField Pphi2.interactionFunctional
thm	GaussianField.multiWickMonomial_pi_gaussianReal_inner	GaussianField.WickMultivariate	GaussianField.wickMonomial_inner_gaussianReal_one
thm	Pphi2.interactionFunctional_mean_nonpos	Pphi2.ContinuumLimit.Hypercontractivity	GaussianField.finLatticeDelta GaussianField.FinLatticeSites GaussianField.latticeGaussianMeasure GaussianField.Configuration Pphi2.wickConstant GaussianField.instMeasurableSpaceConfiguration GaussianField.FinLatticeField Pphi2.interactionFunctional Pphi2.wickPolynomial_integral_eq_coeff_zero Pphi2.wickPolynomial
def	GaussianHilbert.ouNoise	GaussianHilbert.OUEigenfunctions
def	Common.QFT.Euclidean.Formulation.positiveTimeTestFunctions	Common.QFT.Euclidean.Formulations	Common.QFT.Euclidean.Formulation.TestFunction Common.QFT.Euclidean.Formulation
thm	GaussianField.isBoundedSeq_of_le	HeatKernel.Axioms	GaussianField.IsBoundedSeq
thm	Pphi2.asymEvalMap_evalMapInv	Pphi2.NelsonEstimate.AsymFieldDecomposition	GaussianField.AsymLatticeSites GaussianField.Configuration GaussianField.AsymLatticeField Pphi2.asymEvalMapInv_apply GaussianField.instFintypeAsymLatticeSitesOfNeZeroNat Pphi2.asymEvalMap GaussianField.asymLatticeDelta Pphi2.asymEvalMapInv
thm	Pphi2.withDensity_comp_map_measurableEquiv	Pphi2.AsymTorus.AsymMeasureFactorization
def	GaussianField.cylinderMassOperator	Cylinder.MassOperatorConstruction	GaussianField.NuclearTensorProduct.instModuleReal GaussianField.NuclearTensorProduct.instTopologicalSpace GaussianField.CylinderTestFunction GaussianField.NuclearTensorProduct.instAddCommGroup GaussianField.massOperatorCoord GaussianField.SmoothMap_Circle GaussianField.ell2'
struct	GaussianField.HasLaplacianEigenvalues	HeatKernel.Bilinear	GaussianField.DyninMityaginSpace
thm	Pphi2.smooth_interaction_lower_bound_log_uniform	Pphi2.NelsonEstimate.SmoothLowerBound	Pphi2.smoothWickConstant Pphi2.smoothCovEigenvalue_pos Pphi2.smoothVariance_le_log_uniform GaussianField.FinLatticeSites Pphi2.smoothVarianceConstant Pphi2.wickMonomial Pphi2.smoothBoundConstant Pphi2.smooth_interaction_lower_bound_volume Pphi2.smoothVarianceConstant_pos Pphi2.smoothCovEigenvalue
thm	Common.QFT.Euclidean.SchwingerFormulation.realToComplex_continuous	Common.QFT.Euclidean.Formulations	Common.QFT.Euclidean.SchwingerFormulation.instTopologicalSpaceTestFunction Common.QFT.Euclidean.Formulation.TestFunction Common.QFT.Euclidean.Formulation.ComplexTestFunction Common.QFT.Euclidean.SchwingerFormulation.toFormulation Common.QFT.Euclidean.SchwingerFormulation.realToComplex Common.QFT.Euclidean.SchwingerFormulation Common.QFT.Euclidean.SchwingerFormulation.instTopologicalSpaceComplexTestFunction
def	Pphi2.SatisfiesFullOS	Pphi2.OSAxioms	Pphi2.EuclideanPlaneBackground.SpaceTime Pphi2.FieldConfig2 Pphi2.EuclideanPlaneBackground.RealTestFunction Pphi2.planeBackground Pphi2.EuclideanOS.SatisfiesFullOS Pphi2.EuclideanPlaneBackground.dim Pphi2.plane2Background GaussianField.instMeasurableSpaceConfiguration Pphi2.plane2TimeStructure
thm	Pphi2.os4_lattice_from_gap	Pphi2.OSProofs.OS4_Ergodicity	Pphi2.massGap_pos Pphi2.massGap
thm	GaussianField.cylinderMassOperator_coord	Cylinder.MassOperatorConstruction	GaussianField.NuclearTensorProduct.instModuleReal GaussianField.NuclearTensorProduct.instTopologicalSpace GaussianField.CylinderTestFunction GaussianField.NuclearTensorProduct.instAddCommGroup GaussianField.massOperatorCoord GaussianField.cylinderMassOperator GaussianField.SmoothMap_Circle GaussianField.ell2'
def	Pphi2.wickConstantAsym	Pphi2.AsymTorus.AsymLatticeMeasure	GaussianField.AsymLatticeSites GaussianField.massEigenvaluesAsym GaussianField.instFintypeAsymLatticeSitesOfNeZeroNat
thm	GaussianField.latticeFullReflectionMatrix_commute_negLaplacian	Lattice.Symmetry	GaussianField.latticeFullReflectionMatrix GaussianField.FinLatticeSites GaussianField.negLaplacianMatrix.congr_simp GaussianField.negLaplacianMatrix_isHermitian GaussianField.negLaplacianMatrix GaussianField.negLaplacianMatrix_toeplitz
def	GaussianField.MultiIndex	SchwartzNuclear.HermiteTensorProduct
def	Pphi2.LatticeSetup.latticeRoughError	Pphi2.NelsonEstimate.LatticeSetup	Pphi2.LatticeSetup.latticeSmoothInteraction GaussianField.FinLatticeSites GaussianField.Configuration GaussianField.FinLatticeField Pphi2.interactionFunctional
thm	Pphi2.wickMonomial_two_add	Pphi2.NelsonEstimate.WickBinomial	Pphi2.wickMonomial
axiom	Pphi2.asymGroundStateRep_eq_groundIsometry_one	Pphi2.AsymTorus.AsymBridgeInstance	Pphi2.SpatialField Pphi2.asymGroundVector Pphi2.asymGroundStateRep_measurable Pphi2.asymGroundStateRep_isProbabilityMeasure Pphi2.asymGroundStateRep
thm	GaussianField.continuous_eval_at	SmoothCircle.Restriction	GaussianField.SmoothMap_Circle.instFunLike GaussianField.SmoothMap_Circle.smoothCircle_withSeminorms GaussianField.SmoothMap_Circle.smul_apply GaussianField.SmoothMap_Circle.instAddCommGroup GaussianField.SmoothMap_Circle.add_apply GaussianField.SmoothMap_Circle.norm_iteratedDeriv_le_sobolevSeminorm' GaussianField.SmoothMap_Circle.instSMul GaussianField.SmoothMap_Circle.instModule GaussianField.SmoothMap_Circle GaussianField.SmoothMap_Circle.sobolevSeminorm GaussianField.SmoothMap_Circle.instTopologicalSpace
thm	GaussianField.SmoothMap_Circle.fourierCoeffReal_smul	SmoothCircle.Basic	GaussianField.SmoothMap_Circle.instFunLike GaussianField.SmoothMap_Circle.fourierCoeffReal GaussianField.SmoothMap_Circle.fourierBasisFun GaussianField.SmoothMap_Circle.instSMul GaussianField.SmoothMap_Circle
thm	GaussianField.measure_isGaussian	GaussianField.IsGaussian	GaussianField.DyninMityaginSpace GaussianField.measure GaussianField.second_moment_eq_covariance GaussianField.weakDual_clm_eq_eval GaussianField.measure_centered GaussianField.pairing_is_gaussian GaussianField.configuration_eval_measurable GaussianField.Configuration GaussianField.instMeasurableSpaceConfiguration
thm	Pphi2.u4Deriv.congr_simp	Pphi2.InteractingMeasure.U4AffineBound	GaussianField.FinLatticeField Pphi2.u4Deriv
thm	GaussianField.finiteLaplacianAsym.congr_simp	Lattice.AsymCovariance	GaussianField.AsymLatticeSites GaussianField.finiteLaplacianAsym GaussianField.AsymLatticeField
thm	Pphi2.abs_interacting_moment_le	Pphi2.InteractingMeasure.InteractingMomentBound	Pphi2.interacting_moment_le_L2_of_expBound Pphi2.partitionFn_ge_one GaussianField.FinLatticeSites GaussianField.latticeGaussianMeasure GaussianField.Configuration GaussianField.instMeasurableSpaceConfiguration GaussianField.FinLatticeField Pphi2.interactionFunctional
thm	GaussianField.field_basis_decomposition_density	GaussianField.Density	GaussianField.finLatticeDelta GaussianField.FinLatticeSites GaussianField.FinLatticeField
thm	GaussianField.gffOrthonormalCoord_normal	GaussianField.StandardGaussianBridge	GaussianField.latticeCovarianceGJ_eigenvector_inner_self GaussianField.finLatticeField_dyninMityaginSpace GaussianField.measure GaussianField.ell2_separableSpace GaussianField.FinLatticeSites GaussianField.latticeCovarianceGJ GaussianField.gffOrthonormalCoord GaussianField.pairing_is_gaussian GaussianField.latticeGaussianMeasure GaussianField.configuration_eval_measurable GaussianField.Configuration GaussianField.massEigenvalues GaussianField.massEigenvectorBasis GaussianField.instMeasurableSpaceConfiguration GaussianField.massOperatorMatrix_eigenvalues_pos GaussianField.ell2' GaussianField.FinLatticeField Lattice.toSemilatticeInf
def	Pphi2.slicePairing	Pphi2.AsymTorus.AsymVarianceDischarge	GaussianField.AsymLatticeSites Pphi2.SpatialField Pphi2.asymSliceEquiv GaussianField.AsymLatticeField
thm	GaussianField.resolventQuotientSymbol_pos	SchwartzFourier.ResolventUniformBound	GaussianField.resolventQuotientSymbol Lattice.toSemilatticeInf
thm	GaussianField.RapidDecaySeq.hasSum_basisVec	Nuclear.NuclearTensorProduct	GaussianField.RapidDecaySeq.rapidDecaySeminorm GaussianField.RapidDecaySeq GaussianField.RapidDecaySeq.val GaussianField.RapidDecaySeq.instSMul GaussianField.RapidDecaySeq.instModule GaussianField.RapidDecaySeq.basisVec GaussianField.RapidDecaySeq.instAddCommGroup GaussianField.RapidDecaySeq.instTopologicalSpace GaussianField.RapidDecaySeq.weight_nonneg GaussianField.RapidDecaySeq.rapidDecay_withSeminorms GaussianField.RapidDecaySeq.rapid_decay Lattice.toSemilatticeInf
thm	GaussianField.asymLatticeBasisVec.congr_simp	Lattice.AsymFiniteField	GaussianField.AsymLatticeSites GaussianField.asymLatticeBasisVec
thm	Pphi2.asymCanonicalSmoothInteraction_lower_bound_log_uniform	Pphi2.NelsonEstimate.AsymSmoothLowerBound	Pphi2.wickPolynomial_lower_bound_general GaussianField.AsymLatticeSites Pphi2.asymSmoothWickConstant_le_log_uniform Pphi2.AsymCanonicalJoint Pphi2.asymSmoothWickConstant GaussianField.instFintypeAsymLatticeSitesOfNeZeroNat Pphi2.asymCanonicalSmoothInteraction Pphi2.DynamicalCutoff.degreeCutoffPower Pphi2.asymCanonicalSmoothFieldFunction Lattice.toSemilatticeInf Pphi2.wickPolynomial
def	GaussianField.finiteLaplacianLM	Lattice.Laplacian	GaussianField.FinLatticeSites GaussianField.finiteLaplacianFun GaussianField.FinLatticeField
thm	Pphi2.embeddedTwoPoint_eq_latticeGreenBilinear	Pphi2.GaussianContinuumLimit.EmbeddedCovariance	Pphi2.latticeTestField GaussianField.covariance GaussianField.FinLatticeSites GaussianField.latticeCovarianceGJ GaussianField.lattice_covariance_GJ_eq_spectral Pphi2.embeddedTwoPoint_eq_lattice_cross_moment Pphi2.embeddedTwoPoint GaussianField.latticeGaussianMeasure GaussianField.Configuration GaussianField.massEigenvalues Pphi2.latticeGreenBilinear GaussianField.massEigenvectorBasis GaussianField.lattice_cross_moment GaussianField.instMeasurableSpaceConfiguration Pphi2.ContinuumTestFunction GaussianField.ell2' GaussianField.FinLatticeField
thm	Pphi2.wickConstant_le_inv_mass_sq	Pphi2.WickOrdering.Counterterm	GaussianField.FinLatticeSites GaussianField.latticeLaplacianEigenvalue Pphi2.wickConstant GaussianField.latticeEigenvalue Lattice.toSemilatticeInf
thm	GaussianField.latticeHeatKernelBilinear1d_eq_spectral'	Lattice.CirculantDFT	GaussianField.latticeEigenvalue1d GaussianField.sum_fin1_eq_sum_zmod GaussianField.latticeFourierBasisFun GaussianField.SmoothMap_Circle.instAddCommGroup GaussianField.FinLatticeSites GaussianField.circleRestriction GaussianField.Matrix.IsHermitian.mulVec_exp_of_eigenvector GaussianField.latticeFourierNormSq GaussianField.SmoothMap_Circle.instModule GaussianField.SmoothMap_Circle GaussianField.dft_expansion GaussianField.latticeDFTCoeff1d GaussianField.negLaplacian1d_dft_eigenvector GaussianField.circleSpacing GaussianField.latticeHeatKernelBilinear1d GaussianField.SmoothMap_Circle.instTopologicalSpace GaussianField.latticeHeatKernelMatrix GaussianField.negLaplacianMatrix_isHermitian GaussianField.circleSpacing_pos GaussianField.negLaplacianMatrix
thm	GaussianField.CylinderSpacetimeSymmetry.preserves_T_norm_inv	Cylinder.GreenFunction	GaussianField.NuclearTensorProduct.instModuleReal GaussianField.NuclearTensorProduct.instTopologicalSpace GaussianField.CylinderSpacetimeSymmetry GaussianField.CylinderTestFunction GaussianField.NuclearTensorProduct.instAddCommGroup GaussianField.cylinderMassOperator GaussianField.SmoothMap_Circle GaussianField.CylinderSpacetimeSymmetry.inverse GaussianField.ell2'
thm	Pphi2.signedVal_neg	Pphi2.ContinuumLimit.Embedding	Pphi2.signedVal
thm	Pphi2.canonicalRoughError_neg_tail_of_stdGaussian_explicit	Pphi2.NelsonEstimate.RoughErrorBound	Pphi2.canonicalJointMeasure Pphi2.canonicalJointStdGaussianMeasurableEquiv GaussianHilbert.stdGaussianFin GaussianHilbert.wienerChaosLE Pphi2.CanonicalJointSumIndex Pphi2.ChaosTailBridge.chaos_neg_tail_bound_explicit Pphi2.canonicalJointMeasure_map_stdGaussian Pphi2.ChaosTailBridge.chaosTailConstant Pphi2.canonicalRoughError Pphi2.CanonicalJoint
def	Pphi2.hasPositiveTime2	Pphi2.Backgrounds.EuclideanPlane2D	Pphi2.EuclideanPlaneBackground.SpaceTime Pphi2.EuclideanTimeStructure.positiveTimeSet Pphi2.SpaceTime2 Pphi2.plane2Background Pphi2.plane2TimeStructure
thm	Pphi2.asymTransferOperatorCLM_eq_smul_normalized	Pphi2.AsymTorus.AsymTraceBridge	Pphi2.asymTransferNormalized Pphi2.L2SpatialField Pphi2.SpatialField Pphi2.asymTransferGroundEigenvalue_pos Pphi2.asymTransferGroundEigenvalue Pphi2.asymTransferOperatorCLM
thm	Pphi2.transferKernel_symmetric	Pphi2.TransferMatrix.TransferMatrix	Pphi2.spatialAction Pphi2.SpatialField Pphi2.transferKernel Pphi2.wickConstant Pphi2.timeCoupling
thm	GaussianField.freeHeatSemigroup_zero	Cylinder.FourierMultiplier	GaussianField.heatMultiplierCLM_zero GaussianField.freeHeatSemigroup
thm	GaussianField.ad_marginal_preservation_ennreal	Lattice.FKG	GaussianField.inf_dite_eq GaussianField.sup_dite_eq GaussianField.ahlswede_daykin_one_dim_ennreal
thm	GaussianField.SmoothMap_Circle.fromRapidDecay_continuous	SmoothCircle.Nuclear	GaussianField.SmoothMap_Circle.instFunLike GaussianField.RapidDecaySeq.rapidDecaySeminorm GaussianField.SmoothMap_Circle.smoothCircle_withSeminorms GaussianField.RapidDecaySeq GaussianField.SmoothMap_Circle.fourierBasis GaussianField.RapidDecaySeq.val GaussianField.SmoothMap_Circle.instAddCommGroup GaussianField.SmoothMap_Circle.fourierBasisFun_smooth GaussianField.SmoothMap_Circle.fourierBasisFun GaussianField.RapidDecaySeq.instSMul GaussianField.RapidDecaySeq.instModule GaussianField.SmoothMap_Circle.instSMul GaussianField.SmoothMap_Circle.instModule GaussianField.RapidDecaySeq.instAddCommGroup GaussianField.SmoothMap_Circle GaussianField.RapidDecaySeq.instTopologicalSpace GaussianField.SmoothMap_Circle.sobolevSeminorm GaussianField.RapidDecaySeq.rapidDecay_withSeminorms GaussianField.RapidDecaySeq.rapid_decay GaussianField.SmoothMap_Circle.fromRapidDecayLM GaussianField.SmoothMap_Circle.sobolevSeminorm_fourierBasis_le GaussianField.SmoothMap_Circle.instTopologicalSpace Lattice.toSemilatticeInf
thm	GaussianField.RapidDecayLattice.zero_val	Lattice.RapidDecayLattice	GaussianField.RapidDecayLattice.instZero GaussianField.RapidDecayLattice GaussianField.RapidDecayLattice.val
def	Pphi2.TorusOS2_D4Invariance	Pphi2.TorusContinuumLimit.TorusOSAxioms	GaussianField.torusTimeReflection GaussianField.NuclearTensorProduct.instModuleReal GaussianField.NuclearTensorProduct.instTopologicalSpace GaussianField.NuclearTensorProduct.instIsTopologicalAddGroup Pphi2.torusGeneratingFunctional GaussianField.torusSwap GaussianField.NuclearTensorProduct.instAddCommGroup GaussianField.Configuration GaussianField.NuclearTensorProduct.instContinuousSMulReal GaussianField.SmoothMap_Circle GaussianField.instMeasurableSpaceConfiguration GaussianField.TorusTestFunction
thm	Pphi2.continuousWithinAt_u4Deriv	Pphi2.InteractingMeasure.U4AffineBound	Pphi2.interactionFunctional_eq_single Pphi2.partitionFn_ge_one Pphi2.partitionFnDeriv GaussianField.FinLatticeSites Pphi2.interactionFunctional_measurable Pphi2.integrable_powMul_interaction Pphi2.gibbsMoment GaussianField.latticeGaussianMeasure_isProbability Pphi2.integrable_pow_pairing GaussianField.latticeGaussianMeasure GaussianField.configuration_eval_measurable GaussianField.Configuration Pphi2.continuousWithinAt_weighted_exp Pphi2.normalizedMoment Pphi2.wickConstant GaussianField.instMeasurableSpaceConfiguration Pphi2.partitionFn Pphi2.normalizedMomentDeriv Pphi2.momentDeriv GaussianField.FinLatticeField Pphi2.interactionFunctional Pphi2.u4Deriv Pphi2.wickPolynomial
def	GaussianField.HasLaplacianEigenvalues.eigenvalue	HeatKernel.Bilinear	GaussianField.DyninMityaginSpace GaussianField.HasLaplacianEigenvalues
def	GaussianField.realFourierMultiplierCLM	Cylinder.FourierMultiplier	GaussianField.schwartzToComplex GaussianField.schwartzToReal
thm	GaussianField.NuclearTensorProduct.pure_val	Nuclear.NuclearTensorProduct	GaussianField.DyninMityaginSpace GaussianField.DyninMityaginSpace.coeff GaussianField.RapidDecaySeq.val GaussianField.NuclearTensorProduct.pure
thm	GaussianField.evalMapInv_evalMapAsym	GaussianField.DensityAsym	GaussianField.AsymLatticeSites GaussianField.config_apply_eq_sum_evalMapAsym GaussianField.Configuration GaussianField.AsymLatticeField GaussianField.evalMapAsym GaussianField.instFintypeAsymLatticeSitesOfNeZeroNat GaussianField.evalMapAsymInv
thm	GaussianField.latticeFourierBasisFun_orthogonal	Lattice.CirculantDFT	GaussianField.sum_cos_zmod_eq_zero_of_pos_lt GaussianField.sum_sin_mul_sin_zmod_eq_zero GaussianField.sum_cos_mul_cos_zmod_eq_zero GaussianField.latticeFourierBasisFun GaussianField.sum_cos_mul_sin_zmod_eq_zero GaussianField.sum_sin_zmod_eq_zero
struct	Lattice	Mathlib.Order.Lattice
thm	GaussianField.val_le_seminorm	Nuclear.TensorProductFunctorAxioms	GaussianField.RapidDecaySeq.rapidDecaySeminorm GaussianField.RapidDecaySeq GaussianField.RapidDecaySeq.val GaussianField.RapidDecaySeq.instSMul GaussianField.RapidDecaySeq.instAddCommGroup GaussianField.RapidDecaySeq.rapid_decay Lattice.toSemilatticeInf
def	Pphi2.asymEvalMapInv	Pphi2.NelsonEstimate.AsymFieldDecomposition	GaussianField.AsymLatticeSites GaussianField.Configuration GaussianField.AsymLatticeField GaussianField.instFintypeAsymLatticeSitesOfNeZeroNat
thm	GaussianHilbert.stdGaussianFin_dirichletMarkovSemigroup_isHypercontractive	GaussianHilbert.HypercontractivityFromBE
def	GaussianField.spectralLatticeCovariance	Lattice.SpectralCovariance	GaussianField.FinLatticeSites GaussianField.massEigenvalues GaussianField.massEigenvectorBasis GaussianField.ell2' GaussianField.FinLatticeField
thm	Pphi2.asymTransferWeight_pos	Pphi2.AsymTorus.AsymL2Operator	Pphi2.spatialAction Pphi2.wickConstantAsym Pphi2.SpatialField Pphi2.asymTransferWeight
def	GaussianField.smoothCircle_dyninMityaginSpace	SmoothCircle.Nuclear	GaussianField.DyninMityaginSpace GaussianField.DyninMityaginSpace.ofRapidDecayEquiv GaussianField.SmoothMap_Circle.smoothCircle_withSeminorms GaussianField.SmoothMap_Circle.smoothCircleRapidDecayEquiv GaussianField.SmoothMap_Circle.instAddCommGroup GaussianField.SmoothMap_Circle.instModule GaussianField.SmoothMap_Circle.instContinuousSMul GaussianField.SmoothMap_Circle.instIsTopologicalAddGroup GaussianField.SmoothMap_Circle GaussianField.SmoothMap_Circle.sobolevSeminorm GaussianField.SmoothMap_Circle.instTopologicalSpace
def	Pphi2.signedVal	Pphi2.ContinuumLimit.Embedding
thm	GaussianField.perModeL2SqNorm.congr_simp	Cylinder.MassOperatorEquivariance	GaussianField.CylinderTestFunction GaussianField.perModeL2SqNorm
thm	Pphi2.asymTransferOperatorCLM.congr_simp	Pphi2.AsymTorus.AsymJentzsch	Pphi2.L2SpatialField Pphi2.SpatialField Pphi2.asymTransferOperatorCLM
def	GaussianField.latticeEigenvalue	Lattice.Laplacian	GaussianField.latticeLaplacianEigenvalue
thm	Pphi2.asymTransferGroundEigenvalue.congr_simp	Pphi2.AsymTorus.AsymGappedTransfer	Pphi2.asymTransferGroundEigenvalue
thm	GaussianField.finiteLaplacian_selfAdjoint	Lattice.Laplacian	GaussianField.FinLatticeSites GaussianField.finiteLaplacianFun GaussianField.finiteLaplacian GaussianField.FinLatticeField
thm	Pphi2.asymCanonicalSmoothCovariance_eq_sum_gamma_mul_gamma	Pphi2.NelsonEstimate.AsymCrossTermL2Identity	Pphi2.asymCanonicalSmoothCovariance GaussianField.AsymLatticeSites Pphi2.asymCanonicalBasis Pphi2.asymCanonicalSmoothModeCoeff GaussianField.latticeFourierNormSq GaussianField.latticeFourierNormSq_pos Pphi2.asymCanonicalSmoothGamma Pphi2.asymCanonicalSmoothWeight Pphi2.AsymCanonicalMode Pphi2.asymCanonicalNormSq
thm	Pphi2.asymCanonicalSumFieldLaw_eq_map_asymCanonicalSumFieldFunction	Pphi2.NelsonEstimate.AsymFieldDecomposition	GaussianField.AsymLatticeSites Pphi2.asymCanonicalSumFieldLaw Pphi2.AsymCanonicalJointSumIndex Pphi2.AsymCanonicalJoint Pphi2.asymCanonicalSumFieldFunction Pphi2.asymCanonicalStdFieldFunction_eq_asymCanonicalSumFieldFunction GaussianField.AsymLatticeField GaussianField.instFintypeAsymLatticeSitesOfNeZeroNat Pphi2.asymCanonicalJointMeasure_map_stdGaussianEuclidean Pphi2.asymCanonicalStdToFieldCLM Pphi2.asymCanonicalJointMeasure Pphi2.AsymCanonicalMode
def	Pphi2.canonicalRoughGamma	Pphi2.NelsonEstimate.FieldDecomposition	GaussianField.FinLatticeSites
thm	GaussianField.gffPositionCovariance.congr_simp	GaussianField.WickMultivariate	GaussianField.FinLatticeSites GaussianField.gffPositionCovariance
thm	GaussianField.cylinderGreen_nonneg	Cylinder.GreenFunction	GaussianField.NuclearTensorProduct.instModuleReal GaussianField.NuclearTensorProduct.instTopologicalSpace GaussianField.CylinderTestFunction GaussianField.cylinderGreen GaussianField.NuclearTensorProduct.instAddCommGroup GaussianField.cylinderMassOperator GaussianField.SmoothMap_Circle GaussianField.ell2'
thm	Pphi2.measurePreserving_sliceReindex	Pphi2.AsymTorus.AsymMeasureFactorization	Pphi2.sliceReindexMeasurableEquiv Pphi2.SpatialField
thm	GaussianField.circleRestrictionGJ.congr_simp	SmoothCircle.Restriction	GaussianField.SmoothMap_Circle.instAddCommGroup GaussianField.circleRestrictionGJ GaussianField.SmoothMap_Circle.instModule GaussianField.SmoothMap_Circle GaussianField.SmoothMap_Circle.instTopologicalSpace
thm	Pphi2.latticeMeasure_translation_invariant	Pphi2.OSProofs.OS2_WardIdentity	Pphi2.latticeTranslation GaussianField.finLatticeDelta GaussianField.evalMap GaussianField.FinLatticeSites Pphi2.partitionFunction Pphi2.gaussianDensity_translation_invariant GaussianField.evalMapMeasurableEquiv Pphi2.interactionFunctional_measurable Pphi2.interactingLatticeMeasure GaussianField.latticeGaussianMeasure GaussianField.Configuration GaussianField.latticeGaussianMeasure_density_integral' Pphi2.wickConstant GaussianField.instMeasurableSpaceConfiguration Pphi2.boltzmannWeight GaussianField.gaussianDensity GaussianField.FinLatticeField Pphi2.interactionFunctional Pphi2.wickPolynomial Pphi2.boltzmannWeight_pos
thm	Pphi2.canonicalSumFieldFunction_memLp_two	Pphi2.NelsonEstimate.FieldDecomposition	Pphi2.canonicalJointMeasure Pphi2.canonicalRoughFieldFunction_memLp_two GaussianField.FinLatticeSites Pphi2.canonicalSmoothFieldFunction_memLp_two Pphi2.canonicalSumFieldFunction Pphi2.canonicalRoughFieldFunction Pphi2.canonicalSmoothFieldFunction Pphi2.CanonicalJoint
def	Pphi2.EuclideanPlaneBackground.actionComplex	Pphi2.Backgrounds.EuclideanPlane	Pphi2.EuclideanPlaneBackground.SpaceTime Pphi2.EuclideanPlaneBackground.inversePointAction Pphi2.EuclideanPlaneBackground.dim Pphi2.EuclideanPlaneBackground.Motion Pphi2.EuclideanPlaneBackground Pphi2.EuclideanPlaneBackground.ComplexTestFunction
def	Pphi2.OS0_Analyticity	Pphi2.OSAxioms	Pphi2.EuclideanPlaneBackground.SpaceTime Pphi2.FieldConfig2 Pphi2.EuclideanPlaneBackground.RealTestFunction Pphi2.planeBackground Pphi2.EuclideanPlaneBackground.dim Pphi2.plane2Background GaussianField.instMeasurableSpaceConfiguration Pphi2.EuclideanOS.OS0_Analyticity
thm	Pphi2.schwartzIm_sum_complex_smul	Pphi2.EuclideanComplex	Pphi2.EuclideanPlaneBackground.SpaceTime Pphi2.EuclideanPlaneBackground.RealTestFunction Pphi2.EuclideanPlaneBackground.dim Pphi2.EuclideanOS.schwartzIm Pphi2.EuclideanOS.schwartzRe Pphi2.EuclideanPlaneBackground Pphi2.EuclideanPlaneBackground.ComplexTestFunction
def	Pphi2.asymGroundEnergyLevel	Pphi2.AsymTorus.AsymPositivity	Pphi2.asymTransferGroundEigenvalue
thm	Pphi2.singleSliceLatticeField_smul	Pphi2.AsymTorus.AsymB5bSingleSlice	Pphi2.singleSliceFamily_smul GaussianField.AsymLatticeSites Pphi2.SpatialField Pphi2.asymSliceEquiv Pphi2.singleSliceFamily GaussianField.AsymLatticeField Pphi2.singleSliceLatticeField
thm	Pphi2.asymCanonicalRoughFieldFunction_add	Pphi2.NelsonEstimate.AsymFieldDecomposition	GaussianField.AsymLatticeSites Pphi2.asymCanonicalRoughModeCoeff Pphi2.AsymCanonicalJoint Pphi2.asymCanonicalRoughFieldFunction Pphi2.AsymCanonicalMode
thm	Pphi2.torusGaussianLimit_complex_cf_quadratic	Pphi2.TorusContinuumLimit.TorusOSAxioms	Pphi2.torusContinuumGreen Pphi2.IsTorusGaussianContinuumLimit GaussianField.NuclearTensorProduct.instModuleReal GaussianField.NuclearTensorProduct.instTopologicalSpace GaussianField.circleHasLaplacianEigenvalues GaussianField.NuclearTensorProduct.dyninMityaginSpace GaussianField.SmoothMap_Circle.instAddCommGroup GaussianField.NuclearTensorProduct.instIsTopologicalAddGroup Pphi2.torusGaussianLimit_characteristic_functional Pphi2.torusGeneratingFunctionalℂ.congr_simp GaussianField.tensorProductHasLaplacianEigenvalues Pphi2.torusGeneratingFunctional GaussianField.NuclearTensorProduct.instAddCommGroup GaussianField.greenFunctionBilinear_finset_sum GaussianField.SmoothMap_Circle.instModule GaussianField.SmoothMap_Circle.instContinuousSMul GaussianField.Configuration GaussianField.smoothCircle_dyninMityaginSpace GaussianField.SmoothMap_Circle.instIsTopologicalAddGroup GaussianField.NuclearTensorProduct.instContinuousSMulReal GaussianField.SmoothMap_Circle GaussianField.instMeasurableSpaceConfiguration Pphi2.torusGeneratingFunctionalℂ Pphi2.torusGeneratingFunctionalℂ_analyticOnNhd GaussianField.TorusTestFunction GaussianField.SmoothMap_Circle.instTopologicalSpace GaussianField.greenFunctionBilinear
thm	GaussianField.massOperatorMatrix_isHermitian	Lattice.SpectralCovariance	GaussianField.massOperator_selfAdjoint GaussianField.massOperatorMatrix GaussianField.finLatticeDelta GaussianField.FinLatticeSites GaussianField.massOperator GaussianField.FinLatticeField
thm	Pphi2.lattice_second_moment_le_mass_inv	Pphi2.TorusContinuumLimit.TorusPropagatorConvergence	GaussianField.latticeCovariance_GJ_eq_inv_smul_bare GaussianField.finLatticeField_dyninMityaginSpace GaussianField.measure GaussianField.ell2_separableSpace GaussianField.second_moment_eq_covariance GaussianField.latticeCovariance GaussianField.FinLatticeSites GaussianField.latticeCovarianceGJ GaussianField.latticeGaussianMeasure GaussianField.Configuration GaussianField.instMeasurableSpaceConfiguration Pphi2.covariance_inner_le_mass_inv_sq_norm_sq GaussianField.ell2' GaussianField.FinLatticeField
thm	Pphi2.prokhorov_configuration_sequential	Pphi2.ContinuumLimit.Convergence	Pphi2.EuclideanPlaneBackground.SpaceTime GaussianField.schwartz_dyninMityaginSpace Pphi2.planeBackground Pphi2.EuclideanPlaneBackground.dim GaussianField.prokhorov_configuration GaussianField.Configuration GaussianField.instMeasurableSpaceConfiguration Pphi2.ContinuumTestFunction
thm	GaussianField.nat_pair_bound	Nuclear.NuclearTensorProduct
thm	GaussianHilbert.ouNoise_sq	GaussianHilbert.OUEigenfunctions	GaussianHilbert.ouNoise GaussianHilbert.one_sub_exp_neg_two_nonneg
thm	Pphi2.wickConstantAsym_pos	Pphi2.AsymTorus.AsymLatticeMeasure	GaussianField.AsymLatticeSites Pphi2.wickConstantAsym GaussianField.massEigenvaluesAsym GaussianField.massOperatorMatrixAsym_eigenvalues_pos GaussianField.instFintypeAsymLatticeSitesOfNeZeroNat
thm	GaussianField.mgf_at_scaled	Pphi2.TorusContinuumLimit.MeasureUniqueness	GaussianField.Configuration GaussianField.instMeasurableSpaceConfiguration
thm	GaussianField.qftSingularValue_nonneg	HeatKernel.Axioms	GaussianField.qftSingularValue GaussianField.qftEigenvalue GaussianField.qftEigenvalue_pos
thm	Pphi2.ContinuumTestFunction_eq	Pphi2.Backgrounds.EuclideanPlane	Pphi2.ContinuumTestFunction
thm	Pphi2.torus_interacting_tightness	Pphi2.TorusContinuumLimit.TorusInteractingLimit	GaussianField.NuclearTensorProduct.instModuleReal GaussianField.NuclearTensorProduct.instTopologicalSpace GaussianField.finLatticeField_dyninMityaginSpace GaussianField.measure GaussianField.ell2_separableSpace GaussianField.NuclearTensorProduct.dyninMityaginSpace Pphi2.interactionFunctional_bounded_below GaussianField.FinLatticeSites GaussianField.NuclearTensorProduct.instIsTopologicalAddGroup Pphi2.torusEmbedLift Pphi2.partitionFunction GaussianField.latticeCovarianceGJ Pphi2.interactionFunctional_measurable GaussianField.pairing_memLp Pphi2.torusEmbedLift_measurable Pphi2.interactingLatticeMeasure GaussianField.NuclearTensorProduct.instAddCommGroup GaussianField.latticeGaussianMeasure GaussianField.configuration_eval_measurable GaussianField.Configuration GaussianField.NuclearTensorProduct.instContinuousSMulReal GaussianField.SmoothMap_Circle GaussianField.circleSpacing GaussianField.instMeasurableSpaceConfiguration Pphi2.boltzmannWeight Pphi2.latticeTestFn Pphi2.torusEmbedLift_eval_eq GaussianField.ell2' Pphi2.torusInteractingMeasure_isProbability Pphi2.torusInteractingMeasure GaussianField.FinLatticeField Pphi2.torus_interacting_second_moment_uniform Pphi2.interactionFunctional GaussianField.configuration_tight_of_uniform_second_moments GaussianField.TorusTestFunction Pphi2.partitionFunction_pos GaussianField.circleSpacing_pos Pphi2.boltzmannWeight_pos
thm	GaussianField.monotone_max_neg	Lattice.FKG
thm	GaussianField.ntpExtractSlice_a_decay	Cylinder.MassOperatorConstruction	GaussianField.RapidDecaySeq.rapidDecaySeminorm GaussianField.ntpExtractSlice GaussianField.RapidDecaySeq GaussianField.RapidDecaySeq.val GaussianField.RapidDecaySeq.instSMul GaussianField.RapidDecaySeq.instModule GaussianField.RapidDecaySeq.instAddCommGroup GaussianField.RapidDecaySeq.instTopologicalSpace GaussianField.NuclearTensorProduct.summable_inv_one_add_sq GaussianField.RapidDecaySeq.weight_nonneg GaussianField.RapidDecaySeq.rapid_decay GaussianField.pair_weight_le Lattice.toSemilatticeInf
thm	GaussianField.summable_coeff_mul_pow	Pphi2.GeneralResults.DyninMityaginBilinear	GaussianField.DyninMityaginSpace GaussianField.DyninMityaginSpace.coeff GaussianField.DyninMityaginSpace.coeff_decay GaussianField.DyninMityaginSpace.ι GaussianField.DyninMityaginSpace.p Lattice.toSemilatticeInf
thm	GaussianField.negLaplacianMatrix_isHermitian	Lattice.HeatKernel	GaussianField.massOperatorMatrix_isHermitian GaussianField.FinLatticeSites GaussianField.negLaplacianMatrix
def	Pphi2.distribPairing	Pphi2.OSAxioms	Pphi2.FieldConfig2 Pphi2.EuclideanOS.distribPairing Pphi2.plane2Background Pphi2.TestFunction2
thm	Pphi2.integrable_powMul_interaction	Pphi2.InteractingMeasure.MomentIntegrability	Pphi2.integrable_powMul_wickPolynomial GaussianField.FinLatticeSites GaussianField.latticeGaussianMeasure GaussianField.Configuration Pphi2.wickConstant GaussianField.instMeasurableSpaceConfiguration GaussianField.FinLatticeField Pphi2.wickPolynomial
thm	GaussianField.circleRestrictionGJ_apply	SmoothCircle.Restriction	GaussianField.SmoothMap_Circle.instFunLike GaussianField.SmoothMap_Circle.instAddCommGroup GaussianField.circleRestriction GaussianField.circleRestrictionGJ GaussianField.circleRestriction_apply GaussianField.SmoothMap_Circle.instModule GaussianField.SmoothMap_Circle GaussianField.circleSpacing GaussianField.SmoothMap_Circle.instTopologicalSpace GaussianField.circlePoint GaussianField.circleSpacing_pos
thm	Pphi2.torus_interacting_second_moment_tendsto	Pphi2.TorusContinuumLimit.TorusInteractingMoments	GaussianField.NuclearTensorProduct.instModuleReal GaussianField.NuclearTensorProduct.instTopologicalSpace GaussianField.NuclearTensorProduct.instIsTopologicalAddGroup GaussianField.NuclearTensorProduct.instAddCommGroup Pphi2.torus_interacting_fourth_moment_uniform GaussianField.configuration_eval_measurable GaussianField.Configuration Pphi2.moment_tendsto_of_uniform GaussianField.NuclearTensorProduct.instContinuousSMulReal GaussianField.SmoothMap_Circle GaussianField.instMeasurableSpaceConfiguration Pphi2.torus_interacting_abs_pow_integrable Pphi2.limit_le_of_uniform_bound Pphi2.torusInteractingMeasure Pphi2.torus_interacting_second_moment_uniform GaussianField.TorusTestFunction Pphi2.sub_min_le_sq_div Lattice.toSemilatticeInf
thm	Pphi2.exponential_moment_bound	Pphi2.ContinuumLimit.Hypercontractivity	GaussianField.FinLatticeSites GaussianField.latticeGaussianMeasure Pphi2.nelson_exponential_estimate_master_bounded GaussianField.Configuration GaussianField.instMeasurableSpaceConfiguration GaussianField.FinLatticeField Pphi2.interactionFunctional
def	Pphi2.OS3_ReflectionPositivity	Pphi2.OSAxioms	Pphi2.EuclideanPlaneBackground.SpaceTime Pphi2.FieldConfig2 Pphi2.EuclideanPlaneBackground.RealTestFunction Pphi2.planeBackground Pphi2.EuclideanPlaneBackground.dim Pphi2.plane2Background Pphi2.EuclideanOS.OS3_ReflectionPositivity GaussianField.instMeasurableSpaceConfiguration Pphi2.plane2TimeStructure
thm	Pphi2.interactingLatticeMeasureAsym.congr_simp	Pphi2.AsymTorus.AsymExpMomentDischarge	GaussianField.AsymLatticeSites GaussianField.Configuration GaussianField.AsymLatticeField Pphi2.interactingLatticeMeasureAsym GaussianField.instMeasurableSpaceConfiguration
def	Pphi2.OS1_Regularity	Pphi2.OSAxioms	Pphi2.EuclideanPlaneBackground.SpaceTime Pphi2.FieldConfig2 Pphi2.EuclideanPlaneBackground.RealTestFunction Pphi2.planeBackground Pphi2.EuclideanPlaneBackground.dim Pphi2.plane2Background GaussianField.instMeasurableSpaceConfiguration Pphi2.EuclideanOS.OS1_Regularity
thm	Pphi2.timeTranslationVector2_ofLp_one	Pphi2.Backgrounds.EuclideanPlane2D	Pphi2.EuclideanPlaneBackground.SpaceTime Pphi2.timeReflectionLinear Pphi2.EuclideanTimeStructure.mk.congr_simp Pphi2.planeBackground Pphi2.EuclideanTimeStructure.timeAxis Pphi2.timeTranslationVector2 Pphi2.EuclideanPlaneBackground.dim Pphi2.SpaceTime2 Pphi2.timeAxis2 Pphi2.plane2Background Pphi2.EuclideanTimeStructure Pphi2.timeReflection2_involution Pphi2.plane2TimeStructure
thm	Pphi2.canonicalSmoothFieldFunction_eq_of_fst	Pphi2.NelsonEstimate.FieldDecomposition	GaussianField.FinLatticeSites Pphi2.canonicalSmoothFieldFunctionOfFst Pphi2.canonicalSmoothFieldFunction
thm	GaussianField.massOperatorAsym_eq_matrix_mulVec	Lattice.AsymCovariance	GaussianField.AsymLatticeSites GaussianField.massOperatorEntryAsym GaussianField.massOperatorMatrixAsym GaussianField.AsymLatticeField GaussianField.instFintypeAsymLatticeSitesOfNeZeroNat GaussianField.massOperatorAsym GaussianField.asymLatticeDelta
thm	GaussianHilbert.integrable_exp_linear_of_subGaussian	GaussianHilbert.PolynomialDensity	GaussianHilbert.IsSubGaussianMeasure GaussianHilbert.linearFunctional_mul_le_subGaussian_weight Lattice.toSemilatticeInf
thm	GaussianField.heatKernelBilinear_nonneg	HeatKernel.Bilinear	GaussianField.DyninMityaginSpace GaussianField.HasLaplacianEigenvalues GaussianField.DyninMityaginSpace.coeff GaussianField.HasLaplacianEigenvalues.eigenvalue GaussianField.heatKernelBilinear Lattice.toSemilatticeInf
thm	GaussianField.RapidDecaySeq.basisVec_val_ne	Nuclear.NuclearTensorProduct	GaussianField.RapidDecaySeq.val GaussianField.RapidDecaySeq.basisVec
thm	Pphi2.interactingMeasure_map_measurableEquiv	Pphi2.InteractingMeasure.FieldRedefinition	Pphi2.interactingBoltzmannWeight_ennreal_measurable Pphi2.interactingPartitionFunction Pphi2.interactingMeasure Pphi2.interactingPartitionFunction_map_measurableEquiv Pphi2.interactingBoltzmannWeight GaussianField.Configuration GaussianField.instMeasurableSpaceConfiguration
def	Pphi2.torusUrsell4	Pphi2.TorusContinuumLimit.TorusNontriviality	GaussianField.NuclearTensorProduct.instModuleReal GaussianField.NuclearTensorProduct.instTopologicalSpace GaussianField.NuclearTensorProduct.instIsTopologicalAddGroup GaussianField.NuclearTensorProduct.instAddCommGroup GaussianField.Configuration GaussianField.NuclearTensorProduct.instContinuousSMulReal GaussianField.SmoothMap_Circle GaussianField.instMeasurableSpaceConfiguration GaussianField.TorusTestFunction
thm	GaussianField.cylinderConfigSpatialTranslation_continuous	Cylinder.Symmetry	GaussianField.NuclearTensorProduct.instModuleReal GaussianField.NuclearTensorProduct.instTopologicalSpace GaussianField.cylinderSpatialTranslation GaussianField.CylinderTestFunction GaussianField.NuclearTensorProduct.instIsTopologicalAddGroup GaussianField.NuclearTensorProduct.instAddCommGroup GaussianField.cylinderConfigSpatialTranslation GaussianField.Configuration GaussianField.NuclearTensorProduct.instContinuousSMulReal GaussianField.SmoothMap_Circle
thm	GaussianField.ntpSliceSchwartz_maps_positive	Cylinder.PositiveTime	GaussianField.NuclearTensorProduct.instModuleReal GaussianField.NuclearTensorProduct.instTopologicalSpace GaussianField.cylinderPositiveTimeSubmodule GaussianField.DyninMityaginSpace.coeff GaussianField.schwartz_dyninMityaginSpace_1D GaussianField.SmoothMap_Circle.instAddCommGroup GaussianField.CylinderTestFunction GaussianField.NuclearTensorProduct.instIsTopologicalAddGroup GaussianField.schwartzPositiveTimeSubmodule GaussianField.ntpSliceSchwartz_pure GaussianField.NuclearTensorProduct.instAddCommGroup GaussianField.schwartzPositiveTimeSubmodule_isClosed GaussianField.SmoothMap_Circle.instModule GaussianField.SmoothMap_Circle.instContinuousSMul GaussianField.smoothCircle_dyninMityaginSpace GaussianField.SmoothMap_Circle.instIsTopologicalAddGroup GaussianField.NuclearTensorProduct.instContinuousSMulReal GaussianField.NuclearTensorProduct.pure GaussianField.SmoothMap_Circle GaussianField.ntpSliceSchwartz GaussianField.SmoothMap_Circle.instTopologicalSpace
def	GaussianField.NoiseSpace	GaussianField.Construction
thm	Pphi2.canonicalSmoothWickPower_two_site_marginal_eq_zero_of_ne	Pphi2.NelsonEstimate.FieldDecomposition	Pphi2.smoothWickConstant GaussianField.FinLatticeSites Pphi2.canonicalSmoothGamma Pphi2.wickMonomial Pphi2.canonicalSmoothFieldFunctionOfFst Pphi2.wickPower_two_site_pi_gaussianReal_eq_zero_of_ne Pphi2.canonicalSmoothFieldFunctionOfFst_eq_sum_gamma
thm	Pphi2.pphi2_exists	Pphi2.OSProofs.OS2_WardIdentity	Pphi2.EuclideanPlaneBackground.SpaceTime Pphi2.SatisfiesFullOS Pphi2.planeBackground Pphi2.pphi2_limit_exists Pphi2.EuclideanPlaneBackground.dim Pphi2.IsPphi2Limit Pphi2.continuumLimit_satisfies_fullOS GaussianField.Configuration GaussianField.instMeasurableSpaceConfiguration Pphi2.ContinuumTestFunction
def	GaussianField.asymTorusTranslation	Torus.AsymmetricTorus	GaussianField.NuclearTensorProduct.instModuleReal GaussianField.circleTranslation GaussianField.NuclearTensorProduct.instTopologicalSpace GaussianField.nuclearTensorProduct_mapCLM GaussianField.SmoothMap_Circle.instAddCommGroup GaussianField.NuclearTensorProduct.instAddCommGroup GaussianField.SmoothMap_Circle.instModule GaussianField.SmoothMap_Circle.instContinuousSMul GaussianField.smoothCircle_dyninMityaginSpace GaussianField.SmoothMap_Circle.instIsTopologicalAddGroup GaussianField.SmoothMap_Circle GaussianField.AsymTorusTestFunction GaussianField.SmoothMap_Circle.instTopologicalSpace
thm	GaussianField.ntpExtractSlice_val	Cylinder.PositiveTime	GaussianField.ntpExtractSlice GaussianField.RapidDecaySeq GaussianField.RapidDecaySeq.val GaussianField.RapidDecaySeq.instModule GaussianField.RapidDecaySeq.instAddCommGroup GaussianField.RapidDecaySeq.instTopologicalSpace
def	Pphi2.schwinger2	Pphi2.InteractingMeasure.General	Pphi2.interactingMeasure GaussianField.Configuration GaussianField.instMeasurableSpaceConfiguration
def	Pphi2.asymSmoothWickConstant	Pphi2.NelsonEstimate.AsymCovarianceBoundsGJ	GaussianField.AsymLatticeSites GaussianField.instFintypeAsymLatticeSitesOfNeZeroNat Pphi2.asymCanonicalSmoothWeight
thm	GaussianField.abs_sup_neg_nat_le_abs	Lattice.FKG
thm	GaussianField.NuclearTensorProduct.add_val	Nuclear.NuclearTensorProduct	GaussianField.RapidDecaySeq.val GaussianField.NuclearTensorProduct GaussianField.NuclearTensorProduct.instAddCommGroup
thm	GaussianField.torusTimeReflection_involution	Torus.Symmetry	GaussianField.torusTimeReflection GaussianField.NuclearTensorProduct.instModuleReal GaussianField.NuclearTensorProduct.instTopologicalSpace GaussianField.nuclearTensorProduct_mapCLM_comp GaussianField.nuclearTensorProduct_mapCLM_id GaussianField.nuclearTensorProduct_mapCLM GaussianField.SmoothMap_Circle.instAddCommGroup GaussianField.NuclearTensorProduct GaussianField.NuclearTensorProduct.instAddCommGroup GaussianField.smoothCircle_hasBiorthogonalBasis GaussianField.circleReflection GaussianField.SmoothMap_Circle.instModule GaussianField.SmoothMap_Circle.instContinuousSMul GaussianField.smoothCircle_dyninMityaginSpace GaussianField.SmoothMap_Circle.instIsTopologicalAddGroup GaussianField.SmoothMap_Circle GaussianField.circleReflection_involution GaussianField.TorusTestFunction GaussianField.SmoothMap_Circle.instTopologicalSpace
thm	Pphi2.leadingTerm_const_pos	Pphi2.InteractingMeasure.LeadingTerm	Pphi2.leadingTerm_const_eq GaussianField.FinLatticeSites GaussianField.gffPositionCovariance
thm	GaussianField.gaussianDensityWeight.congr_simp	GaussianField.Density	GaussianField.gaussianDensityWeight GaussianField.FinLatticeField
thm	Pphi2.canonicalSmoothInteraction_lower_bound_at_cutoff_uniform	Pphi2.NelsonEstimate.RoughErrorBound	Pphi2.DynamicalCutoff.degreeDynamicalCutoffScale_pos Pphi2.canonicalSmoothInteraction Pphi2.DynamicalCutoff.degreeDynamicalCutoffScale Pphi2.DynamicalCutoff.degreeCutoffPower Pphi2.DynamicalCutoff.degreeDynamicalCutoffScale_log_pow_le Pphi2.canonicalSmoothInteraction_lower_bound_log_uniform_in_aN Pphi2.CanonicalJoint
thm	Pphi2.asymTransferGroundEigenvalue_pos	Pphi2.AsymTorus.AsymGappedTransfer	Pphi2.AsymTransferGroundExcitedData.eigenval Pphi2.asymTransferOperator_eigenvalues_pos Pphi2.AsymTransferGroundExcitedData.i₀ Pphi2.asymTransferGroundExcitedData Pphi2.asymTransferGroundEigenvalue Pphi2.AsymTransferGroundExcitedData.b Pphi2.AsymTransferGroundExcitedData.ι Pphi2.AsymTransferGroundExcitedData.h_eigen
def	GaussianField.latticeTranslationFun	Lattice.Symmetry	GaussianField.FinLatticeSites GaussianField.FinLatticeField
thm	GaussianField.Matrix.IsHermitian.mulVec_exp_neg_smul	Lattice.HeatKernel
thm	GaussianField.HasLaplacianEigenvalues.eigenvalue_nonneg	HeatKernel.Bilinear	GaussianField.DyninMityaginSpace GaussianField.HasLaplacianEigenvalues GaussianField.HasLaplacianEigenvalues.eigenvalue
thm	Pphi2.DynamicalCutoff.dynamicalCutoffScale_pos	Pphi2.NelsonEstimate.DynamicalCutoff	Pphi2.DynamicalCutoff.dynamicalCutoffScale
thm	Pphi2.asymShift_sum_mul_eq	Pphi2.AsymTorus.AsymWickVariance	GaussianField.AsymLatticeSites Pphi2.asymShift GaussianField.AsymLatticeField GaussianField.instFintypeAsymLatticeSitesOfNeZeroNat
def	GaussianField.instFintypeAsymLatticeSitesOfNeZeroNat	Torus.AsymmetricTorus	GaussianField.AsymLatticeSites
thm	Pphi2.canonicalRoughError_l2_sq_eq_lead_plus_perCoef_sq	Pphi2.NelsonEstimate.RoughErrorBound	Pphi2.canonicalJointMeasure Pphi2.canonicalRoughError_eq_sum_over_cross_terms Pphi2.integral_sq_add_of_inner_eq_zero Pphi2.canonicalLeading_perCoeff_inner_eq_zero Pphi2.canonicalRoughError Pphi2.canonicalCrossTerm Pphi2.CanonicalJoint
thm	GaussianField.asym_field_basis_decomp_density	GaussianField.DensityAsym	GaussianField.AsymLatticeSites GaussianField.AsymLatticeField GaussianField.instFintypeAsymLatticeSitesOfNeZeroNat GaussianField.asymLatticeDelta
thm	GaussianField.greenFunctionBilinear_le	HeatKernel.Bilinear	GaussianField.DyninMityaginSpace GaussianField.l2InnerProduct GaussianField.HasLaplacianEigenvalues GaussianField.DyninMityaginSpace.coeff GaussianField.greenFunctionBilinear_summable GaussianField.HasLaplacianEigenvalues.eigenvalue GaussianField.HasLaplacianEigenvalues.eigenvalue_nonneg GaussianField.l2InnerProduct_summable GaussianField.greenFunctionBilinear Lattice.toSemilatticeInf
thm	Lattice.inf_le_right	Mathlib.Order.Lattice	Lattice Lattice.toSemilatticeSup Lattice.inf
thm	Pphi2.gaussian_second_moment_uniform	Pphi2.GaussianContinuumLimit.GaussianTightness	Pphi2.EuclideanPlaneBackground.SpaceTime Pphi2.gaussianContinuumMeasure Pphi2.planeBackground Pphi2.EuclideanPlaneBackground.dim Pphi2.embeddedTwoPoint GaussianField.Configuration GaussianField.instMeasurableSpaceConfiguration Pphi2.ContinuumTestFunction Pphi2.embeddedTwoPoint_uniform_bound
thm	GaussianHilbert.linearFunctionalPolynomial_eval	GaussianHilbert.PolynomialDensity	GaussianHilbert.linearFunctionalPolynomial
thm	GaussianField.RapidDecaySeq.rapidDecay_expansion	Nuclear.NuclearTensorProduct	GaussianField.RapidDecaySeq GaussianField.RapidDecaySeq.val GaussianField.RapidDecaySeq.hasSum_basisVec GaussianField.RapidDecaySeq.instSMul GaussianField.RapidDecaySeq.instModule GaussianField.RapidDecaySeq.basisVec GaussianField.RapidDecaySeq.instAddCommGroup GaussianField.RapidDecaySeq.instTopologicalSpace
thm	Pphi2.integrable_powMul_wickPolynomial_mul	Pphi2.InteractingMeasure.MomentIntegrability	GaussianField.FinLatticeSites Pphi2.integrable_powMul_wickPolynomial_sq GaussianField.latticeGaussianMeasure Pphi2.wickPolynomial_continuous₂ GaussianField.configuration_eval_measurable GaussianField.Configuration GaussianField.instMeasurableSpaceConfiguration GaussianField.FinLatticeField Lattice.toSemilatticeInf Pphi2.wickPolynomial
def	GaussianField.DyninMityaginSpace.coeff	Nuclear.DyninMityagin	GaussianField.DyninMityaginSpace
thm	GaussianField.latticeCovariance_GJ_eq_inv_smul_bare	Lattice.Covariance	GaussianField.covariance GaussianField.latticeCovariance GaussianField.FinLatticeSites GaussianField.latticeCovarianceGJ GaussianField.ell2' GaussianField.FinLatticeField
thm	Pphi2.torusLimit_covariance_eq	Pphi2.TorusContinuumLimit.TorusGaussianLimit	Pphi2.torus_propagator_convergence Pphi2.torusContinuumGreen GaussianField.NuclearTensorProduct.instModuleReal GaussianField.NuclearTensorProduct.instTopologicalSpace Pphi2.torusEmbeddedTwoPoint GaussianField.NuclearTensorProduct.instIsTopologicalAddGroup Pphi2.torusContinuumMeasure GaussianField.NuclearTensorProduct.instAddCommGroup GaussianField.configuration_eval_measurable GaussianField.Configuration Pphi2.torusGaussianLimit_isGaussian GaussianField.NuclearTensorProduct.instContinuousSMulReal Pphi2.torusContinuumMeasure_isProbability GaussianField.SmoothMap_Circle GaussianField.instMeasurableSpaceConfiguration GaussianField.TorusTestFunction Lattice.toSemilatticeInf Pphi2.weakLimit_centered_gaussianReal Pphi2.torusGaussianMeasure_isGaussian
def	GaussianField.RapidDecayLattice.latticeRapidDecayEquiv	Lattice.RapidDecayLattice	GaussianField.RapidDecayLattice.latticeRapidDecaySeminorm GaussianField.RapidDecaySeq.rapidDecaySeminorm GaussianField.RapidDecayLattice.instAddCommGroup GaussianField.RapidDecaySeq GaussianField.RapidDecayLattice.latticeEnum GaussianField.RapidDecaySeq.val GaussianField.RapidDecayLattice GaussianField.RapidDecaySeq.instModule GaussianField.RapidDecayLattice.val GaussianField.RapidDecayLattice.instTopologicalSpace GaussianField.RapidDecayLattice.instModule GaussianField.RapidDecaySeq.instAddCommGroup GaussianField.RapidDecaySeq.instTopologicalSpace
thm	GaussianField.cylinderHeatSemigroup_timeTranslation_comm	Cylinder.FreeHeatSemigroup	GaussianField.NuclearTensorProduct.instModuleReal GaussianField.NuclearTensorProduct.instTopologicalSpace GaussianField.nuclearTensorProduct_mapCLM_comp GaussianField.nuclearTensorProduct_mapCLM GaussianField.schwartz_dyninMityaginSpace_1D GaussianField.SmoothMap_Circle.instAddCommGroup GaussianField.CylinderTestFunction GaussianField.NuclearTensorProduct GaussianField.freeHeatSemigroup_translation_comm GaussianField.cylinderHeatSemigroup GaussianField.NuclearTensorProduct.instAddCommGroup GaussianField.smoothCircle_hasBiorthogonalBasis GaussianField.SmoothMap_Circle.instModule GaussianField.SmoothMap_Circle.instContinuousSMul GaussianField.smoothCircle_dyninMityaginSpace GaussianField.SmoothMap_Circle.instIsTopologicalAddGroup GaussianField.SmoothMap_Circle GaussianField.freeHeatSemigroup GaussianField.schwartzTranslation GaussianField.circleHeatSemigroup GaussianField.SmoothMap_Circle.instTopologicalSpace GaussianField.schwartz_hasBiorthogonalBasis_1D GaussianField.cylinderTimeTranslation
thm	GaussianField.sitePairing_eq_massEigenbasis_sum	GaussianField.Density	GaussianField.FinLatticeSites GaussianField.massEigenbasis_sum_mul_sum_eq_site_inner GaussianField.massEigenvectorBasis GaussianField.FinLatticeField
thm	GaussianField.latticeHeatKernelBilinear1d_eq_mathlib_spectral	Lattice.HeatKernelConvergence1d	GaussianField.SmoothMap_Circle.instAddCommGroup GaussianField.FinLatticeSites GaussianField.circleRestriction GaussianField.SmoothMap_Circle.instModule GaussianField.Matrix.IsHermitian.bilinear_exp_eq_spectral GaussianField.SmoothMap_Circle GaussianField.circleSpacing GaussianField.latticeHeatKernelBilinear1d GaussianField.FinLatticeField GaussianField.SmoothMap_Circle.instTopologicalSpace GaussianField.latticeHeatKernelMatrix GaussianField.negLaplacianMatrix_isHermitian GaussianField.negLaplacianMatrix
thm	Pphi2.asymGroundVector_norm_eq_one	Pphi2.AsymTorus.AsymTraceBridge	Pphi2.L2SpatialField Pphi2.SpatialField Pphi2.AsymTransferGroundExcitedData.i₀ Pphi2.asymGroundVector Pphi2.asymTransferGroundExcitedData Pphi2.AsymTransferGroundExcitedData.b Pphi2.AsymTransferGroundExcitedData.ι
def	GaussianField.schwartzRapidDecayEquivNd	SchwartzNuclear.HermiteTensorProduct	GaussianField.RapidDecaySeq GaussianField.RapidDecaySeq.instModule GaussianField.fromRapidDecayNdCLM GaussianField.RapidDecaySeq.instAddCommGroup GaussianField.RapidDecaySeq.instTopologicalSpace GaussianField.toRapidDecayNdCLM
struct	Common.QFT.Euclidean.Formulation	Common.QFT.Euclidean.Formulations
def	GaussianField.HasPointEval.pointEval	Nuclear.PointEval	GaussianField.HasPointEval
def	Pphi2.so2Generator	Pphi2.OSProofs.OS2_WardIdentity	Pphi2.ContinuumTestFunction
thm	GaussianHilbert.stdGaussianFin_hypercontractive_schema	GaussianHilbert.HypercontractivityFromBE
thm	Pphi2.smoothVarianceConstant_pos	Pphi2.NelsonEstimate.CovarianceSplit	Pphi2.smoothVarianceConstant
thm	Pphi2.EuclideanTimeStructure.timeTranslateOnRealTestFunctions_apply	Pphi2.Backgrounds.EuclideanTime	Pphi2.EuclideanPlaneBackground.SpaceTime Pphi2.EuclideanTimeStructure.timeTranslation Pphi2.EuclideanTimeStructure.timeShift Pphi2.EuclideanPlaneBackground.RealTestFunction Pphi2.EuclideanPlaneBackground.translate Pphi2.EuclideanTimeStructure.timeTranslateOnRealTestFunctions Pphi2.EuclideanPlaneBackground.dim Pphi2.EuclideanPlaneBackground Pphi2.EuclideanTimeStructure Pphi2.EuclideanPlaneBackground.translate_apply
def	Pphi2.canonicalRoughFieldFunction_self_moment_diag	Pphi2.NelsonEstimate.FieldDecomposition	Pphi2.canonicalJointMeasure GaussianField.FinLatticeSites Pphi2.canonicalRoughFieldFunction Pphi2.CanonicalJoint
thm	Pphi2.IsTorusGaussianContinuumLimit.covariance_eq	Pphi2.TorusContinuumLimit.TorusGaussianLimit	Pphi2.torusContinuumGreen Pphi2.IsTorusGaussianContinuumLimit GaussianField.NuclearTensorProduct.instModuleReal GaussianField.NuclearTensorProduct.instTopologicalSpace GaussianField.NuclearTensorProduct.instIsTopologicalAddGroup GaussianField.NuclearTensorProduct.instAddCommGroup GaussianField.Configuration GaussianField.NuclearTensorProduct.instContinuousSMulReal GaussianField.SmoothMap_Circle GaussianField.instMeasurableSpaceConfiguration GaussianField.TorusTestFunction
thm	Pphi2.torusTranslation_continuous_in_v	Pphi2.TorusContinuumLimit.TorusInteractingOS	GaussianField.sobolevSeminorm_affine_precomp_le GaussianField.mapImage GaussianField.NuclearTensorProduct.instModuleReal GaussianField.circleTranslation Lattice.toSemilatticeSup GaussianField.NuclearTensorProduct.instTopologicalSpace GaussianField.SmoothMap_Circle.instFunLike GaussianField.RapidDecaySeq.rapidDecaySeminorm GaussianField.RapidDecaySeq GaussianField.nuclearTensorProduct_mapCLM GaussianField.RapidDecaySeq.val GaussianField.RapidDecaySeq.hasSum_basisVec GaussianField.SmoothMap_Circle.instAddCommGroup GaussianField.NuclearTensorProduct.instIsTopologicalAddGroup GaussianField.nuclearTensorProduct_mapCLM_pure GaussianField.RapidDecaySeq.instSMul GaussianField.RapidDecaySeq.instModule GaussianField.DyninMityaginSpace.ι GaussianField.NuclearTensorProduct GaussianField.DyninMityaginSpace.HasBiorthogonalBasis.coeff_basis GaussianField.RapidDecaySeq.basisVec GaussianField.NuclearTensorProduct.instAddCommGroup GaussianField.NuclearTensorProduct.pure_continuous GaussianField.finset_sup_poly_bound GaussianField.smoothCircle_hasBiorthogonalBasis GaussianField.torusTranslation GaussianField.SmoothMap_Circle.instModule GaussianField.SmoothMap_Circle.instContinuousSMul GaussianField.smoothCircle_dyninMityaginSpace GaussianField.SmoothMap_Circle.instIsTopologicalAddGroup GaussianField.DyninMityaginSpace.basis GaussianField.NuclearTensorProduct.pure GaussianField.RapidDecaySeq.instAddCommGroup GaussianField.SmoothMap_Circle GaussianField.DyninMityaginSpace.basis_growth GaussianField.RapidDecaySeq.instTopologicalSpace GaussianField.NuclearTensorProduct.basisVec_eq_pure GaussianField.DyninMityaginSpace.p GaussianField.RapidDecaySeq.rapidDecay_withSeminorms GaussianField.RapidDecaySeq.rapid_decay GaussianField.NuclearTensorProduct.pure_seminorm_bound GaussianField.TorusTestFunction GaussianField.SmoothMap_Circle.instTopologicalSpace Lattice.toSemilatticeInf
thm	Pphi2.u4Deriv_le_affine	Pphi2.InteractingMeasure.U4AffineBound	Pphi2.u4Deriv2 Pphi2.continuousWithinAt_u4Deriv Pphi2.u4_hasDerivAt2 GaussianField.FinLatticeField Pphi2.u4Deriv
thm	Pphi2.nelson_exponential_estimate_lattice	Pphi2.NelsonEstimate.NelsonEstimate	GaussianField.FinLatticeSites GaussianField.circleSpacing_eq GaussianField.latticeGaussianMeasure GaussianField.Configuration GaussianField.circleSpacing GaussianField.instMeasurableSpaceConfiguration GaussianField.FinLatticeField Pphi2.interactionFunctional Pphi2.nelson_exponential_estimate_master GaussianField.circleSpacing_pos
thm	Pphi2.canonicalSumFieldFunction_add	Pphi2.NelsonEstimate.FieldDecomposition	GaussianField.FinLatticeSites Pphi2.canonicalSmoothFieldFunction_add Pphi2.canonicalSumFieldFunction Pphi2.canonicalRoughFieldFunction Pphi2.canonicalSumFieldFunction_eq_smooth_plus_rough Pphi2.canonicalRoughFieldFunction_add Pphi2.canonicalSmoothFieldFunction Pphi2.CanonicalJoint
thm	GaussianField.massOperatorMatrixAsym_eigenvalues_pos	Lattice.AsymCovariance	GaussianField.AsymLatticeSites GaussianField.massOperatorMatrixAsym GaussianField.massEigenvaluesAsym GaussianField.massOperatorMatrixAsym_isHermitian GaussianField.AsymLatticeField GaussianField.massOperatorAsym_pos_def GaussianField.massMatrixAsymHerm GaussianField.instFintypeAsymLatticeSitesOfNeZeroNat GaussianField.massOperatorAsym GaussianField.massOperatorAsym_eq_matrix_mulVec
def	Pphi2.wickMonomial	Pphi2.WickOrdering.WickPolynomial
thm	Pphi2.massEigenvalues_ge_mass_sq	Pphi2.TorusContinuumLimit.TorusPropagatorConvergence	GaussianField.massOperatorMatrix_isHermitian GaussianField.massOperatorMatrix GaussianField.FinLatticeSites GaussianField.massOperator GaussianField.massMatrixHerm GaussianField.massOperator_eq_matrix_mulVec GaussianField.massEigenvalues GaussianField.finiteLaplacian_neg_semidefinite GaussianField.finiteLaplacian GaussianField.FinLatticeField Lattice.toSemilatticeInf
def	Pphi2.EuclideanOS.schwartzIm	Pphi2.EuclideanOS	Pphi2.EuclideanPlaneBackground.SpaceTime Pphi2.EuclideanPlaneBackground.RealTestFunction Pphi2.EuclideanPlaneBackground.dim Pphi2.EuclideanPlaneBackground Pphi2.EuclideanPlaneBackground.ComplexTestFunction
thm	Pphi2.LatticeBridge.LatticeRoughErrorSetup.hsmooth	Pphi2.NelsonEstimate.LatticeBridge	GaussianField.FinLatticeSites Pphi2.LatticeBridge.LatticeRoughErrorSetup GaussianField.Configuration GaussianField.FinLatticeField Pphi2.LatticeBridge.LatticeRoughErrorSetup.V_S
thm	Pphi2.cylinderIR_uniform_second_moment	Pphi2.IRLimit.UniformExponentialMoment	GaussianField.NuclearTensorProduct.instModuleReal GaussianField.NuclearTensorProduct.instTopologicalSpace GaussianField.CylinderTestFunction GaussianField.NuclearTensorProduct.instIsTopologicalAddGroup GaussianField.NuclearTensorProduct.instAddCommGroup Pphi2.cylinderPullbackMeasure Pphi2.cylinderIR_uniform_exponential_moment GaussianField.configuration_eval_measurable GaussianField.Configuration GaussianField.NuclearTensorProduct.instContinuousSMulReal GaussianField.SmoothMap_Circle GaussianField.instMeasurableSpaceConfiguration Pphi2.MeasureHasGreenMomentBound GaussianField.AsymTorusTestFunction Lattice.toSemilatticeInf
thm	GaussianField.DyninMityaginSpace.hasSum_basis	Nuclear.NuclearSpace	GaussianField.DyninMityaginSpace GaussianField.DyninMityaginSpace.coeff GaussianField.DyninMityaginSpace.ι GaussianField.DyninMityaginSpace.h_with GaussianField.DyninMityaginSpace.summable_coeff_seminorm_basis GaussianField.DyninMityaginSpace.basis GaussianField.DyninMityaginSpace.p Lattice.toSemilatticeInf
thm	Pphi2.continuumTimeReflection_apply_coord	Pphi2.ContinuumLimit.TimeReflection	Pphi2.EuclideanPlaneBackground.SpaceTime Pphi2.planeBackground Pphi2.continuumTimeReflection Pphi2.EuclideanPlaneBackground.dim Pphi2.ContinuumTestFunction
thm	Pphi2.asymCanonicalSmoothFieldFunction_memLp_two	Pphi2.NelsonEstimate.AsymFieldDecomposition	GaussianField.AsymLatticeSites Pphi2.AsymCanonicalJoint Pphi2.asymCanonicalSmoothModeCoeff Pphi2.asymCanonicalSmoothFieldFunction Pphi2.asymCanonicalJointMeasure Pphi2.AsymCanonicalMode
thm	GaussianField.l2InnerProduct_pure	Cylinder.MethodOfImages	GaussianField.DyninMityaginSpace GaussianField.l2InnerProduct GaussianField.NuclearTensorProduct.instModuleReal GaussianField.NuclearTensorProduct.instTopologicalSpace GaussianField.DyninMityaginSpace.coeff GaussianField.RapidDecaySeq.val GaussianField.NuclearTensorProduct.dyninMityaginSpace GaussianField.NuclearTensorProduct.instIsTopologicalAddGroup GaussianField.NuclearTensorProduct GaussianField.NuclearTensorProduct.instAddCommGroup GaussianField.NuclearTensorProduct.instContinuousSMulReal GaussianField.NuclearTensorProduct.pure GaussianField.l2InnerProduct_summable
thm	Pphi2.asymRemainderHypothesis.congr_simp	Pphi2.AsymTorus.AsymBridgeInstance	Pphi2.asymTransferNormalized Pphi2.L2SpatialField Pphi2.SpatialField Pphi2.asymGroundVector Pphi2.asymTransferSystem Pphi2.asymTransferGroundEigenvalue Pphi2.asymRemainderHypothesis Pphi2.asymGroundStateRep
def	GaussianField.modePartnerEquiv	HeatKernel.GreenInvariance	GaussianField.modePartner_involutive GaussianField.modePartner
def	Pphi2.spatialKinetic	Pphi2.TransferMatrix.TransferMatrix	Pphi2.SpatialField
thm	GaussianField.massOperatorAsym_pos_def	Lattice.AsymCovariance	GaussianField.AsymLatticeSites GaussianField.finiteLaplacianAsym_neg_semidefinite GaussianField.finiteLaplacianAsym GaussianField.AsymLatticeField GaussianField.instFintypeAsymLatticeSitesOfNeZeroNat GaussianField.massOperatorAsym Lattice.toSemilatticeInf
thm	Pphi2.asymCanonicalSmoothGamma.congr_simp	Pphi2.NelsonEstimate.AsymCrossTermL2Identity	GaussianField.AsymLatticeSites Pphi2.asymCanonicalSmoothGamma Pphi2.AsymCanonicalMode
def	Pphi2.asymGappedTransfer'	Pphi2.AsymTorus.AsymSpectralGap	Pphi2.asymTransferNormalized Pphi2.L2SpatialField Pphi2.SpatialField Pphi2.asymGroundVector Pphi2.asymGappedTransfer Pphi2.asymTransferNormalized_gap
thm	GaussianField.DyninMityaginSpace.coeff_decay	Nuclear.DyninMityagin	GaussianField.DyninMityaginSpace GaussianField.DyninMityaginSpace.coeff GaussianField.DyninMityaginSpace.ι GaussianField.DyninMityaginSpace.p
struct	GaussianField.NuclearSpace	Nuclear.NuclearSpace
thm	Pphi2.asymEvalMapInv_evalMap	Pphi2.NelsonEstimate.AsymFieldDecomposition	GaussianField.AsymLatticeSites GaussianField.Configuration GaussianField.AsymLatticeField GaussianField.instFintypeAsymLatticeSitesOfNeZeroNat Pphi2.asymEvalMap Pphi2.asymConfig_apply_eq_sum_evalMap Pphi2.asymEvalMapInv
def	GaussianField.evalMapAsym	GaussianField.DensityAsym	GaussianField.AsymLatticeSites GaussianField.Configuration GaussianField.AsymLatticeField GaussianField.asymLatticeDelta
thm	Pphi2.asymSliceFamilyTrunc_tendsto_linear	Pphi2.AsymTorus.AsymBridgeKLimit	Pphi2.asymSliceObsLinear Pphi2.asymSliceObsTrunc_tendsto_linear Pphi2.SpatialField Pphi2.asymSliceFamilyLinear Pphi2.asymSliceFamilyTrunc Pphi2.asymSliceObsTrunc
thm	GaussianField.gffSmearedCovariance.congr_simp	GaussianField.WickMultivariate	GaussianField.FinLatticeField GaussianField.gffSmearedCovariance
def	Pphi2.asymSpaceSpacing	Pphi2.AsymTorus.AsymTorusEmbedding
thm	Pphi2.schwartzIm_actionComplex	Pphi2.EuclideanComplex	Pphi2.EuclideanPlaneBackground.SpaceTime Pphi2.EuclideanPlaneBackground.action Pphi2.EuclideanPlaneBackground.RealTestFunction Pphi2.EuclideanPlaneBackground.dim Pphi2.EuclideanOS.schwartzIm Pphi2.EuclideanPlaneBackground.Motion Pphi2.EuclideanPlaneBackground Pphi2.EuclideanPlaneBackground.actionComplex Pphi2.EuclideanPlaneBackground.ComplexTestFunction
thm	Common.QFT.Euclidean.SchwingerFormulation.instContinuousSMulNPointTestFunction	Common.QFT.Euclidean.Formulations	Common.QFT.Euclidean.SchwingerFormulation.instAddCommGroupNPointTestFunction Common.QFT.Euclidean.SchwingerFormulation.NPointTestFunction Common.QFT.Euclidean.SchwingerFormulation.instTopologicalSpaceNPointTestFunction Common.QFT.Euclidean.SchwingerFormulation.instModuleNPointTestFunction Common.QFT.Euclidean.SchwingerFormulation
thm	GaussianField.ahlswede_daykin_one_dim_ae_lintegral	Lattice.FKG	GaussianField.algebraic_four_functions
thm	Pphi2.finiteLaplacianAsym_translation_commute	Pphi2.AsymTorus.AsymWickVariance	GaussianField.AsymLatticeSites GaussianField.finiteLaplacianAsym Pphi2.asymShift GaussianField.finiteLaplacianAsymFun GaussianField.AsymLatticeField
thm	Pphi2.os0_for_continuum_limit	Pphi2.ContinuumLimit.AxiomInheritance	Pphi2.EuclideanPlaneBackground.SpaceTime Pphi2.FieldConfig2 Pphi2.EuclideanPlaneBackground.RealTestFunction Pphi2.planeBackground Pphi2.EuclideanPlaneBackground.dim Pphi2.IsPphi2Limit Pphi2.plane2Background Pphi2.analyticOn_generatingFunctionalC Pphi2.continuum_exponential_moments GaussianField.instMeasurableSpaceConfiguration Pphi2.TestFunction2 Pphi2.EuclideanOS.OS0_Analyticity Pphi2.EuclideanPlaneBackground.ComplexTestFunction
thm	Pphi2.asymCanonicalRoughFieldFunctionOfSnd.congr_simp	Pphi2.NelsonEstimate.AsymCrossTermL2Identity	Pphi2.asymCanonicalRoughFieldFunctionOfSnd GaussianField.AsymLatticeSites Pphi2.AsymCanonicalMode
thm	Pphi2.asymCanonicalSmoothFieldFunction.congr_simp	Pphi2.NelsonEstimate.AsymFieldDecomposition	GaussianField.AsymLatticeSites Pphi2.AsymCanonicalJoint Pphi2.asymCanonicalSmoothFieldFunction
thm	GaussianField.SmoothMap_Circle.fourierBasisFun_abs_le	SmoothCircle.Basic	GaussianField.SmoothMap_Circle.fourierBasisFun
thm	GaussianHilbert.memLp_exp_linear_two_of_subGaussian	GaussianHilbert.PolynomialDensity	GaussianHilbert.integrable_exp_linear_of_subGaussian GaussianHilbert.IsSubGaussianMeasure
thm	GaussianField.periodizeCLM_apply	SchwartzNuclear.Periodization	GaussianField.SmoothMap_Circle.instAddCommGroup GaussianField.periodizeCLM GaussianField.SmoothMap_Circle.toFun GaussianField.SmoothMap_Circle.instModule GaussianField.SmoothMap_Circle GaussianField.SmoothMap_Circle.instTopologicalSpace
thm	GaussianField.ahlswede_daykin	Lattice.FKG	GaussianField.ahlswede_daykin_ennreal
thm	GaussianField.pairing_is_gaussian	GaussianField.Properties	GaussianField.DyninMityaginSpace GaussianField.charFun GaussianField.measure GaussianField.configuration_eval_measurable GaussianField.Configuration GaussianField.instMeasurableSpaceConfiguration GaussianField.measure_isProbability
thm	Pphi2.fourier_gaussian_pos	Pphi2.TransferMatrix.GaussianFourier
thm	GaussianField.quadraticForm_submodular_of_nonpos_offDiag	Lattice.FKG	GaussianField.sup_inf_mul_add_le GaussianField.IsSubmodular
thm	GaussianHilbert.chaosDiagCLM.congr_simp	GaussianHilbert.OUEigenfunctions	GaussianHilbert.stdGaussianFin GaussianHilbert.wienerChaos GaussianHilbert.chaosDiagCLM
thm	Pphi2.normalizedMomentDeriv_zero	Pphi2.InteractingMeasure.U4AffineBound	Pphi2.partitionFnDeriv GaussianField.FinLatticeSites Pphi2.gibbsMoment GaussianField.latticeGaussianMeasure_isProbability GaussianField.latticeGaussianMeasure GaussianField.Configuration GaussianField.instMeasurableSpaceConfiguration Pphi2.partitionFn Pphi2.normalizedMomentDeriv Pphi2.momentDeriv GaussianField.FinLatticeField Pphi2.interactionFunctional
thm	Pphi2.wickPolynomial_bounded_below	Pphi2.WickOrdering.WickPolynomial	Pphi2.poly_even_degree_bounded_below Pphi2.wickPolynomial
thm	Pphi2.AsymSatisfiesTorusOS.os0	Pphi2.AsymTorus.AsymTorusOS	GaussianField.NuclearTensorProduct.instModuleReal GaussianField.NuclearTensorProduct.instTopologicalSpace Pphi2.AsymSatisfiesTorusOS GaussianField.NuclearTensorProduct.instIsTopologicalAddGroup GaussianField.NuclearTensorProduct.instAddCommGroup Pphi2.AsymTorusOS0_Analyticity GaussianField.Configuration GaussianField.NuclearTensorProduct.instContinuousSMulReal GaussianField.SmoothMap_Circle GaussianField.instMeasurableSpaceConfiguration GaussianField.AsymTorusTestFunction
thm	Pphi2.cylinderPullback_continuous	Pphi2.IRLimit.CylinderEmbedding	GaussianField.NuclearTensorProduct.instModuleReal GaussianField.NuclearTensorProduct.instTopologicalSpace Pphi2.cylinderPullback GaussianField.CylinderTestFunction GaussianField.NuclearTensorProduct.instIsTopologicalAddGroup Pphi2.cylinderToTorusEmbed GaussianField.NuclearTensorProduct.instAddCommGroup GaussianField.Configuration GaussianField.NuclearTensorProduct.instContinuousSMulReal GaussianField.SmoothMap_Circle GaussianField.AsymTorusTestFunction
def	Pphi2.EuclideanPlaneBackground.Distribution	Pphi2.Backgrounds.EuclideanPlane	Pphi2.EuclideanPlaneBackground.SpaceTime Pphi2.EuclideanPlaneBackground.RealTestFunction Pphi2.EuclideanPlaneBackground.dim Pphi2.EuclideanPlaneBackground GaussianField.Configuration
thm	GaussianField.cylinderMassOperator.congr_simp	Cylinder.MassOperatorEquivariance	GaussianField.NuclearTensorProduct.instModuleReal GaussianField.NuclearTensorProduct.instTopologicalSpace GaussianField.CylinderTestFunction GaussianField.NuclearTensorProduct.instAddCommGroup GaussianField.cylinderMassOperator GaussianField.SmoothMap_Circle GaussianField.ell2'
def	GaussianField.cylinderTimeTranslationSym	Cylinder.GreenFunction	GaussianField.cylinderMassOperator_timeTranslation_norm_eq GaussianField.CylinderSpacetimeSymmetry GaussianField.cylinderHeatSemigroup_timeTranslation_comm GaussianField.CylinderTestFunction GaussianField.cylinderTimeTranslation
thm	GaussianField.config_apply_eq_sum_evalMapAsym	GaussianField.DensityAsym	GaussianField.AsymLatticeSites GaussianField.Configuration GaussianField.AsymLatticeField GaussianField.evalMapAsym GaussianField.instFintypeAsymLatticeSitesOfNeZeroNat GaussianField.asymLatticeDelta GaussianField.config_apply_eq_sum_deltaAsym
thm	Pphi2.polynomial_chaos_exp_moment_bridge_bounded	Pphi2.NelsonEstimate.PolynomialChaosBridge	Pphi2.degreeCutoffTail Pphi2.canonicalJointMeasure GaussianField.FinLatticeSites Pphi2.canonicalRoughError_cutoff_tail_uniform Pphi2.canonicalSmoothInteraction GaussianField.latticeGaussianMeasure Pphi2.DynamicalCutoff.degreeDynamicalCutoffScale GaussianField.Configuration GaussianField.instMeasurableSpaceConfiguration Pphi2.canonicalSmoothInteraction_lower_bound_at_cutoff_uniform Pphi2.polynomial_chaos_exp_moment_bridge_bounded_of_cutoffTail GaussianField.FinLatticeField Pphi2.canonicalRoughError Pphi2.interactionFunctional Pphi2.CanonicalJoint Pphi2.degreePiecewiseTail_layerCake_lt_top
def	GaussianField.circleReflection	Torus.Symmetry	GaussianField.SmoothMap_Circle.instFunLike GaussianField.SmoothMap_Circle.instAddCommGroup GaussianField.SmoothMap_Circle.instModule GaussianField.SmoothMap_Circle GaussianField.SmoothMap_Circle.instTopologicalSpace
def	Pphi2.latticeInteraction	Pphi2.InteractingMeasure.LatticeAction	GaussianField.FinLatticeSites Pphi2.wickConstant GaussianField.FinLatticeField Pphi2.wickPolynomial
thm	Pphi2.asymLatticeFieldToConfig_eq_evalMapInv	Pphi2.NelsonEstimate.AsymFieldDecomposition	GaussianField.AsymLatticeSites GaussianField.Configuration GaussianField.AsymLatticeField Pphi2.asymEvalMapInv_apply GaussianField.instFintypeAsymLatticeSitesOfNeZeroNat Pphi2.asymLatticeFieldToConfig Pphi2.asymEvalMapInv
thm	Pphi2.transferWeight_gaussian_decay	Pphi2.TransferMatrix.L2Operator	Pphi2.spatialAction Pphi2.SpatialField Pphi2.transferWeight Pphi2.wickConstant
thm	Pphi2.asymLatticeTestFn_norm_sq_le_tight	Pphi2.AsymTorus.AsymTorusInteractingLimit	GaussianField.NuclearTensorProduct.instModuleReal Pphi2.dm_basis_eq_fourierBasis GaussianField.NuclearTensorProduct.instTopologicalSpace GaussianField.DyninMityaginSpace.coeff GaussianField.SmoothMap_Circle.instFunLike GaussianField.RapidDecaySeq.rapidDecaySeminorm Pphi2.evalAsymAtFinSiteGJ_apply GaussianField.RapidDecaySeq GaussianField.SmoothMap_Circle.fourierBasis GaussianField.RapidDecaySeq.val GaussianField.NuclearTensorProduct.dyninMityaginSpace GaussianField.SmoothMap_Circle.instAddCommGroup GaussianField.FinLatticeSites GaussianField.NuclearTensorProduct.instIsTopologicalAddGroup GaussianField.SmoothMap_Circle.norm_iteratedDeriv_le_sobolevSeminorm' GaussianField.circleRestriction GaussianField.DyninMityaginSpace.expansion GaussianField.RapidDecaySeq.instSMul GaussianField.SmoothMap_Circle.instSMul GaussianField.evalAsymTorusAtSite GaussianField.NuclearTensorProduct GaussianField.RapidDecaySeq.basisVec GaussianField.circleSpacing_eq Pphi2.asymGeomSpacing_pos GaussianField.NuclearTensorProduct.instAddCommGroup Pphi2.evalAsymAtFinSite GaussianField.circleRestriction_apply Pphi2.evalAsymAtFinSiteGJ GaussianField.SmoothMap_Circle.instModule GaussianField.SmoothMap_Circle.instContinuousSMul GaussianField.smoothCircle_dyninMityaginSpace GaussianField.SmoothMap_Circle.instIsTopologicalAddGroup GaussianField.DyninMityaginSpace.basis GaussianField.NuclearTensorProduct.instContinuousSMulReal GaussianField.NuclearTensorProduct.pure GaussianField.RapidDecaySeq.instAddCommGroup GaussianField.SmoothMap_Circle GaussianField.circleSpacing Pphi2.asymLatticeTestFn GaussianField.SmoothMap_Circle.sobolevSeminorm GaussianField.AsymTorusTestFunction GaussianField.NuclearTensorProduct.evalCLM_pure GaussianField.RapidDecaySeq.rapid_decay GaussianField.NuclearTensorProduct.evalCLM GaussianField.SmoothMap_Circle.instTopologicalSpace GaussianField.circlePoint Pphi2.asymGeomSpacing Lattice.toSemilatticeInf
thm	Pphi2.canonicalSmoothFieldFunction_measurable	Pphi2.NelsonEstimate.FieldDecomposition	GaussianField.FinLatticeSites Pphi2.canonicalSmoothFieldFunction_pointwise_measurable Pphi2.canonicalSmoothFieldFunction Pphi2.CanonicalJoint
thm	Pphi2.cylinderPullback_eval	Pphi2.IRLimit.CylinderEmbedding	GaussianField.NuclearTensorProduct.instModuleReal GaussianField.NuclearTensorProduct.instTopologicalSpace Pphi2.cylinderPullback GaussianField.CylinderTestFunction GaussianField.NuclearTensorProduct.instIsTopologicalAddGroup Pphi2.cylinderToTorusEmbed GaussianField.NuclearTensorProduct.instAddCommGroup GaussianField.Configuration GaussianField.NuclearTensorProduct.instContinuousSMulReal GaussianField.SmoothMap_Circle GaussianField.AsymTorusTestFunction
thm	GaussianField.greenFunctionBilinear_translation_invariant	HeatKernel.GreenInvariance	GaussianField.NuclearTensorProduct.instModuleReal GaussianField.circleTranslation GaussianField.NuclearTensorProduct.instTopologicalSpace GaussianField.nuclearTensorProduct_mapCLM GaussianField.circleHasLaplacianEigenvalues GaussianField.NuclearTensorProduct.dyninMityaginSpace GaussianField.SmoothMap_Circle.instAddCommGroup GaussianField.NuclearTensorProduct.instIsTopologicalAddGroup GaussianField.nuclearTensorProduct_mapCLM_pure GaussianField.greenFunctionBilinear_invariant_of_pure GaussianField.tensorProductHasLaplacianEigenvalues GaussianField.NuclearTensorProduct GaussianField.smoothCircle_coeff_basis GaussianField.greenFunctionBilinear_translation_pure GaussianField.NuclearTensorProduct.instAddCommGroup GaussianField.SmoothMap_Circle.instModule GaussianField.SmoothMap_Circle.instContinuousSMul GaussianField.smoothCircle_dyninMityaginSpace GaussianField.SmoothMap_Circle.instIsTopologicalAddGroup GaussianField.NuclearTensorProduct.instContinuousSMulReal GaussianField.NuclearTensorProduct.pure GaussianField.SmoothMap_Circle GaussianField.SmoothMap_Circle.instTopologicalSpace GaussianField.greenFunctionBilinear
thm	Pphi2.canonicalSmoothCovariance_pow_double_sum_le	Pphi2.InteractingMeasure.InteractionVariance	Pphi2.smoothWickConstant Pphi2.canonicalSmoothCovariance Pphi2.smoothWickConstant_le_log_uniform_in_aN Pphi2.lattice_volume_eq GaussianField.FinLatticeSites Pphi2.abs_canonicalSmoothCovariance_le_smoothWickConstant Lattice.toSemilatticeInf
thm	GaussianHilbert.wienerChaos_orthogonal	GaussianHilbert.WienerChaos	GaussianHilbert.MultiIndex.totalDegree GaussianHilbert.stdGaussianFin GaussianHilbert.hermiteMultiLp_inner_eq_zero_of_totalDegree_ne GaussianHilbert.wienerChaos GaussianHilbert.hermiteMultiLp
def	GaussianField.gffSiteVariance	GaussianField.WickMultivariate	GaussianField.FinLatticeSites GaussianField.massEigenvalues GaussianField.massEigenvectorBasis
thm	GaussianField.summable_smul_of_ell2	GaussianField.NuclearSVD	GaussianField.summable_norm_sq_of_summable_norm GaussianField.ell2' Lattice.toSemilatticeInf
thm	GaussianField.schwartzPositiveTime_disjoint_reflected	Cylinder.Symmetry	GaussianField.schwartzPositiveTimeSubmodule GaussianField.schwartzReflection
thm	Pphi2.LatticeBridge.bridgeAxiom_of_coupled_setup_real	Pphi2.NelsonEstimate.LatticeBridge	GaussianField.FinLatticeSites Pphi2.interactionFunctional_measurable GaussianField.latticeGaussianMeasure GaussianField.Configuration Pphi2.BridgeFromTail.expSqNeg_lintegral_le_of_dynamical_cutoff GaussianField.instMeasurableSpaceConfiguration GaussianField.FinLatticeField Pphi2.interactionFunctional Lattice.toSemilatticeInf
def	Pphi2.freeSingleSliceCovariance	Pphi2.AsymTorus.AsymB5bSingleSlice	GaussianField.AsymLatticeSites GaussianField.covariance Pphi2.SpatialField GaussianField.AsymLatticeField GaussianField.latticeCovarianceAsymGJ Pphi2.singleSliceLatticeField GaussianField.ell2'
def	Pphi2.latticeEuclideanTimeSeparation	Pphi2.InteractingMeasure.LatticeEuclideanTime
thm	Pphi2.interacting_moment_bound	Pphi2.ContinuumLimit.Hypercontractivity	Pphi2.EuclideanPlaneBackground.SpaceTime Pphi2.partitionFunction_ge_one GaussianField.finLatticeField_dyninMityaginSpace GaussianField.measure GaussianField.ell2_separableSpace Pphi2.latticeTestField Pphi2.planeBackground GaussianField.FinLatticeSites Pphi2.latticeEmbedLift_measurable Pphi2.partitionFunction Pphi2.gaussian_hypercontractivity_continuum GaussianField.latticeCovarianceGJ Pphi2.EuclideanPlaneBackground.dim GaussianField.pairing_memLp Pphi2.interactingLatticeMeasure Pphi2.exponential_moment_bound Pphi2.latticeEmbedLift_eval_eq Pphi2.continuumMeasure GaussianField.latticeGaussianMeasure GaussianField.configuration_eval_measurable GaussianField.Configuration Pphi2.density_transfer_bound GaussianField.instMeasurableSpaceConfiguration Pphi2.latticeEmbedLift Pphi2.boltzmannWeight Pphi2.ContinuumTestFunction GaussianField.ell2' GaussianField.FinLatticeField GaussianField.measure_isProbability Pphi2.interactionFunctional Pphi2.partitionFunction_pos Lattice.toSemilatticeInf
thm	GaussianField.measure_centered	GaussianField.Properties	GaussianField.DyninMityaginSpace GaussianField.measure GaussianField.pairing_is_gaussian GaussianField.configuration_eval_measurable GaussianField.Configuration GaussianField.instMeasurableSpaceConfiguration
def	GaussianHilbert.hermiteEval	GaussianHilbert.HermitePolynomials
def	Pphi2.transferWeight	Pphi2.TransferMatrix.L2Operator	Pphi2.spatialAction Pphi2.SpatialField Pphi2.wickConstant
thm	Pphi2.canonicalSmoothRough_cross_moment_zero	Pphi2.NelsonEstimate.FieldDecomposition	Pphi2.canonicalJointMeasure GaussianField.FinLatticeSites Pphi2.canonicalRoughFieldFunction Pphi2.canonicalSmoothFieldFunction Pphi2.CanonicalJoint
def	GaussianField.finLatticeField_dyninMityaginSpace	Lattice.FiniteField	GaussianField.DyninMityaginSpace GaussianField.finLatticeBasisVec GaussianField.FinLatticeSites GaussianField.finLatticeCoeffCLM GaussianField.finLatticeSeminorm GaussianField.FinLatticeField
thm	GaussianHilbert.mehlerFun_apply	GaussianHilbert.OUEigenfunctions	GaussianHilbert.ouAffine GaussianHilbert.stdGaussianFin GaussianHilbert.mehlerFun
thm	Pphi2.asymTorusInteractingMeasure.congr_simp	Pphi2.AsymTorus.AsymTorusOS	Pphi2.asymTorusInteractingMeasure GaussianField.NuclearTensorProduct.instModuleReal GaussianField.NuclearTensorProduct.instTopologicalSpace GaussianField.NuclearTensorProduct.instIsTopologicalAddGroup GaussianField.NuclearTensorProduct.instAddCommGroup GaussianField.Configuration GaussianField.NuclearTensorProduct.instContinuousSMulReal GaussianField.SmoothMap_Circle GaussianField.instMeasurableSpaceConfiguration GaussianField.AsymTorusTestFunction
thm	Pphi2.asymTorusInteractingMeasureIso_exponentialMomentBound_cutoff	Pphi2.AsymTorus.AsymCutoffBound	GaussianField.NuclearTensorProduct.instModuleReal GaussianField.NuclearTensorProduct.instTopologicalSpace GaussianField.AsymLatticeSites GaussianField.NuclearTensorProduct.instIsTopologicalAddGroup Pphi2.asymLatticeTestFnIso Pphi2.asymTorusInteractingMeasureIso_exponentialMomentBound_cutoff_of_nelson Pphi2.asymNelson_exponential_estimate_iso GaussianField.NuclearTensorProduct.instAddCommGroup Pphi2.asymTorusInteractingMeasureIso GaussianField.Configuration GaussianField.NuclearTensorProduct.instContinuousSMulReal GaussianField.AsymLatticeField GaussianField.SmoothMap_Circle Pphi2.latticeGaussianMeasureAsym Pphi2.interactionFunctionalAsym GaussianField.instMeasurableSpaceConfiguration GaussianField.AsymTorusTestFunction
thm	Pphi2.torusGeneratingFunctionalℂ.congr_simp	Pphi2.TorusContinuumLimit.TorusOSAxioms	GaussianField.NuclearTensorProduct.instModuleReal GaussianField.NuclearTensorProduct.instTopologicalSpace GaussianField.NuclearTensorProduct.instIsTopologicalAddGroup GaussianField.NuclearTensorProduct.instAddCommGroup GaussianField.Configuration GaussianField.NuclearTensorProduct.instContinuousSMulReal GaussianField.SmoothMap_Circle GaussianField.instMeasurableSpaceConfiguration Pphi2.torusGeneratingFunctionalℂ GaussianField.TorusTestFunction
thm	Pphi2.asymTorusIso_measureHasGreenMomentBound_of_cutoff	Pphi2.AsymTorus.AsymContinuumLimit	GaussianField.NuclearTensorProduct.instModuleReal GaussianField.weakLimit_exponential_moment GaussianField.NuclearTensorProduct.instTopologicalSpace GaussianField.AsymLatticeSites GaussianField.asymTorusContinuumGreen GaussianField.ell2_separableSpace Pphi2.asymTorusInteractingMeasureIso_isProbability Pphi2.asymTorusContinuumGreen GaussianField.second_moment_eq_covariance GaussianField.covariance GaussianField.asymLatticeField_dyninMityaginSpace GaussianField.NuclearTensorProduct.instIsTopologicalAddGroup Pphi2.asymLatticeTestFnIso GaussianField.NuclearTensorProduct.instAddCommGroup Pphi2.asymTorusInteractingMeasureIso GaussianField.Configuration GaussianField.NuclearTensorProduct.instContinuousSMulReal GaussianField.AsymLatticeField GaussianField.SmoothMap_Circle Pphi2.latticeGaussianMeasureAsym Pphi2.second_moment_asym_tendsto GaussianField.instMeasurableSpaceConfiguration Pphi2.asymTorusIso_interacting_limit_exists GaussianField.latticeCovarianceAsymGJ Pphi2.MeasureHasGreenMomentBound GaussianField.AsymTorusTestFunction GaussianField.ell2'
thm	Pphi2.nelson_exponential_estimate	Pphi2.TorusContinuumLimit.TorusInteractingLimit	GaussianField.FinLatticeSites GaussianField.latticeGaussianMeasure GaussianField.Configuration GaussianField.circleSpacing GaussianField.instMeasurableSpaceConfiguration Pphi2.nelson_exponential_estimate_lattice GaussianField.FinLatticeField Pphi2.interactionFunctional GaussianField.circleSpacing_pos
thm	Pphi2.LatticeSetup.latticeWickSquareSum_measurable	Pphi2.NelsonEstimate.LatticeSetup	GaussianField.finLatticeDelta GaussianField.FinLatticeSites Pphi2.LatticeSetup.latticeWickSquareSum Pphi2.wickMonomial GaussianField.configuration_eval_measurable GaussianField.Configuration Pphi2.wickConstant GaussianField.instMeasurableSpaceConfiguration Pphi2.wickMonomial_continuous₂ GaussianField.FinLatticeField
thm	Pphi2.torusEmbedLift_measurable	Pphi2.TorusContinuumLimit.TorusEmbedding	GaussianField.NuclearTensorProduct.instModuleReal GaussianField.NuclearTensorProduct.instTopologicalSpace GaussianField.FinLatticeSites GaussianField.NuclearTensorProduct.instIsTopologicalAddGroup Pphi2.torusEmbedLift GaussianField.configuration_measurable_of_eval_measurable GaussianField.NuclearTensorProduct.instAddCommGroup GaussianField.configuration_eval_measurable GaussianField.Configuration GaussianField.NuclearTensorProduct.instContinuousSMulReal GaussianField.SmoothMap_Circle GaussianField.instMeasurableSpaceConfiguration GaussianField.evalTorusAtSiteGJ GaussianField.FinLatticeField GaussianField.TorusTestFunction
thm	Pphi2.transferWeight_memLp_two	Pphi2.TransferMatrix.L2Operator	Pphi2.transferWeight_gaussian_decay Pphi2.SpatialField Pphi2.transferWeight Pphi2.transferWeight_measurable Pphi2.transferWeight_pos Lattice.toSemilatticeInf
thm	Pphi2.evalTorusAtSite_basisVec	Pphi2.TorusContinuumLimit.TorusPropagatorConvergence	GaussianField.NuclearTensorProduct.instModuleReal GaussianField.NuclearTensorProduct.instTopologicalSpace GaussianField.RapidDecaySeq GaussianField.SmoothMap_Circle.instAddCommGroup GaussianField.FinLatticeSites GaussianField.circleRestriction GaussianField.NuclearTensorProduct GaussianField.RapidDecaySeq.basisVec GaussianField.NuclearTensorProduct.instAddCommGroup GaussianField.evalTorusAtSite GaussianField.SmoothMap_Circle.instModule GaussianField.SmoothMap_Circle.instContinuousSMul GaussianField.smoothCircle_dyninMityaginSpace GaussianField.SmoothMap_Circle.instIsTopologicalAddGroup GaussianField.DyninMityaginSpace.basis GaussianField.NuclearTensorProduct.pure GaussianField.SmoothMap_Circle GaussianField.NuclearTensorProduct.evalCLM_pure GaussianField.TorusTestFunction GaussianField.NuclearTensorProduct.evalCLM GaussianField.SmoothMap_Circle.instTopologicalSpace
thm	GaussianField.massOperatorCoord_decay	Cylinder.MassOperatorConstruction	GaussianField.NuclearTensorProduct.instModuleReal GaussianField.NuclearTensorProduct.instTopologicalSpace GaussianField.RapidDecaySeq.rapidDecaySeminorm GaussianField.ntpExtractSlice GaussianField.RapidDecaySeq GaussianField.RapidDecaySeq.val GaussianField.NuclearTensorProduct.dyninMityaginSpace GaussianField.CylinderTestFunction GaussianField.NuclearTensorProduct.instIsTopologicalAddGroup GaussianField.RapidDecaySeq.instSMul GaussianField.RapidDecaySeq.instModule GaussianField.DyninMityaginSpace.ι GaussianField.NuclearTensorProduct.instAddCommGroup GaussianField.massOperatorCoord GaussianField.NuclearTensorProduct.instContinuousSMulReal GaussianField.resolventFreq_pos GaussianField.resolventFreq GaussianField.RapidDecaySeq.instAddCommGroup GaussianField.SmoothMap_Circle GaussianField.ntpSliceSchwartz GaussianField.RapidDecaySeq.instTopologicalSpace GaussianField.resolventMultiplierCLM GaussianField.NuclearTensorProduct.summable_inv_one_add_sq GaussianField.RapidDecaySeq.weight_nonneg GaussianField.DyninMityaginSpace.p GaussianField.RapidDecaySeq.rapid_decay GaussianField.resolventRDS_uniformBound GaussianField.schwartzRapidDecayEquiv1D Lattice.toSemilatticeInf GaussianField.ntpExtractSlice_a_decay
thm	Pphi2.latticeInteraction_continuous	Pphi2.InteractingMeasure.LatticeAction	GaussianField.FinLatticeSites Pphi2.wickMonomial Pphi2.wickMonomial_continuous Pphi2.wickConstant GaussianField.FinLatticeField Pphi2.wickPolynomial Pphi2.latticeInteraction
thm	GaussianField.gaussianDensityWeight_measurable	GaussianField.Density	GaussianField.FinLatticeSites GaussianField.gaussianDensity_measurable GaussianField.gaussianDensityWeight GaussianField.gaussianDensity GaussianField.FinLatticeField
thm	Pphi2.cylinderToTorusEmbed_comp_spatialTranslation	Pphi2.IRLimit.CylinderEmbedding	GaussianField.DyninMityaginSpace GaussianField.NuclearTensorProduct.instModuleReal GaussianField.circleTranslation GaussianField.NuclearTensorProduct.instTopologicalSpace GaussianField.nuclearTensorProduct_mapCLM_general_pure GaussianField.cylinderSpatialTranslation GaussianField.nuclearTensorProduct_mapCLM GaussianField.schwartz_dyninMityaginSpace_1D GaussianField.nuclearTensorProduct_mapCLM_general GaussianField.SmoothMap_Circle.instAddCommGroup GaussianField.CylinderTestFunction GaussianField.nuclearTensorProduct_mapCLM_pure GaussianField.nuclearTensorProduct_swapCLM GaussianField.asymTorusTranslation GaussianField.NuclearTensorProduct Pphi2.cylinderToTorusEmbed GaussianField.nuclearTensorProduct_swapCLM_pure GaussianField.NuclearTensorProduct.instAddCommGroup GaussianField.periodizeCLM GaussianField.SmoothMap_Circle.instModule GaussianField.SmoothMap_Circle.instContinuousSMul GaussianField.smoothCircle_dyninMityaginSpace GaussianField.SmoothMap_Circle.instIsTopologicalAddGroup GaussianField.NuclearTensorProduct.pure GaussianField.SmoothMap_Circle GaussianField.circleTranslation_zero GaussianField.AsymTorusTestFunction GaussianField.SmoothMap_Circle.instTopologicalSpace
thm	GaussianHilbert.mehlerFun_memLp	GaussianHilbert.OUEigenfunctions	GaussianHilbert.stdGaussianFin GaussianHilbert.mehlerFun GaussianHilbert.mehlerFun_measurable
thm	Pphi2.cylinderPullback_timeTranslation_invariant	Pphi2.IRLimit.CylinderOS	GaussianField.NuclearTensorProduct.instModuleReal GaussianField.NuclearTensorProduct.instTopologicalSpace Pphi2.cylinderPullback GaussianField.CylinderTestFunction GaussianField.NuclearTensorProduct.instIsTopologicalAddGroup GaussianField.asymTorusTranslation Pphi2.cylinderToTorusEmbed GaussianField.configuration_measurable_of_eval_measurable GaussianField.NuclearTensorProduct.instAddCommGroup Pphi2.cylinderPullbackMeasure GaussianField.configuration_eval_measurable GaussianField.Configuration GaussianField.NuclearTensorProduct.instContinuousSMulReal GaussianField.SmoothMap_Circle GaussianField.instMeasurableSpaceConfiguration GaussianField.AsymTorusTestFunction Pphi2.cylinderToTorusEmbed_comp_timeTranslation GaussianField.cylinderTranslation
thm	Pphi2.wickMonomial_zero_variance	Pphi2.WickOrdering.WickPolynomial	Pphi2.wickMonomial
thm	Pphi2.cylinderPullbackMeasure_integral_sq	Pphi2.IRLimit.CylinderEmbedding	GaussianField.NuclearTensorProduct.instModuleReal GaussianField.NuclearTensorProduct.instTopologicalSpace Pphi2.cylinderPullback GaussianField.CylinderTestFunction GaussianField.NuclearTensorProduct.instIsTopologicalAddGroup Pphi2.cylinderToTorusEmbed GaussianField.configuration_measurable_of_eval_measurable GaussianField.NuclearTensorProduct.instAddCommGroup Pphi2.cylinderPullbackMeasure GaussianField.configuration_eval_measurable GaussianField.Configuration GaussianField.NuclearTensorProduct.instContinuousSMulReal GaussianField.SmoothMap_Circle GaussianField.instMeasurableSpaceConfiguration GaussianField.AsymTorusTestFunction
thm	GaussianField.integral_latticeGaussianFieldLaw_eq_integral_normalizedGaussianDensityMeasure	GaussianField.Density	GaussianField.FinLatticeSites GaussianField.latticeGaussianFieldLaw GaussianField.latticeGaussianFieldLaw_eq_normalizedGaussianDensityMeasure GaussianField.normalizedGaussianDensityMeasure GaussianField.FinLatticeField
thm	Pphi2.torusConnectedFourPoint_eq_lattice	Pphi2.TorusContinuumLimit.TorusU4Pullback	GaussianField.NuclearTensorProduct.instModuleReal GaussianField.NuclearTensorProduct.instTopologicalSpace GaussianField.FinLatticeSites GaussianField.NuclearTensorProduct.instIsTopologicalAddGroup Pphi2.connectedFourPoint Pphi2.torusEmbedLift Pphi2.torusConnectedFourPoint Pphi2.torusEmbedLift_measurable Pphi2.interactingLatticeMeasure GaussianField.NuclearTensorProduct.instAddCommGroup GaussianField.configuration_eval_measurable GaussianField.Configuration GaussianField.NuclearTensorProduct.instContinuousSMulReal GaussianField.SmoothMap_Circle GaussianField.circleSpacing GaussianField.instMeasurableSpaceConfiguration Pphi2.latticeTestFn Pphi2.torusEmbedLift_eval_eq Pphi2.torusInteractingMeasure GaussianField.FinLatticeField GaussianField.TorusTestFunction GaussianField.circleSpacing_pos
def	GaussianField.neighborsFinite	Lattice.Sites	GaussianField.FinLatticeSites
thm	Pphi2.schwartzRe_ofReal_add_real_smul	Pphi2.EuclideanComplex	Pphi2.EuclideanPlaneBackground.SpaceTime Pphi2.EuclideanPlaneBackground.RealTestFunction Pphi2.schwartzOfReal Pphi2.EuclideanPlaneBackground.dim Pphi2.EuclideanOS.schwartzRe Pphi2.EuclideanPlaneBackground Pphi2.EuclideanPlaneBackground.ComplexTestFunction
thm	GaussianField.gffSmearedCovariance_self	GaussianField.WickMultivariate	GaussianField.FinLatticeSites GaussianField.gffSmearedCoeff GaussianField.FinLatticeField GaussianField.gffSmearedCovariance
thm	GaussianField.latticeNorm_nonneg	Lattice.Sites	GaussianField.latticeNorm Lattice.toSemilatticeInf
def	Pphi2.asymTransferSystem	Pphi2.AsymTorus.AsymTransferInstantiation	Pphi2.SpatialField Pphi2.asymTransferKernel Pphi2.asymTransferKernel_measurable Pphi2.asymTransferKernel_symm Pphi2.asymTransferKernel_nonneg
thm	GaussianField.fourierMultiplier_preserves_real	Cylinder.FourierMultiplier	GaussianField.schwartzToComplex GaussianField.schwartzToReal
def	GaussianField.asymLatticeCoeffCLM	Lattice.AsymFiniteField	GaussianField.AsymLatticeSites GaussianField.AsymLatticeField GaussianField.instFintypeAsymLatticeSitesOfNeZeroNat
thm	Pphi2.integrable_powMul_wickPolynomial_mul_self	Pphi2.InteractingMeasure.MomentIntegrability	Pphi2.integrable_powMul_wickMonomial_mulWickPoly GaussianField.FinLatticeSites Pphi2.wickMonomial GaussianField.latticeGaussianMeasure GaussianField.Configuration GaussianField.instMeasurableSpaceConfiguration GaussianField.FinLatticeField Pphi2.wickPolynomial
thm	GaussianField.nuclearTensorProduct_mapCLM_general_pure	Nuclear.GeneralMapCLM	GaussianField.DyninMityaginSpace GaussianField.NuclearTensorProduct.ext GaussianField.NuclearTensorProduct.instModuleReal GaussianField.NuclearTensorProduct.instTopologicalSpace GaussianField.DyninMityaginSpace.coeff GaussianField.nuclearTensorProduct_mapCLM_general GaussianField.RapidDecaySeq.val GaussianField.DyninMityaginSpace.expansion GaussianField.NuclearTensorProduct GaussianField.NuclearTensorProduct.instAddCommGroup GaussianField.DyninMityaginSpace.basis GaussianField.NuclearTensorProduct.pure
thm	Pphi2.two_div_degree_eq_inv_cutoffPower	Pphi2.NelsonEstimate.PolynomialChaosBridge	Pphi2.DynamicalCutoff.degreeCutoffPower
thm	GaussianField.freeHeatSemigroup_comp	Cylinder.FourierMultiplier	GaussianField.heatMultiplierCLM_comp GaussianField.freeHeatSemigroup
thm	GaussianHilbert.mehlerOp_eq_smul_of_mem_wienerChaos	GaussianHilbert.OUEigenfunctions	GaussianHilbert.MultiIndex.totalDegree GaussianHilbert.stdGaussianFin GaussianHilbert.wienerChaos GaussianHilbert.hermiteMultiLp GaussianHilbert.mehlerOp
thm	GaussianField.dft_eigencoeff_massOperator_2d	Lattice.CirculantDFT2d	GaussianField.massOperator_product_eigenvector GaussianField.massOperator_selfAdjoint GaussianField.latticeEigenvalue1d GaussianField.latticeFourierBasisFun GaussianField.FinLatticeSites GaussianField.massOperator GaussianField.FinLatticeField
def	Pphi2.canonicalSumFieldLaw	Pphi2.NelsonEstimate.FieldDecomposition	GaussianField.FinLatticeSites Pphi2.canonicalStdToFieldCLM Pphi2.CanonicalJointSumIndex GaussianField.FinLatticeField
def	GaussianField.latticeHeatKernelBilinear1d	Lattice.HeatKernelConvergence1d	GaussianField.SmoothMap_Circle.instAddCommGroup GaussianField.FinLatticeSites GaussianField.circleRestriction GaussianField.SmoothMap_Circle.instModule GaussianField.SmoothMap_Circle GaussianField.circleSpacing GaussianField.FinLatticeField GaussianField.SmoothMap_Circle.instTopologicalSpace GaussianField.latticeHeatKernelMatrix
thm	Pphi2.torusGaussianMeasure_isGaussian	Pphi2.TorusContinuumLimit.TorusGaussianLimit	Pphi2.torusEmbeddedTwoPoint_eq_lattice_second_moment GaussianField.NuclearTensorProduct.instModuleReal GaussianField.NuclearTensorProduct.instTopologicalSpace GaussianField.finLatticeField_dyninMityaginSpace Pphi2.lattice_second_moment_eq_inner GaussianField.ell2_separableSpace Pphi2.torusEmbeddedTwoPoint GaussianField.FinLatticeSites GaussianField.NuclearTensorProduct.instIsTopologicalAddGroup Pphi2.torusEmbedLift GaussianField.latticeCovarianceGJ Pphi2.torusContinuumMeasure Pphi2.torusEmbedLift_measurable GaussianField.NuclearTensorProduct.instAddCommGroup GaussianField.pairing_is_gaussian GaussianField.latticeGaussianMeasure GaussianField.configuration_eval_measurable GaussianField.Configuration GaussianField.NuclearTensorProduct.instContinuousSMulReal GaussianField.SmoothMap_Circle GaussianField.circleSpacing GaussianField.instMeasurableSpaceConfiguration Pphi2.latticeTestFn Pphi2.torusEmbedLift_eval_eq GaussianField.ell2' GaussianField.FinLatticeField GaussianField.TorusTestFunction GaussianField.circleSpacing_pos
thm	GaussianField.gaussian_ibp_general	GaussianField.Wick	GaussianField.DyninMityaginSpace GaussianField.measure GaussianField.pairing_integrable GaussianField.gaussian_ibp GaussianField.configuration_eval_measurable GaussianField.Configuration GaussianField.product_integrable GaussianField.instMeasurableSpaceConfiguration
thm	GaussianField.summable_smul_ell2	GaussianField.TargetFactorization	GaussianField.ell2'
def	GaussianField.RapidDecaySeq.instAdd	Nuclear.NuclearTensorProduct	GaussianField.RapidDecaySeq GaussianField.RapidDecaySeq.val
thm	GaussianField.heatSingularValue_factors	HeatKernel.Axioms	GaussianField.qftEigenvalue GaussianField.heatSingularValue GaussianField.SmoothMap_Circle.fourierFreq
def	Pphi2.asymRemainderHypothesis	Pphi2.AsymTorus.AsymBridgeInstance	Pphi2.asymTransferNormalized Pphi2.L2SpatialField Pphi2.SpatialField Pphi2.asymGroundVector Pphi2.asymFinitePeriodicBridge_remainder_bound Pphi2.asymTransferSystem Pphi2.asymTransferGroundEigenvalue Pphi2.asymGappedTransfer Pphi2.asymGroundVector_coeFn_eq_groundStateRep Pphi2.asymGroundStateRep Pphi2.asymPartition_ground_bound
thm	GaussianField.SmoothMap_Circle.Icc_nonempty	SmoothCircle.Basic
struct	GaussianField.CylinderSpacetimeSymmetry	Cylinder.GreenFunction
axiom	GaussianField.fourierMultiplier_schwartz_bound	SchwartzFourier.ResolventUniformBound	GaussianField.realFourierMultiplierCLM
thm	Pphi2.planeBackground_dim	Pphi2.Backgrounds.EuclideanPlane	Pphi2.planeBackground Pphi2.EuclideanPlaneBackground.dim
def	Pphi2.torusGeneratingFunctional	Pphi2.TorusContinuumLimit.TorusOSAxioms	GaussianField.NuclearTensorProduct.instModuleReal GaussianField.NuclearTensorProduct.instTopologicalSpace GaussianField.NuclearTensorProduct.instIsTopologicalAddGroup GaussianField.NuclearTensorProduct.instAddCommGroup GaussianField.Configuration GaussianField.NuclearTensorProduct.instContinuousSMulReal GaussianField.SmoothMap_Circle GaussianField.instMeasurableSpaceConfiguration GaussianField.TorusTestFunction
thm	GaussianField.RapidDecayLattice.latticeEnum_norm_bound	Lattice.RapidDecayLattice	GaussianField.RapidDecayLattice.latticeEnum GaussianField.latticeNorm
thm	Pphi2.roughCovEigenvalue_le_T	Pphi2.NelsonEstimate.CovarianceSplit	Pphi2.roughCovEigenvalue GaussianField.latticeEigenvalue_pos GaussianField.latticeEigenvalue
def	Pphi2.TransferGroundExcitedData.i₀	Pphi2.TransferMatrix.Positivity	Pphi2.TransferGroundExcitedData Pphi2.TransferGroundExcitedData.ι
def	Pphi2.asymSliceFamilyLinear	Pphi2.AsymTorus.AsymBridgeKLimit	Pphi2.asymSliceObsLinear Pphi2.SpatialField
def	Pphi2.timeReflection2	Pphi2.Backgrounds.EuclideanPlane2D	Pphi2.planeBackground Pphi2.EuclideanPlaneBackground.dim Pphi2.SpaceTime2
thm	GaussianField.eval_map_eq_of_covariance	Pphi2.TorusContinuumLimit.MeasureUniqueness	GaussianField.configuration_eval_measurable GaussianField.Configuration GaussianField.mgf_at_scaled GaussianField.instMeasurableSpaceConfiguration Lattice.toSemilatticeInf
thm	GaussianField.latticeFourierProductNormSq.congr_simp	Lattice.LatticeFourierProduct	GaussianField.latticeFourierProductNormSq
thm	GaussianField.resolventSchwartz_uniformBound	SchwartzFourier.ResolventUniformBound	GaussianField.fourierMultiplier_schwartz_bound GaussianField.resolventSymbol_hasTemperateGrowth GaussianField.realFourierMultiplierCLM GaussianField.resolventSymbol_uniform_deriv_bound GaussianField.resolventMultiplierCLM GaussianField.resolventSymbol
thm	GaussianField.orthonormal_countable'	GaussianField.NuclearSVD	Lattice.toSemilatticeInf
def	Pphi2.FieldDecomposition.μ_joint	Pphi2.NelsonEstimate.FieldDecomposition	Pphi2.FieldDecomposition Pphi2.FieldDecomposition.Joint Pphi2.FieldDecomposition.jointMeasurable
def	Pphi2.canonicalSmoothInteraction	Pphi2.NelsonEstimate.RoughErrorBound	Pphi2.smoothWickConstant GaussianField.FinLatticeSites Pphi2.canonicalSmoothFieldFunction Pphi2.wickPolynomial Pphi2.CanonicalJoint
thm	GaussianField.heatSymbol_mul	Cylinder.FourierMultiplier	GaussianField.heatSymbol
thm	Pphi2.asymTorusEmbedLiftIso_eval_eq	Pphi2.AsymTorus.AsymTorusEmbeddingIso	GaussianField.NuclearTensorProduct.instModuleReal GaussianField.NuclearTensorProduct.instTopologicalSpace GaussianField.AsymLatticeSites Pphi2.evalAsymTorusAtSiteGJ GaussianField.NuclearTensorProduct.instIsTopologicalAddGroup Pphi2.asymLatticeTestFnIso Pphi2.asymTorusEmbedLiftIso GaussianField.NuclearTensorProduct.instAddCommGroup GaussianField.Configuration GaussianField.NuclearTensorProduct.instContinuousSMulReal GaussianField.AsymLatticeField GaussianField.SmoothMap_Circle GaussianField.instFintypeAsymLatticeSitesOfNeZeroNat Pphi2.asymLatticeTestFnIso_expand GaussianField.asymLatticeDelta GaussianField.AsymTorusTestFunction
thm	GaussianField.nuclear_sequence_svd	GaussianField.NuclearSVD	GaussianField.compact_selfAdjoint_spectral_nat GaussianField.nuclear_clm GaussianField.nuclear_clm_basis GaussianField.ell2_basis GaussianField.summable_sqrt_eigenvalues GaussianField.ell2' GaussianField.nuclear_clm_isCompact GaussianField.inner_ell2_basis_eq_coord Lattice.toSemilatticeInf
thm	Pphi2.EuclideanOS.SatisfiesFullOS.os3	Pphi2.EuclideanOS	Pphi2.EuclideanPlaneBackground.SpaceTime Pphi2.EuclideanPlaneBackground.RealTestFunction Pphi2.EuclideanOS.SatisfiesFullOS Pphi2.EuclideanPlaneBackground.dim Pphi2.EuclideanPlaneBackground Pphi2.EuclideanTimeStructure Pphi2.EuclideanOS.OS3_ReflectionPositivity GaussianField.instMeasurableSpaceConfiguration Pphi2.EuclideanPlaneBackground.Distribution
thm	Pphi2.torusEmbeddedTwoPoint_eq_lattice_cross_moment	Pphi2.TorusContinuumLimit.TorusPropagatorConvergence	GaussianField.NuclearTensorProduct.instModuleReal GaussianField.NuclearTensorProduct.instTopologicalSpace Pphi2.torusEmbeddedTwoPoint GaussianField.FinLatticeSites GaussianField.NuclearTensorProduct.instIsTopologicalAddGroup Pphi2.torusEmbedLift Pphi2.torusContinuumMeasure Pphi2.torusEmbedLift_measurable GaussianField.NuclearTensorProduct.instAddCommGroup GaussianField.latticeGaussianMeasure GaussianField.configuration_eval_measurable GaussianField.Configuration GaussianField.NuclearTensorProduct.instContinuousSMulReal GaussianField.SmoothMap_Circle GaussianField.circleSpacing GaussianField.instMeasurableSpaceConfiguration Pphi2.latticeTestFn Pphi2.torusEmbedLift_eval_eq GaussianField.FinLatticeField GaussianField.TorusTestFunction GaussianField.circleSpacing_pos
thm	Pphi2.canonicalSmoothInteraction_variance_le	Pphi2.InteractingMeasure.InteractionVariance	Pphi2.canonicalJointMeasure Pphi2.canonicalSmoothInteraction_eq_sum_crossTerm_diag Pphi2.canonicalSmoothInteraction Pphi2.canonicalCrossTerm_diag_l2_sq_le Pphi2.canonicalCrossTerm_pair_integrable Pphi2.canonicalCrossTerm Lattice.toSemilatticeInf Pphi2.CanonicalJoint
thm	GaussianField.CylinderSpacetimeSymmetry.heat_comm	Cylinder.GreenFunction	GaussianField.NuclearTensorProduct.instModuleReal GaussianField.NuclearTensorProduct.instTopologicalSpace GaussianField.CylinderSpacetimeSymmetry.toCLM GaussianField.CylinderSpacetimeSymmetry GaussianField.CylinderTestFunction GaussianField.cylinderHeatSemigroup GaussianField.NuclearTensorProduct.instAddCommGroup GaussianField.SmoothMap_Circle
def	GaussianField.massOperatorCoord	Cylinder.MassOperatorConstruction	GaussianField.NuclearTensorProduct.instModuleReal GaussianField.NuclearTensorProduct.instTopologicalSpace GaussianField.DyninMityaginSpace.coeff GaussianField.schwartz_dyninMityaginSpace_1D GaussianField.CylinderTestFunction GaussianField.NuclearTensorProduct.instAddCommGroup GaussianField.resolventFreq_pos GaussianField.resolventFreq GaussianField.SmoothMap_Circle GaussianField.ntpSliceSchwartz GaussianField.resolventMultiplierCLM
thm	Pphi2.latticeSecondMoment_eq_smearedCovariance	Pphi2.InteractingMeasure.U4Derivative	GaussianField.FinLatticeSites GaussianField.gffSmearedCoeff GaussianField.latticeGaussianMeasure GaussianField.Configuration GaussianField.gff_wickPower_two_smeared_inner GaussianField.instMeasurableSpaceConfiguration GaussianField.FinLatticeField GaussianField.gffSmearedCovariance
def	Pphi2.LatticeSetup.latticeSmoothInteraction	Pphi2.NelsonEstimate.LatticeSetup	Pphi2.smoothWickConstant GaussianField.finLatticeDelta GaussianField.FinLatticeSites GaussianField.Configuration GaussianField.FinLatticeField Pphi2.wickPolynomial
thm	GaussianHilbert.mehlerFun_measurable	GaussianHilbert.OUEigenfunctions	GaussianHilbert.ouAffine GaussianHilbert.stdGaussianFin GaussianHilbert.mehlerFun
thm	GaussianField.SmoothMap_Circle.smoothCircle_withSeminorms	SmoothCircle.Basic	GaussianField.SmoothMap_Circle.instAddCommGroup GaussianField.SmoothMap_Circle.instModule GaussianField.SmoothMap_Circle GaussianField.SmoothMap_Circle.sobolevSeminorm GaussianField.SmoothMap_Circle.instTopologicalSpace
thm	Pphi2.torusEmbeddedTwoPoint_eq_spectral_sum	Pphi2.TorusContinuumLimit.TorusPropagatorConvergence	Pphi2.torusEmbeddedTwoPoint GaussianField.covariance GaussianField.FinLatticeSites GaussianField.latticeCovarianceGJ GaussianField.lattice_covariance_GJ_eq_spectral GaussianField.latticeGaussianMeasure GaussianField.Configuration GaussianField.massEigenvalues GaussianField.massEigenvectorBasis Pphi2.torusEmbeddedTwoPoint_eq_lattice_cross_moment GaussianField.lattice_cross_moment GaussianField.circleSpacing GaussianField.instMeasurableSpaceConfiguration Pphi2.latticeTestFn GaussianField.ell2' GaussianField.FinLatticeField GaussianField.TorusTestFunction GaussianField.circleSpacing_pos
def	GaussianField.RapidDecaySeq.rapidDecay_dyninMityaginSpace	Nuclear.NuclearTensorProduct	GaussianField.DyninMityaginSpace GaussianField.RapidDecaySeq.rapidDecaySeminorm GaussianField.RapidDecaySeq.instCompleteSpace GaussianField.RapidDecaySeq GaussianField.RapidDecaySeq.instModule GaussianField.RapidDecaySeq.basisVec GaussianField.RapidDecaySeq.rapidDecay_t1Space GaussianField.RapidDecaySeq.rapidDecay_expansion GaussianField.RapidDecaySeq.instAddCommGroup GaussianField.RapidDecaySeq.instIsTopologicalAddGroup GaussianField.RapidDecaySeq.instTopologicalSpace GaussianField.RapidDecaySeq.instContinuousSMul GaussianField.RapidDecaySeq.rapidDecay_withSeminorms GaussianField.RapidDecaySeq.coeffCLM
thm	GaussianField.normalizedGaussianDensityMeasure_charFunDual_eq_latticeGaussianFieldLaw	GaussianField.Density	GaussianField.latticeGaussianFieldLaw_fourier GaussianField.FinLatticeSites GaussianField.latticeCovarianceGJ GaussianField.latticeGaussianFieldLaw GaussianField.strongDualToField GaussianField.normalizedGaussianDensityMeasure GaussianField.charFunDual_eq_site_integral GaussianField.normalizedGaussianDensityMeasure_linearFourier GaussianField.ell2' GaussianField.FinLatticeField
thm	Pphi2.canonicalSumFieldFunction_eq_smooth_plus_rough	Pphi2.NelsonEstimate.FieldDecomposition	GaussianField.FinLatticeSites Pphi2.canonicalSumFieldFunction Pphi2.canonicalRoughFieldFunction Pphi2.canonicalSmoothFieldFunction Pphi2.CanonicalJoint
thm	GaussianField.circleSpacing.congr_simp	SmoothCircle.Restriction	GaussianField.circleSpacing
thm	Pphi2.wickMonomial_four_add	Pphi2.NelsonEstimate.WickBinomial	Pphi2.wickMonomial_two Pphi2.wickMonomial_three Pphi2.wickMonomial Pphi2.wickMonomial_four
thm	Pphi2.torusGaussianLimit_os1	Pphi2.TorusContinuumLimit.TorusOSAxioms	Pphi2.torusContinuumGreen Pphi2.IsTorusGaussianContinuumLimit GaussianField.NuclearTensorProduct.instModuleReal GaussianField.NuclearTensorProduct.instTopologicalSpace Pphi2.torusContinuumGreen_continuous_diag GaussianField.NuclearTensorProduct.instIsTopologicalAddGroup Pphi2.torusContinuumGreen_nonneg Pphi2.TorusOS1_Regularity Pphi2.IsTorusGaussianContinuumLimit.isGaussian GaussianField.NuclearTensorProduct.instAddCommGroup GaussianField.Configuration GaussianField.NuclearTensorProduct.instContinuousSMulReal GaussianField.SmoothMap_Circle Pphi2.IsTorusGaussianContinuumLimit.covariance_eq GaussianField.instMeasurableSpaceConfiguration Pphi2.torusGeneratingFunctionalℂ GaussianField.TorusTestFunction Lattice.toSemilatticeInf
thm	GaussianField.lattice_cross_moment	Lattice.Covariance	GaussianField.cross_moment_eq_covariance GaussianField.finLatticeField_dyninMityaginSpace GaussianField.ell2_separableSpace GaussianField.covariance GaussianField.FinLatticeSites GaussianField.latticeCovarianceGJ GaussianField.latticeGaussianMeasure GaussianField.Configuration GaussianField.instMeasurableSpaceConfiguration GaussianField.ell2' GaussianField.FinLatticeField
thm	Pphi2.smoothVariance_le_log_uniform	Pphi2.NelsonEstimate.CovarianceSplit	Pphi2.smoothWickConstant GaussianField.FinLatticeSites Pphi2.smoothVarianceConstant GaussianField.latticeEigenvalue_pos Pphi2.wickConstant Pphi2.smoothCovEigenvalue Pphi2.wickConstant_le_inv_mass_sq GaussianField.latticeEigenvalue Lattice.toSemilatticeInf
thm	GaussianField.RapidDecayLattice.weight_pos	Lattice.RapidDecayLattice	GaussianField.latticeNorm GaussianField.latticeNorm_nonneg
thm	GaussianField.covariance_spectralLatticeCovarianceAsym_eq	Lattice.AsymCovariance	GaussianField.spectralLatticeCovarianceAsym GaussianField.AsymLatticeSites GaussianField.covariance GaussianField.massEigenvectorBasisAsym GaussianField.massEigenvaluesAsym GaussianField.AsymLatticeField GaussianField.instFintypeAsymLatticeSitesOfNeZeroNat GaussianField.spectralLatticeCovarianceAsym_inner GaussianField.ell2'
def	GaussianField.FinLatticeField	Lattice.FiniteField	GaussianField.FinLatticeSites
def	Pphi2.canonicalSmoothWeight	Pphi2.NelsonEstimate.FieldDecomposition	Pphi2.canonicalEigenvalue
thm	Pphi2.BridgeFromTail.expSqNeg_lintegral_le_of_dynamical_cutoff	Pphi2.NelsonEstimate.BridgeFromTail	Pphi2.DynamicalCutoff.measure_le_neg_of_smooth_rough_split Pphi2.LayerCake.lintegral_expSq_neg_le_of_tail
thm	Pphi2.pairing2D.congr_simp	Pphi2.OSProofs.OS3_RP_Lattice	Pphi2.pairing2D
thm	Pphi2.continuumMeasure_isProbability	Pphi2.ContinuumLimit.Embedding	Pphi2.EuclideanPlaneBackground.SpaceTime Pphi2.planeBackground GaussianField.FinLatticeSites Pphi2.latticeEmbedLift_measurable Pphi2.EuclideanPlaneBackground.dim Pphi2.interactingLatticeMeasure_isProbability Pphi2.interactingLatticeMeasure Pphi2.continuumMeasure GaussianField.Configuration GaussianField.instMeasurableSpaceConfiguration Pphi2.latticeEmbedLift Pphi2.ContinuumTestFunction GaussianField.FinLatticeField
def	GaussianField.quadraticGaussianMeasure	GaussianField.Density	GaussianField.quadraticGaussianDensity
def	Pphi2.canonicalRoughFieldFunction	Pphi2.NelsonEstimate.FieldDecomposition	GaussianField.FinLatticeSites Pphi2.CanonicalJoint
def	Pphi2.EuclideanTimeStructure.reflect	Pphi2.Backgrounds.EuclideanTime	Pphi2.EuclideanPlaneBackground.SpaceTime Pphi2.EuclideanPlaneBackground.dim Pphi2.EuclideanPlaneBackground Pphi2.EuclideanTimeStructure
thm	Pphi2.LatticeSetup.interactionFunctional_eq_smooth_plus_rough	Pphi2.NelsonEstimate.LatticeSetup	Pphi2.LatticeSetup.latticeSmoothInteraction GaussianField.FinLatticeSites Pphi2.LatticeSetup.latticeRoughError GaussianField.Configuration GaussianField.FinLatticeField Pphi2.interactionFunctional
thm	GaussianField.integrable_exp_smul_of_integrable_exp_sq	Pphi2.TorusContinuumLimit.MeasureUniqueness	GaussianField.configuration_eval_measurable GaussianField.Configuration GaussianField.instMeasurableSpaceConfiguration Lattice.toSemilatticeInf
thm	Pphi2.asymTransferWeight_measurable	Pphi2.AsymTorus.AsymL2Operator	Pphi2.continuous_asymTransferWeight Pphi2.SpatialField Pphi2.asymTransferWeight
def	Pphi2.asymSliceObsLinear	Pphi2.AsymTorus.AsymObsTrunc	Pphi2.SpatialField
thm	GaussianField.lattice_covariance_AsymGJ_eq_spectral	GaussianField.DensityAsym	GaussianField.spectralLatticeCovarianceAsym GaussianField.AsymLatticeSites GaussianField.covariance GaussianField.massEigenvectorBasisAsym GaussianField.massEigenvaluesAsym GaussianField.covariance_spectralLatticeCovarianceAsym_eq GaussianField.AsymLatticeField GaussianField.instFintypeAsymLatticeSitesOfNeZeroNat GaussianField.latticeCovarianceAsymGJ GaussianField.ell2'
def	Pphi2.EuclideanPlaneBackground.translate	Pphi2.Backgrounds.EuclideanPlane	Pphi2.EuclideanPlaneBackground.SpaceTime Pphi2.EuclideanPlaneBackground.action Pphi2.EuclideanPlaneBackground.RealTestFunction Pphi2.EuclideanPlaneBackground.dim Pphi2.EuclideanPlaneBackground.translationMotion Pphi2.EuclideanPlaneBackground
thm	Pphi2.asymCanonicalRoughFieldFunction_smul	Pphi2.NelsonEstimate.AsymFieldDecomposition	GaussianField.AsymLatticeSites Pphi2.asymCanonicalRoughModeCoeff Pphi2.AsymCanonicalJoint Pphi2.asymCanonicalRoughFieldFunction Pphi2.AsymCanonicalMode
thm	GaussianField.cylinderMassOperator_timeTranslation_norm_eq	Cylinder.GreenFunction	GaussianField.NuclearTensorProduct.instModuleReal GaussianField.NuclearTensorProduct.instTopologicalSpace GaussianField.CylinderTestFunction GaussianField.NuclearTensorProduct.instAddCommGroup GaussianField.cylinderMassOperator_timeTranslation_norm_eq_proved GaussianField.cylinderMassOperator GaussianField.SmoothMap_Circle GaussianField.ell2' GaussianField.cylinderTimeTranslation
thm	GaussianField.latticeFourierNormSq_zero	Lattice.CirculantDFT	GaussianField.latticeFourierBasisFun GaussianField.latticeFourierNormSq
thm	Pphi2.u4Deriv2_abs_le_uniform	Pphi2.InteractingMeasure.U4SecondDerivBound	Pphi2.normalizedMoment_abs_le GaussianField.FinLatticeSites Pphi2.u4Deriv2 Pphi2.normalizedMomentDeriv_abs_le Pphi2.normalizedMomentDeriv2 Pphi2.normalizedMoment GaussianField.circleSpacing Pphi2.normalizedMomentDeriv2_abs_le Pphi2.normalizedMomentDeriv Lattice.toSemilatticeInf GaussianField.circleSpacing_pos
thm	Pphi2.ChaosTailBridge.chaosTailConstant_pos	Pphi2.NelsonEstimate.ChaosTailBridge	Pphi2.ChaosTailBridge.chaosTailConstant
thm	Pphi2.integral_pow_map_const_smul	Pphi2.InteractingMeasure.FieldRedefinition	Pphi2.measurable_configuration_const_smul GaussianField.configuration_eval_measurable GaussianField.Configuration GaussianField.instMeasurableSpaceConfiguration
struct	Common.QFT.Euclidean.TensorToDistributionalBridge	Common.QFT.Euclidean.Formulations	Common.QFT.Euclidean.TensorSchwingerModel Common.QFT.Euclidean.SchwingerFormulation.toFormulation Common.QFT.Euclidean.SchwingerFormulation
thm	GaussianField.ell2_separableSpace	GaussianField.NuclearSVD	GaussianField.ell2_basis GaussianField.ell2'
thm	GaussianField.greenFunctionBilinear_smul_left	HeatKernel.Bilinear	GaussianField.DyninMityaginSpace GaussianField.HasLaplacianEigenvalues GaussianField.DyninMityaginSpace.coeff GaussianField.HasLaplacianEigenvalues.eigenvalue GaussianField.greenFunctionBilinear
thm	GaussianField.circleReflection_involution	Torus.Symmetry	GaussianField.SmoothMap_Circle.instFunLike GaussianField.SmoothMap_Circle.ext GaussianField.SmoothMap_Circle.mk.congr_simp GaussianField.SmoothMap_Circle.instAddCommGroup GaussianField.circleReflection GaussianField.SmoothMap_Circle.instModule GaussianField.SmoothMap_Circle GaussianField.SmoothMap_Circle.instTopologicalSpace
thm	Pphi2.smoothWickConstant_le_log_uniform_in_aN	Pphi2.NelsonEstimate.CovarianceBoundsGJ	Pphi2.smoothWickConstant Pphi2.smoothWickConstant_le_log_uniform_in_aN_proved
axiom	Pphi2.latticeGreenBilinear_basis_tendsto_continuum	Pphi2.GaussianContinuumLimit.PropagatorConvergence	Pphi2.EuclideanPlaneBackground.SpaceTime Pphi2.planeBackground Pphi2.EuclideanPlaneBackground.dim GaussianField.DyninMityaginSpace.basis Pphi2.latticeGreenBilinear Pphi2.continuumGreenBilinear Pphi2.ContinuumTestFunction
def	Lattice.toLinearOrder	Mathlib.Order.Lattice	Lattice Lattice.toSemilatticeSup Lattice.toSemilatticeInf
thm	GaussianField.heatMultiplierCLM_zero	Cylinder.FourierMultiplier	GaussianField.realFourierMultiplierCLM.congr_simp GaussianField.heatSymbol GaussianField.heatSymbol_hasTemperateGrowth GaussianField.heatMultiplierCLM GaussianField.realFourierMultiplierCLM GaussianField.schwartzToComplex GaussianField.schwartzToReal GaussianField.heatSymbol_zero
def	Pphi2.CylinderRPMatrixNonnegative	Pphi2.IRLimit.CylinderOS	GaussianField.NuclearTensorProduct.instModuleReal GaussianField.NuclearTensorProduct.instTopologicalSpace GaussianField.cylinderPositiveTimeSubmodule GaussianField.CylinderTestFunction GaussianField.NuclearTensorProduct.instIsTopologicalAddGroup GaussianField.NuclearTensorProduct.instAddCommGroup GaussianField.cylinderTimeReflection GaussianField.Configuration GaussianField.NuclearTensorProduct.instContinuousSMulReal GaussianField.SmoothMap_Circle GaussianField.instMeasurableSpaceConfiguration
thm	Pphi2.continuous_transferWeight	Pphi2.TransferMatrix.L2Operator	Pphi2.spatialAction Pphi2.SpatialField Pphi2.transferWeight Pphi2.wickConstant
def	GaussianField.greenFunctionBilinear	HeatKernel.Bilinear	GaussianField.DyninMityaginSpace GaussianField.HasLaplacianEigenvalues
thm	Pphi2.latticeTestFn_norm_sq_bounded	Pphi2.TorusContinuumLimit.TorusPropagatorConvergence	GaussianField.NuclearTensorProduct.instModuleReal Pphi2.dm_basis_eq_fourierBasis GaussianField.NuclearTensorProduct.instTopologicalSpace GaussianField.DyninMityaginSpace.coeff GaussianField.SmoothMap_Circle.instFunLike GaussianField.RapidDecaySeq.rapidDecaySeminorm Pphi2.evalTorusAtSite_basisVec GaussianField.RapidDecaySeq GaussianField.SmoothMap_Circle.fourierBasis GaussianField.RapidDecaySeq.val GaussianField.NuclearTensorProduct.dyninMityaginSpace GaussianField.SmoothMap_Circle.instAddCommGroup GaussianField.FinLatticeSites GaussianField.NuclearTensorProduct.instIsTopologicalAddGroup GaussianField.SmoothMap_Circle.norm_iteratedDeriv_le_sobolevSeminorm' GaussianField.circleRestriction GaussianField.DyninMityaginSpace.expansion GaussianField.RapidDecaySeq.instSMul GaussianField.SmoothMap_Circle.instSMul GaussianField.RapidDecaySeq.basisVec GaussianField.circleSpacing_eq GaussianField.NuclearTensorProduct.instAddCommGroup GaussianField.circleRestriction_apply GaussianField.evalTorusAtSiteGJ_apply' GaussianField.evalTorusAtSite GaussianField.SmoothMap_Circle.instModule GaussianField.SmoothMap_Circle.instContinuousSMul GaussianField.smoothCircle_dyninMityaginSpace GaussianField.SmoothMap_Circle.instIsTopologicalAddGroup GaussianField.DyninMityaginSpace.basis GaussianField.NuclearTensorProduct.instContinuousSMulReal GaussianField.RapidDecaySeq.instAddCommGroup GaussianField.SmoothMap_Circle GaussianField.circleSpacing GaussianField.evalTorusAtSiteGJ GaussianField.SmoothMap_Circle.sobolevSeminorm Pphi2.latticeTestFn GaussianField.RapidDecaySeq.rapid_decay GaussianField.SmoothMap_Circle.sobolevSeminorm_fourierBasis_le GaussianField.TorusTestFunction GaussianField.SmoothMap_Circle.instTopologicalSpace GaussianField.circlePoint Lattice.toSemilatticeInf
thm	GaussianField.lattice_heatKernel_tendsto_continuum_1d	Lattice.CirculantDFT	GaussianField.latticeFourierNormSq_eventually_one GaussianField.latticeDFTCoeff1d_zero_of_ge GaussianField.latticeEigenvalue1d_tendsto_continuum GaussianField.latticeEigenvalue1d GaussianField.DyninMityaginSpace.coeff GaussianField.latticeDFTCoeff1d_flat_bound GaussianField.circleHasLaplacianEigenvalues GaussianField.SmoothMap_Circle.instAddCommGroup GaussianField.SmoothMap_Circle.instSMul GaussianField.latticeDFTCoeff1d_tendsto GaussianField.latticeFourierNormSq_zero GaussianField.HasLaplacianEigenvalues.eigenvalue GaussianField.latticeFourierNormSq_ge_one GaussianField.latticeFourierNormSq GaussianField.SmoothMap_Circle.instModule GaussianField.latticeFourierNormSq_pos GaussianField.SmoothMap_Circle.instContinuousSMul GaussianField.smoothCircle_dyninMityaginSpace GaussianField.SmoothMap_Circle.instIsTopologicalAddGroup GaussianField.latticeEigenvalue1d_zero GaussianField.SmoothMap_Circle GaussianField.latticeDFTCoeff1d GaussianField.heatKernelBilinear GaussianField.circleSpacing GaussianField.SmoothMap_Circle.sobolevSeminorm_nonneg GaussianField.latticeHeatKernelBilinear1d GaussianField.SmoothMap_Circle.sobolevSeminorm GaussianField.latticeEigenvalue1d_ge_8m GaussianField.SmoothMap_Circle.instTopologicalSpace Lattice.toSemilatticeInf
thm	GaussianField.RapidDecaySeq.rapidDecay_withSeminorms	Nuclear.NuclearTensorProduct	GaussianField.RapidDecaySeq.rapidDecaySeminorm GaussianField.RapidDecaySeq GaussianField.RapidDecaySeq.instModule GaussianField.RapidDecaySeq.instAddCommGroup GaussianField.RapidDecaySeq.instTopologicalSpace
thm	GaussianField.schwartz_partial_hermiteCoeff_iteratedFDeriv	SchwartzNuclear.SchwartzSlicing	GaussianField.schwartz_slice_partial GaussianField.schwartz_partial_hermiteCoeff GaussianField.euclideanSnoc
thm	GaussianField.RapidDecayLattice.lattice_withSeminorms	Lattice.RapidDecayLattice	GaussianField.RapidDecayLattice.latticeRapidDecaySeminorm GaussianField.RapidDecayLattice.instAddCommGroup GaussianField.RapidDecayLattice GaussianField.RapidDecayLattice.instTopologicalSpace GaussianField.RapidDecayLattice.instModule
thm	GaussianField.heatKernelBilinear_tensorProduct	HeatKernel.Bilinear	GaussianField.DyninMityaginSpace GaussianField.NuclearTensorProduct.instModuleReal GaussianField.HasLaplacianEigenvalues GaussianField.NuclearTensorProduct.instTopologicalSpace GaussianField.NuclearTensorProduct.dyninMityaginSpace GaussianField.NuclearTensorProduct.instIsTopologicalAddGroup GaussianField.tensorProductHasLaplacianEigenvalues GaussianField.NuclearTensorProduct GaussianField.NuclearTensorProduct.instAddCommGroup GaussianField.NuclearTensorProduct.instContinuousSMulReal GaussianField.NuclearTensorProduct.pure GaussianField.heatKernelBilinear
def	GaussianField.RapidDecayLattice.instAdd	Lattice.RapidDecayLattice	GaussianField.RapidDecayLattice GaussianField.RapidDecayLattice.val
def	Pphi2.asymCanonicalJointStdGaussianMeasurableEquiv	Pphi2.NelsonEstimate.AsymRoughErrorChaosStd	Pphi2.AsymCanonicalJointSumIndex Pphi2.AsymCanonicalJoint Pphi2.AsymCanonicalMode
thm	Pphi2.canonicalSumFieldFunction_measurable	Pphi2.NelsonEstimate.FieldDecomposition	GaussianField.FinLatticeSites Pphi2.canonicalSumFieldFunction Pphi2.canonicalSumFieldFunction_pointwise_measurable Pphi2.CanonicalJoint
thm	GaussianField.measurable_evalMap	GaussianField.Density	GaussianField.finLatticeDelta GaussianField.evalMap GaussianField.FinLatticeSites GaussianField.configuration_eval_measurable GaussianField.Configuration GaussianField.instMeasurableSpaceConfiguration GaussianField.FinLatticeField
thm	GaussianField.cylinderGreen_spatialTranslation_invariant	Cylinder.GreenFunction	GaussianField.NuclearTensorProduct.instModuleReal GaussianField.NuclearTensorProduct.instTopologicalSpace GaussianField.cylinderSpatialTranslation GaussianField.CylinderTestFunction GaussianField.cylinderGreen GaussianField.cylinderMassOperator_spatialTranslation_equivariant GaussianField.NuclearTensorProduct.instAddCommGroup GaussianField.cylinderMassOperator GaussianField.SmoothMap_Circle GaussianField.ell2'
def	Pphi2.asymTorusContinuumGreen	Pphi2.AsymTorus.AsymTorusEmbedding	GaussianField.NuclearTensorProduct.instModuleReal GaussianField.NuclearTensorProduct.instTopologicalSpace GaussianField.circleHasLaplacianEigenvalues GaussianField.NuclearTensorProduct.dyninMityaginSpace GaussianField.SmoothMap_Circle.instAddCommGroup GaussianField.tensorProductHasLaplacianEigenvalues GaussianField.NuclearTensorProduct.instAddCommGroup GaussianField.SmoothMap_Circle.instModule GaussianField.SmoothMap_Circle.instContinuousSMul GaussianField.smoothCircle_dyninMityaginSpace GaussianField.SmoothMap_Circle.instIsTopologicalAddGroup GaussianField.SmoothMap_Circle GaussianField.AsymTorusTestFunction GaussianField.SmoothMap_Circle.instTopologicalSpace GaussianField.greenFunctionBilinear
thm	Pphi2.continuumLimit_satisfies_fullOS	Pphi2.OSProofs.OS2_WardIdentity	Pphi2.EuclideanPlaneBackground.SpaceTime Pphi2.SatisfiesFullOS Pphi2.planeBackground Pphi2.EuclideanPlaneBackground.dim Pphi2.IsPphi2Limit Pphi2.os0_for_continuum_limit Pphi2.os4_for_continuum_limit Pphi2.plane2Background GaussianField.Configuration Pphi2.os3_for_continuum_limit GaussianField.instMeasurableSpaceConfiguration Pphi2.ContinuumTestFunction Pphi2.plane2TimeStructure Pphi2.os4_clustering_implies_ergodicity Pphi2.os1_for_continuum_limit Pphi2.os2_for_continuum_limit
def	Common.QFT.Euclidean.PairingMeasureModel.instMeasurableSpaceFieldConfig	Common.QFT.Euclidean.Formulations	Common.QFT.Euclidean.PairingMeasureModel Common.QFT.Euclidean.Formulation
thm	GaussianField.resolventRDS_uniformBound	Cylinder.MassOperatorConstruction	GaussianField.RapidDecaySeq.rapidDecaySeminorm GaussianField.RapidDecaySeq GaussianField.resolventFreq_mass_le GaussianField.RapidDecaySeq.instSMul GaussianField.RapidDecaySeq.instModule GaussianField.resolventFreq_pos GaussianField.resolventFreq GaussianField.RapidDecaySeq.instAddCommGroup GaussianField.RapidDecaySeq.instTopologicalSpace GaussianField.resolventMultiplierCLM GaussianField.resolventSchwartz_uniformBound GaussianField.RapidDecaySeq.rapidDecay_withSeminorms GaussianField.schwartzRapidDecayEquiv1D Lattice.toSemilatticeInf
def	GaussianField.asymLatticeDelta	Lattice.AsymCovariance	GaussianField.AsymLatticeSites GaussianField.AsymLatticeField
thm	GaussianField.ad_marginal_preservation_ae_from_fibers	Lattice.FKG	GaussianField.ahlswede_daykin_one_dim_ae
thm	Pphi2.asymTransferSystem.congr_simp	Pphi2.AsymTorus.AsymTransferKernelOperator	Pphi2.SpatialField Pphi2.asymTransferSystem
thm	Pphi2.asymSliceObsTrunc_pathMeasure_connected_susceptibility_bound_pos	Pphi2.AsymTorus.AsymBridgeInstance	Pphi2.asymTransferNormalized Pphi2.L2SpatialField Pphi2.SpatialField Pphi2.asymGroundVector Pphi2.asymTransferSystem Pphi2.asymTransferGroundEigenvalue Pphi2.asymRemainderHypothesis Pphi2.asymSliceObsTruncContract Pphi2.asymGroundStateRep
thm	GaussianField.periodizeSmoothCircle_toFun	SchwartzNuclear.Periodization	GaussianField.SmoothMap_Circle.toFun GaussianField.periodizeSmoothCircle
def	Pphi2.generatingFunctionalℂ	Pphi2.OSAxioms	Pphi2.EuclideanPlaneBackground.SpaceTime Pphi2.FieldConfig2 Pphi2.EuclideanPlaneBackground.RealTestFunction Pphi2.planeBackground Pphi2.EuclideanPlaneBackground.dim Pphi2.TestFunction2ℂ Pphi2.plane2Background Pphi2.EuclideanOS.generatingFunctionalℂ GaussianField.instMeasurableSpaceConfiguration
thm	Pphi2.asymGroundStateRep_isProbabilityMeasure	Pphi2.AsymTorus.AsymBridgeInstance	Pphi2.SpatialField Pphi2.asymGroundStateRep_measurable Pphi2.asymGroundStateRep_norm_integral_eq_one Pphi2.asymGroundStateRep
def	Pphi2.u4	Pphi2.InteractingMeasure.U4DerivativeClosedForm	Pphi2.normalizedMoment GaussianField.FinLatticeField
def	Pphi2.FieldDecomposition.ctorIdx	Pphi2.NelsonEstimate.FieldDecomposition	Pphi2.FieldDecomposition
thm	Pphi2.latticeGaussianMeasureAsym_cross_moment	Pphi2.AsymTorus.AsymLatticeMeasure	GaussianField.cross_moment_eq_covariance GaussianField.AsymLatticeSites GaussianField.ell2_separableSpace GaussianField.covariance GaussianField.asymLatticeField_dyninMityaginSpace GaussianField.Configuration GaussianField.AsymLatticeField Pphi2.latticeGaussianMeasureAsym GaussianField.instMeasurableSpaceConfiguration GaussianField.latticeCovarianceAsymGJ GaussianField.ell2'
thm	Pphi2.distribTimeReflection_apply	Pphi2.ContinuumLimit.TimeReflection	Pphi2.EuclideanPlaneBackground.SpaceTime Pphi2.planeBackground Pphi2.continuumTimeReflection Pphi2.EuclideanPlaneBackground.dim Pphi2.distribTimeReflection GaussianField.Configuration Pphi2.ContinuumTestFunction
thm	Pphi2.freeSingleSliceCovarianceSum_nonneg	Pphi2.AsymTorus.AsymB5bSingleSlice	Pphi2.freeSingleSliceCovarianceSum Pphi2.freeSingleSliceCovariance_nonneg Pphi2.SpatialField Pphi2.freeSingleSliceCovariance
thm	Pphi2.freeSingleSliceCovarianceSum.congr_simp	Pphi2.AsymTorus.AsymB5bSingleSlice	Pphi2.freeSingleSliceCovarianceSum Pphi2.SpatialField
thm	Pphi2.exists_u4_slope_neg	Pphi2.InteractingMeasure.U4Derivative	GaussianField.FinLatticeSites GaussianField.gffPositionCovariance Pphi2.u4_slope_neg Pphi2.wickConstant_pos Pphi2.wickConstant GaussianField.FinLatticeField Pphi2.wickConstant_eq_gffPositionCovariance
thm	Pphi2.finLatticeDelta_eq_single	Pphi2.InteractingMeasure.WickConstantBridge	GaussianField.finLatticeDelta GaussianField.FinLatticeSites GaussianField.FinLatticeField
thm	Pphi2.deriv_affine_bound_neg_of_continuousOn	Pphi2.InteractingMeasure.UniformBounds
def	Pphi2.ChaosTailBridge.chaosTailConstant	Pphi2.NelsonEstimate.ChaosTailBridge
thm	GaussianField.circleHeatSemigroup_fourierCoeff	SmoothCircle.HeatSemigroup	GaussianField.RapidDecaySeq GaussianField.RapidDecaySeq.val GaussianField.SmoothMap_Circle.smoothCircleRapidDecayEquiv GaussianField.SmoothMap_Circle.instAddCommGroup GaussianField.heatWeight GaussianField.RapidDecaySeq.instModule GaussianField.SmoothMap_Circle.instModule GaussianField.RapidDecaySeq.instAddCommGroup GaussianField.SmoothMap_Circle GaussianField.RapidDecaySeq.instTopologicalSpace GaussianField.circleHeatSemigroup GaussianField.heatWeight_abs_le_one GaussianField.SmoothMap_Circle.instTopologicalSpace
thm	Pphi2.massEigenvectorBasisAsym_norm_sq_eq_one	Pphi2.AsymTorus.AsymWickVariance	GaussianField.AsymLatticeSites GaussianField.massEigenvectorBasisAsym GaussianField.instFintypeAsymLatticeSitesOfNeZeroNat Lattice.toSemilatticeInf
def	GaussianField.quadraticGaussianDensity	GaussianField.Density
thm	Pphi2.interactionFunctionalAsym_asymCanonicalSumConfig_eq	Pphi2.AsymTorus.AsymNelson	Pphi2.asymCanonicalFullInteractionJoint GaussianField.AsymLatticeSites Pphi2.wickConstantAsym Pphi2.AsymCanonicalJoint Pphi2.asymCanonicalSumConfig_apply_delta Pphi2.asymCanonicalSumFieldFunction Pphi2.asymCanonicalSumConfig GaussianField.Configuration GaussianField.AsymLatticeField Pphi2.interactionFunctionalAsym GaussianField.instFintypeAsymLatticeSitesOfNeZeroNat GaussianField.asymLatticeDelta Pphi2.wickPolynomial
thm	GaussianField.resolventQuotientSymbol_le_one	SchwartzFourier.ResolventUniformBound	GaussianField.resolventQuotientSymbol Lattice.toSemilatticeInf
def	GaussianField.IsSingleSite	Lattice.FKG
thm	Pphi2.periodicPathDensity_asymTransferKernel_eq_exp	Pphi2.AsymTorus.AsymEnergyFactorization	Pphi2.spatialAction GaussianField.AsymLatticeSites Pphi2.wickConstantAsym Pphi2.SpatialField Pphi2.asymTransferKernel Pphi2.asymSliceEquiv GaussianField.AsymLatticeField GaussianField.instFintypeAsymLatticeSitesOfNeZeroNat GaussianField.massOperatorAsym Pphi2.energy_exponent_factorization Pphi2.timeCoupling Pphi2.wickPolynomial
thm	Pphi2.interactionFunctionalAsym.congr_simp	Pphi2.AsymTorus.AsymLatticeMeasure	GaussianField.AsymLatticeSites GaussianField.Configuration GaussianField.AsymLatticeField Pphi2.interactionFunctionalAsym
thm	Pphi2.AsymTransferGroundExcitedData.hi_ne	Pphi2.AsymTorus.AsymPositivity	Pphi2.AsymTransferGroundExcitedData.i₀ Pphi2.AsymTransferGroundExcitedData.i₁ Pphi2.AsymTransferGroundExcitedData Pphi2.AsymTransferGroundExcitedData.ι
thm	Pphi2.asymCanonicalSmoothWickPower_two_site_marginal_eq_zero_of_ne	Pphi2.NelsonEstimate.AsymCrossTermL2Identity	GaussianField.AsymLatticeSites Pphi2.asymCanonicalSmoothFieldFunctionOfFst_eq_sum_gamma Pphi2.wickMonomial Pphi2.asymCanonicalSmoothGamma_sq_sum_eq_asymSmoothWickConstant Pphi2.asymCanonicalSmoothFieldFunctionOfFst Pphi2.asymCanonicalSmoothGamma Pphi2.asymSmoothWickConstant Pphi2.AsymCanonicalMode Pphi2.wickPower_two_site_pi_gaussianReal_eq_zero_of_ne
def	GaussianField.asymLatticeSeminorm	Lattice.AsymFiniteField	GaussianField.AsymLatticeSites GaussianField.AsymLatticeField GaussianField.instFintypeAsymLatticeSitesOfNeZeroNat
thm	GaussianField.normalizedGaussianDensityMeasure_linearFourier	GaussianField.Density	GaussianField.covariance GaussianField.FinLatticeSites GaussianField.latticeCovarianceGJ GaussianField.lattice_covariance_GJ_eq_spectral GaussianField.gaussianDensityMeasure GaussianField.gaussianDensityNormConst GaussianField.gaussianDensity_measurable GaussianField.integral_massEigenbasis_cexp_GJ GaussianField.massEigenvalues GaussianField.gaussianDensity_nonneg GaussianField.sitePairing_eq_massEigenbasis_sum GaussianField.gaussianDensityWeight GaussianField.massEigenvectorBasis GaussianField.gaussianDensity_eq_exp_massEigenbasis GaussianField.normalizedGaussianDensityMeasure GaussianField.gaussianDensity GaussianField.massOperatorMatrix_eigenvalues_pos GaussianField.ell2' GaussianField.FinLatticeField
def	Pphi2.TorusOS1_Regularity	Pphi2.TorusContinuumLimit.TorusOSAxioms	GaussianField.NuclearTensorProduct.instModuleReal GaussianField.NuclearTensorProduct.instTopologicalSpace GaussianField.NuclearTensorProduct.instIsTopologicalAddGroup GaussianField.NuclearTensorProduct.instAddCommGroup GaussianField.Configuration GaussianField.NuclearTensorProduct.instContinuousSMulReal GaussianField.SmoothMap_Circle GaussianField.instMeasurableSpaceConfiguration Pphi2.torusGeneratingFunctionalℂ GaussianField.TorusTestFunction
thm	Pphi2.asymEvalMap_measurable	Pphi2.NelsonEstimate.AsymFieldDecomposition	GaussianField.AsymLatticeSites GaussianField.configuration_eval_measurable GaussianField.Configuration GaussianField.AsymLatticeField GaussianField.instMeasurableSpaceConfiguration Pphi2.asymEvalMap GaussianField.asymLatticeDelta
def	Pphi2.AsymTorusSequenceHasCylinderOS2Symmetry	Pphi2.IRLimit.CylinderOS	GaussianField.NuclearTensorProduct.instModuleReal GaussianField.NuclearTensorProduct.instTopologicalSpace GaussianField.NuclearTensorProduct.instIsTopologicalAddGroup GaussianField.asymTorusTranslation GaussianField.NuclearTensorProduct.instAddCommGroup GaussianField.Configuration GaussianField.NuclearTensorProduct.instContinuousSMulReal GaussianField.SmoothMap_Circle GaussianField.instMeasurableSpaceConfiguration GaussianField.AsymTorusTestFunction GaussianField.asymTorusTimeReflection
thm	Pphi2.gaussian_density_rp	Pphi2.OSProofs.OS3_RP_Lattice	GaussianField.massOperator_selfAdjoint Pphi2.siteEquiv Pphi2.BoundarySupported Pphi2.fieldReflection2D GaussianField.FinLatticeSites GaussianField.massOperator GaussianField.gaussianDensity Pphi2.timeReflection2D Pphi2.fieldFromSites GaussianField.FinLatticeField Pphi2.PositiveTimeSupported Lattice.toSemilatticeInf
def	GaussianField.schwartzToComplex	Cylinder.FourierMultiplier
def	GaussianField.schwartzNegativeTimeSubmodule	Cylinder.Symmetry
thm	GaussianField.SmoothMap_Circle.periodic_fourierSeries	SmoothCircle.Nuclear	GaussianField.RapidDecaySeq GaussianField.RapidDecaySeq.val GaussianField.SmoothMap_Circle.fourierBasisFun GaussianField.SmoothMap_Circle.fourierBasisFun_periodic
def	Pphi2.O2	Pphi2.Backgrounds.EuclideanPlane2D	Pphi2.ContinuumOrthogonalGroup
thm	GaussianField.schwartzMap_T2Space	SchwartzNuclear.HermiteTensorProduct
def	GaussianField.evalMapMeasurableEquiv	GaussianField.Density	GaussianField.measurable_evalMap GaussianField.evalMap GaussianField.FinLatticeSites GaussianField.evalMap_evalMapInv GaussianField.evalMapInv GaussianField.Configuration GaussianField.evalMapInv_evalMap GaussianField.evalMapInv_measurable GaussianField.instMeasurableSpaceConfiguration GaussianField.FinLatticeField
thm	Pphi2.asymCanonicalRoughError_pointwise_decomposition	Pphi2.NelsonEstimate.AsymRoughErrorVariance	Pphi2.asymCanonicalFullInteractionJoint GaussianField.AsymLatticeSites Pphi2.wickConstantAsym Pphi2.asymCanonicalRoughWickConstant Pphi2.AsymCanonicalJoint Pphi2.asymCanonicalRoughError Pphi2.wickMonomial Pphi2.asymCanonicalSumFieldFunction Pphi2.asymCanonicalRoughFieldFunction Pphi2.asymSmoothWickConstant GaussianField.instFintypeAsymLatticeSitesOfNeZeroNat Pphi2.asymCanonicalSmoothInteraction Pphi2.wickPolynomial_add_sub_self Pphi2.asymCanonicalSmoothFieldFunction Pphi2.wickPolynomial
thm	GaussianField.greenFunctionBilinear_pos	HeatKernel.Bilinear	GaussianField.DyninMityaginSpace GaussianField.HasLaplacianEigenvalues GaussianField.DyninMityaginSpace.coeff GaussianField.greenFunctionBilinear_summable GaussianField.DyninMityaginSpace.expansion GaussianField.DyninMityaginSpace.ι GaussianField.HasLaplacianEigenvalues.eigenvalue GaussianField.DyninMityaginSpace.h_with GaussianField.HasLaplacianEigenvalues.eigenvalue_nonneg GaussianField.DyninMityaginSpace.basis GaussianField.DyninMityaginSpace.p GaussianField.greenFunctionBilinear Lattice.toSemilatticeInf
thm	Pphi2.canonicalRoughFieldFunction_smul	Pphi2.NelsonEstimate.FieldDecomposition	GaussianField.FinLatticeSites Pphi2.canonicalRoughFieldFunction Pphi2.CanonicalJoint
thm	GaussianField.config_apply_eq_sum_delta	GaussianField.Density	GaussianField.finLatticeDelta GaussianField.FinLatticeSites GaussianField.Configuration GaussianField.field_basis_decomposition_density GaussianField.FinLatticeField
def	GaussianField.periodizeSmoothCircle	SchwartzNuclear.Periodization	GaussianField.periodizeFun GaussianField.periodize_smooth GaussianField.periodizeFun_periodic GaussianField.SmoothMap_Circle
thm	GaussianField.infiniteLaplacian_apply	Lattice.Laplacian	GaussianField.RapidDecayLattice.instAddCommGroup GaussianField.stdBasisInt GaussianField.RapidDecayLattice GaussianField.RapidDecayLattice.val GaussianField.RapidDecayLattice.instTopologicalSpace GaussianField.infiniteLaplacian GaussianField.RapidDecayLattice.instModule
thm	GaussianField.circleTranslation_zero	Torus.Symmetry	GaussianField.circleTranslation GaussianField.SmoothMap_Circle.instFunLike GaussianField.SmoothMap_Circle.ext GaussianField.SmoothMap_Circle.mk.congr_simp GaussianField.SmoothMap_Circle.instAddCommGroup GaussianField.SmoothMap_Circle.instModule GaussianField.SmoothMap_Circle GaussianField.SmoothMap_Circle.instTopologicalSpace
thm	GaussianField.heatKernelBilinear_le_l2	HeatKernel.Bilinear	GaussianField.DyninMityaginSpace GaussianField.l2InnerProduct GaussianField.HasLaplacianEigenvalues GaussianField.DyninMityaginSpace.coeff GaussianField.HasLaplacianEigenvalues.eigenvalue GaussianField.HasLaplacianEigenvalues.eigenvalue_nonneg GaussianField.heatKernelBilinear_summable GaussianField.heatKernelBilinear GaussianField.l2InnerProduct_summable Lattice.toSemilatticeInf
thm	Pphi2.l2SpatialField_hilbertBasis_nontrivial	Pphi2.TransferMatrix.Jentzsch	Pphi2.L2SpatialField Pphi2.SpatialField Lattice.toSemilatticeInf
def	Pphi2.TransferGroundExcitedData.i₁	Pphi2.TransferMatrix.Positivity	Pphi2.TransferGroundExcitedData Pphi2.TransferGroundExcitedData.ι
thm	GaussianField.massOperator_selfAdjoint	Lattice.SpectralCovariance	GaussianField.FinLatticeSites GaussianField.massOperator GaussianField.finiteLaplacian_selfAdjoint GaussianField.finiteLaplacian GaussianField.FinLatticeField
thm	Pphi2.interactingWithDensity_mass	Pphi2.InteractingMeasure.General	Pphi2.interactingPartitionFunction Pphi2.interactingBoltzmannWeight_integrable Pphi2.interactingBoltzmannWeight GaussianField.Configuration Pphi2.interactingBoltzmannWeight_pos GaussianField.instMeasurableSpaceConfiguration
thm	Pphi2.LatticeSetup.wickMonomial_four_diff	Pphi2.NelsonEstimate.LatticeSetup	Pphi2.wickMonomial_two Pphi2.wickMonomial Pphi2.wickMonomial_four
thm	Common.QFT.Euclidean.SchwingerFormulation.realToComplex_smul	Common.QFT.Euclidean.Formulations	Common.QFT.Euclidean.SchwingerFormulation.instAddCommGroupComplexTestFunction Common.QFT.Euclidean.SchwingerFormulation.instModuleComplexTestFunction Common.QFT.Euclidean.Formulation.TestFunction Common.QFT.Euclidean.Formulation.ComplexTestFunction Common.QFT.Euclidean.SchwingerFormulation.toFormulation Common.QFT.Euclidean.SchwingerFormulation.realToComplex Common.QFT.Euclidean.SchwingerFormulation.instAddCommGroupTestFunction Common.QFT.Euclidean.SchwingerFormulation.instModuleTestFunction Common.QFT.Euclidean.SchwingerFormulation
thm	Pphi2.asymTransferOperatorCLM_groundVector	Pphi2.AsymTorus.AsymTraceBridge	Pphi2.L2SpatialField Pphi2.SpatialField Pphi2.AsymTransferGroundExcitedData.i₀ Pphi2.asymGroundVector Pphi2.asymTransferGroundExcitedData Pphi2.asymTransferGroundEigenvalue Pphi2.AsymTransferGroundExcitedData.h_eigen Pphi2.asymTransferOperatorCLM
thm	GaussianField.latticeDFTCoeff1d_quadratic_bound'	Lattice.CirculantDFT	GaussianField.latticeDFTCoeff1d_zero_of_ge GaussianField.latticeEigenvalue1d GaussianField.latticeFourierBasisFun GaussianField.laplacianDFT_flat_bound GaussianField.latticeDFTCoeff1d_flat_bound GaussianField.SmoothMap_Circle.instAddCommGroup GaussianField.circleRestriction GaussianField.SmoothMap_Circle.instSMul GaussianField.latticeEigenvalue1d_ge_quadratic GaussianField.eigenvector_transfer GaussianField.SmoothMap_Circle.instModule GaussianField.SmoothMap_Circle GaussianField.latticeDFTCoeff1d GaussianField.circleSpacing GaussianField.SmoothMap_Circle.sobolevSeminorm_nonneg GaussianField.SmoothMap_Circle.sobolevSeminorm GaussianField.SmoothMap_Circle.instTopologicalSpace
thm	GaussianField.gffOrthonormalProj_charFun	GaussianField.StandardGaussianBridge	GaussianField.FinLatticeSites GaussianField.gffOrthonormalProj_pushforward_eq_stdGaussian GaussianField.gffOrthonormalProj GaussianField.latticeGaussianMeasure GaussianField.Configuration GaussianField.instMeasurableSpaceConfiguration GaussianField.FinLatticeField
def	GaussianField.NuclearTensorProduct.fromPairIndex	Nuclear.NuclearTensorProduct
def	GaussianField.gaussianDensityMeasureAsym	GaussianField.DensityAsym	GaussianField.AsymLatticeSites GaussianField.gaussianDensityWeightAsym GaussianField.AsymLatticeField GaussianField.instFintypeAsymLatticeSitesOfNeZeroNat
thm	Pphi2.distribTimeReflection_continuous	Pphi2.ContinuumLimit.TimeReflection	Pphi2.EuclideanPlaneBackground.SpaceTime Pphi2.planeBackground Pphi2.continuumTimeReflection Pphi2.EuclideanPlaneBackground.dim Pphi2.distribTimeReflection GaussianField.Configuration Pphi2.ContinuumTestFunction
thm	GaussianHilbert.chaosDiagCLM_apply_single	GaussianHilbert.OUEigenfunctions	GaussianHilbert.stdGaussianFin GaussianHilbert.wienerChaos GaussianHilbert.chaosDiagCLM
thm	GaussianField.CylinderSpacetimeSymmetry.inverse_comp_toCLM	Cylinder.GreenFunction	GaussianField.NuclearTensorProduct.instModuleReal GaussianField.NuclearTensorProduct.instTopologicalSpace GaussianField.CylinderSpacetimeSymmetry.toCLM GaussianField.CylinderSpacetimeSymmetry GaussianField.CylinderTestFunction GaussianField.NuclearTensorProduct.instAddCommGroup GaussianField.SmoothMap_Circle GaussianField.CylinderSpacetimeSymmetry.inverse
thm	Pphi2.second_moment_asym_tendsto	Pphi2.AsymTorus.AsymTorusEmbeddingIso	GaussianField.spectralLatticeCovarianceAsym GaussianField.NuclearTensorProduct.instModuleReal GaussianField.NuclearTensorProduct.instTopologicalSpace GaussianField.AsymLatticeSites Pphi2.asymTorusContinuumGreen GaussianField.covariance Pphi2.asymLatticeTestFnIso GaussianField.evalAsymTorusAtSite GaussianField.NuclearTensorProduct.instAddCommGroup GaussianField.lattice_green_tendsto_continuum_asym GaussianField.AsymLatticeField GaussianField.SmoothMap_Circle GaussianField.latticeCovarianceAsymGJ GaussianField.AsymTorusTestFunction GaussianField.ell2' Pphi2.second_moment_asym_eq_spectral
thm	Pphi2.ChaosTailBridge.chaos_neg_tail_bound	Pphi2.NelsonEstimate.ChaosTailBridge	GaussianHilbert.polynomial_chaos_concentration GaussianHilbert.stdGaussianFin GaussianHilbert.wienerChaosLE
thm	Pphi2.DynamicalCutoff.degreeDynamicalCutoffScale_eq_exp	Pphi2.NelsonEstimate.DynamicalCutoff	Pphi2.DynamicalCutoff.degreeDynamicalCutoffScale Pphi2.DynamicalCutoff.degreeCutoffPower
thm	GaussianField.realFourierMultiplierCLM_even_reflection_comm	Cylinder.FourierMultiplier	GaussianField.fourierMultiplierCLM_even_reflection_comm GaussianField.realFourierMultiplierCLM GaussianField.schwartzToComplex GaussianField.schwartzReflection GaussianField.schwartzToReal
thm	Pphi2.asymSliceObsTrunc_measurable	Pphi2.AsymTorus.AsymObsTrunc	Pphi2.asymSliceObsLinear Pphi2.SpatialField Pphi2.asymSliceObsLinear_measurable Pphi2.asymSliceObsTrunc
def	Pphi2.SchwartzMap.translate	Pphi2.Backgrounds.EuclideanPlane2D	Pphi2.EuclideanPlaneBackground.SpaceTime Pphi2.planeBackground Pphi2.EuclideanPlaneBackground.translate Pphi2.EuclideanPlaneBackground.dim Pphi2.SpaceTime2 Pphi2.plane2Background Pphi2.TestFunction2
thm	GaussianField.latticeDFTCoeff1d_tendsto	Lattice.HeatKernelConvergence1d	GaussianField.DyninMityaginSpace.coeff GaussianField.SmoothMap_Circle.instFunLike GaussianField.SmoothMap_Circle.continuous GaussianField.SmoothMap_Circle.periodic GaussianField.SmoothMap_Circle.instAddCommGroup GaussianField.SmoothMap_Circle.fourierBasisFun_smooth GaussianField.SmoothMap_Circle.fourierBasisFun GaussianField.riemann_sum_periodic_tendsto GaussianField.SmoothMap_Circle.instModule GaussianField.SmoothMap_Circle.instContinuousSMul GaussianField.smoothCircle_dyninMityaginSpace GaussianField.SmoothMap_Circle.instIsTopologicalAddGroup GaussianField.SmoothMap_Circle GaussianField.latticeDFTCoeff1d GaussianField.SmoothMap_Circle.fourierBasisFun_periodic GaussianField.SmoothMap_Circle.instTopologicalSpace GaussianField.circlePoint
thm	Pphi2.asymLatticeTestFn_norm_sq_bounded	Pphi2.AsymTorus.AsymTorusInteractingLimit	GaussianField.RapidDecaySeq.rapidDecaySeminorm Pphi2.asymLatticeTestFn_norm_sq_le GaussianField.RapidDecaySeq GaussianField.SmoothMap_Circle.fourierBasis GaussianField.SmoothMap_Circle.instAddCommGroup GaussianField.FinLatticeSites GaussianField.RapidDecaySeq.instSMul GaussianField.SmoothMap_Circle.instSMul GaussianField.RapidDecaySeq.instAddCommGroup GaussianField.SmoothMap_Circle Pphi2.asymLatticeTestFn GaussianField.SmoothMap_Circle.sobolevSeminorm GaussianField.AsymTorusTestFunction GaussianField.SmoothMap_Circle.sobolevSeminorm_fourierBasis_le Lattice.toSemilatticeInf
struct	GaussianField.RapidDecayLattice	Lattice.RapidDecayLattice
def	Common.QFT.Euclidean.ReconstructionInput.ctorIdx	Common.QFT.Euclidean.Formulations	Common.QFT.Euclidean.ReconstructionHypothesis Common.QFT.Euclidean.ReconstructionInput Common.QFT.Euclidean.SchwingerFormulation
thm	Pphi2.canonicalSmoothInteraction_moment_le	Pphi2.NelsonEstimate.RoughErrorBound	Pphi2.canonicalJointMeasure Pphi2.canonicalJointStdGaussianMeasurableEquiv GaussianHilbert.stdGaussianFin Pphi2.canonicalSmoothInteraction GaussianHilbert.wienerChaosLE Pphi2.CanonicalJointSumIndex Pphi2.canonicalJointMeasure_map_stdGaussian Pphi2.chaosLE_moment_le Pphi2.CanonicalJoint
def	GaussianField.NuclearTensorProduct.dyninMityaginSpace	Nuclear.NuclearTensorProduct	GaussianField.DyninMityaginSpace GaussianField.NuclearTensorProduct.instModuleReal GaussianField.NuclearTensorProduct.instTopologicalSpace GaussianField.NuclearTensorProduct.instIsTopologicalAddGroup GaussianField.NuclearTensorProduct GaussianField.NuclearTensorProduct.instAddCommGroup GaussianField.NuclearTensorProduct.instContinuousSMulReal GaussianField.RapidDecaySeq.rapidDecay_dyninMityaginSpace
thm	Pphi2.canonicalRoughFieldFunctionOfSnd.congr_simp	Pphi2.NelsonEstimate.FieldDecomposition	Pphi2.canonicalRoughFieldFunctionOfSnd GaussianField.FinLatticeSites
thm	Pphi2.multiWickMonomial_eq_hermiteMultiEval	Pphi2.NelsonEstimate.RoughErrorBound	Pphi2.wickMonomial GaussianHilbert.hermiteEval GaussianHilbert.hermiteMultiEval
axiom	GaussianField.embed_l2_uniform_bound	Cylinder.MethodOfImages	GaussianField.l2InnerProduct GaussianField.NuclearTensorProduct.instModuleReal GaussianField.NuclearTensorProduct.instTopologicalSpace GaussianField.NuclearTensorProduct.dyninMityaginSpace GaussianField.CylinderTestFunction GaussianField.NuclearTensorProduct.instIsTopologicalAddGroup GaussianField.NuclearTensorProduct.instAddCommGroup GaussianField.cylinderToTorusEmbed GaussianField.NuclearTensorProduct.instContinuousSMulReal GaussianField.SmoothMap_Circle GaussianField.AsymTorusTestFunction
thm	GaussianHilbert.memLp_monomial_eval_two_of_subGaussian	GaussianHilbert.PolynomialDensity	GaussianHilbert.IsSubGaussianMeasure GaussianHilbert.integrable_pow_sum_sq_of_subGaussian Lattice.toSemilatticeInf
thm	Pphi2.asymLatticeTestFn.congr_simp	Pphi2.AsymTorus.AsymTorusEmbedding	GaussianField.FinLatticeSites Pphi2.asymLatticeTestFn GaussianField.AsymTorusTestFunction
thm	Pphi2.asymConfig_apply_eq_sum_evalMap	Pphi2.NelsonEstimate.AsymFieldDecomposition	GaussianField.AsymLatticeSites Pphi2.asymConfig_apply_eq_sum_delta GaussianField.Configuration GaussianField.AsymLatticeField GaussianField.instFintypeAsymLatticeSitesOfNeZeroNat Pphi2.asymEvalMap GaussianField.asymLatticeDelta
thm	GaussianField.ahlswede_daykin_one_dim_ennreal	Lattice.FKG	GaussianField.ennreal_cancel_two GaussianField.algebraic_four_functions_ennreal
thm	GaussianField.massOperatorAsym.congr_simp	Lattice.AsymCovariance	GaussianField.AsymLatticeSites GaussianField.AsymLatticeField GaussianField.massOperatorAsym
thm	GaussianField.circleSpacing_eq	SmoothCircle.Restriction	GaussianField.circleSpacing
def	Common.QFT.Euclidean.SchwingerFormulation.instAddCommGroupComplexTestFunction	Common.QFT.Euclidean.Formulations	Common.QFT.Euclidean.Formulation.ComplexTestFunction Common.QFT.Euclidean.SchwingerFormulation.toFormulation Common.QFT.Euclidean.SchwingerFormulation
thm	GaussianField.circleHeatSemigroup_zero	SmoothCircle.HeatSemigroup	GaussianField.SmoothMap_Circle.instFunLike GaussianField.SmoothMap_Circle.ext GaussianField.RapidDecaySeq GaussianField.circleHasLaplacianEigenvalues GaussianField.RapidDecaySeq.val GaussianField.SmoothMap_Circle.smoothCircleRapidDecayEquiv GaussianField.SmoothMap_Circle.instAddCommGroup GaussianField.heatWeight GaussianField.RapidDecaySeq.instModule GaussianField.HasLaplacianEigenvalues.eigenvalue GaussianField.RapidDecaySeq.ext GaussianField.SmoothMap_Circle.instModule GaussianField.SmoothMap_Circle.instContinuousSMul GaussianField.smoothCircle_dyninMityaginSpace GaussianField.SmoothMap_Circle.instIsTopologicalAddGroup GaussianField.RapidDecaySeq.instAddCommGroup GaussianField.SmoothMap_Circle GaussianField.RapidDecaySeq.instTopologicalSpace GaussianField.circleHeatSemigroup GaussianField.heatWeight_abs_le_one GaussianField.SmoothMap_Circle.instTopologicalSpace
thm	Pphi2.latticeEmbedLift_measurable	Pphi2.ContinuumLimit.Embedding	Pphi2.EuclideanPlaneBackground.SpaceTime Pphi2.planeBackground GaussianField.FinLatticeSites Pphi2.evalAtSite Pphi2.EuclideanPlaneBackground.dim GaussianField.configuration_measurable_of_eval_measurable GaussianField.configuration_eval_measurable GaussianField.Configuration GaussianField.instMeasurableSpaceConfiguration Pphi2.latticeEmbedLift Pphi2.ContinuumTestFunction GaussianField.FinLatticeField
def	Pphi2.sitePairingCLM	Pphi2.NelsonEstimate.FieldDecomposition	GaussianField.FinLatticeSites GaussianField.FinLatticeField
thm	GaussianField.torusConfigReflection_involution	Torus.Symmetry	GaussianField.torusTimeReflection GaussianField.NuclearTensorProduct.instModuleReal GaussianField.NuclearTensorProduct.instTopologicalSpace GaussianField.torusTimeReflection_involution GaussianField.NuclearTensorProduct.instIsTopologicalAddGroup GaussianField.NuclearTensorProduct.instAddCommGroup GaussianField.Configuration GaussianField.NuclearTensorProduct.instContinuousSMulReal GaussianField.SmoothMap_Circle GaussianField.torusConfigReflection GaussianField.TorusTestFunction
thm	GaussianField.algebraic_four_functions	Lattice.FKG
def	Pphi2.latticeEmbedEval	Pphi2.ContinuumLimit.Embedding	GaussianField.FinLatticeSites Pphi2.evalAtSite Pphi2.ContinuumTestFunction GaussianField.FinLatticeField
thm	GaussianHilbert.isSubGaussianMeasure_pi_gaussianReal	GaussianHilbert.PolynomialDensity	GaussianHilbert.IsSubGaussianMeasure
def	Pphi2.transferOperatorCLM	Pphi2.TransferMatrix.L2Operator	Pphi2.L2SpatialField Pphi2.SpatialField Pphi2.transferWeight Pphi2.transferGaussian_memLp Pphi2.transferWeight_measurable Pphi2.transferGaussian Pphi2.transferWeight_bound
thm	GaussianField.latticeGaussianFieldLaw_eq_normalizedGaussianDensityMeasure	GaussianField.Density	GaussianField.measurable_evalMap GaussianField.evalMap GaussianField.FinLatticeSites GaussianField.latticeGaussianFieldLaw GaussianField.latticeGaussianMeasure_isProbability GaussianField.latticeGaussianMeasure GaussianField.Configuration GaussianField.normalizedGaussianDensityMeasure_charFunDual_eq_latticeGaussianFieldLaw GaussianField.instMeasurableSpaceConfiguration GaussianField.normalizedGaussianDensityMeasure GaussianField.FinLatticeField GaussianField.normalizedGaussianDensityMeasure_isFinite
def	GaussianHilbert.mehlerLM	GaussianHilbert.OUEigenfunctions	GaussianHilbert.stdGaussianFin GaussianHilbert.mehlerFun
thm	GaussianField.NuclearTensorProduct.pure_continuous	Nuclear.NuclearTensorProduct	GaussianField.DyninMityaginSpace GaussianField.NuclearTensorProduct.ext GaussianField.NuclearTensorProduct.instModuleReal GaussianField.NuclearTensorProduct.instTopologicalSpace GaussianField.DyninMityaginSpace.coeff GaussianField.RapidDecaySeq.instZero GaussianField.RapidDecaySeq.rapidDecaySeminorm GaussianField.RapidDecaySeq GaussianField.RapidDecaySeq.val GaussianField.NuclearTensorProduct.instIsTopologicalAddGroup GaussianField.NuclearTensorProduct.pureCLM_right GaussianField.RapidDecaySeq.instSMul GaussianField.RapidDecaySeq.instModule GaussianField.DyninMityaginSpace.ι GaussianField.NuclearTensorProduct GaussianField.NuclearTensorProduct.instAddCommGroup GaussianField.DyninMityaginSpace.h_with GaussianField.NuclearTensorProduct.pure GaussianField.RapidDecaySeq.instAddCommGroup GaussianField.RapidDecaySeq.instTopologicalSpace GaussianField.DyninMityaginSpace.p GaussianField.NuclearTensorProduct.pureLin GaussianField.RapidDecaySeq.rapidDecay_withSeminorms GaussianField.NuclearTensorProduct.pure_seminorm_bound GaussianField.NuclearTensorProduct.pure_continuous_left
thm	Pphi2.gaussianDensity_mul_boltzmann_eq_pathDensity	Pphi2.AsymTorus.AsymMeasureFactorization	GaussianField.AsymLatticeSites Pphi2.wickConstantAsym Pphi2.SpatialField Pphi2.asymTransferKernel Pphi2.asymSliceEquiv Pphi2.asymTransferSystem GaussianField.gaussianDensityAsym GaussianField.AsymLatticeField Pphi2.periodicPathDensity_asymTransferKernel_eq_exp GaussianField.instFintypeAsymLatticeSitesOfNeZeroNat GaussianField.massOperatorAsym Pphi2.wickPolynomial
thm	GaussianField.pushforward_eq_of_eval_eq	Pphi2.TorusContinuumLimit.MeasureUniqueness	GaussianField.DyninMityaginSpace GaussianField.configBasisEval_measurable GaussianField.configuration_eval_measurable GaussianField.Configuration GaussianField.DyninMityaginSpace.basis GaussianField.instMeasurableSpaceConfiguration GaussianField.configBasisEval
thm	GaussianField.mgf_eq_of_covariance	Pphi2.TorusContinuumLimit.MeasureUniqueness	GaussianField.Configuration GaussianField.instMeasurableSpaceConfiguration
thm	Pphi2.os1_inheritance	Pphi2.ContinuumLimit.AxiomInheritance	Pphi2.EuclideanPlaneBackground.SpaceTime Pphi2.planeBackground Pphi2.EuclideanPlaneBackground.dim GaussianField.Configuration GaussianField.instMeasurableSpaceConfiguration Pphi2.ContinuumTestFunction Lattice.toSemilatticeInf
thm	Pphi2.canonicalCrossTerm_scaled_inner_sum_l2_sq	Pphi2.NelsonEstimate.RoughErrorBound	Pphi2.canonicalJointMeasure Pphi2.canonicalCrossTerm_inner_eq_zero Pphi2.integral_sq_real_sum_of_pairwise_orthogonal Pphi2.canonicalCrossTerm Pphi2.CanonicalJoint
thm	GaussianField.nuclearTensorProduct_swapCLM_pure	Nuclear.TensorProductFunctorAxioms	GaussianField.DyninMityaginSpace GaussianField.NuclearTensorProduct.ext GaussianField.NuclearTensorProduct.instModuleReal GaussianField.NuclearTensorProduct.instTopologicalSpace GaussianField.DyninMityaginSpace.coeff GaussianField.RapidDecaySeq.val GaussianField.nuclearTensorProduct_swapCLM GaussianField.NuclearTensorProduct GaussianField.NuclearTensorProduct.instAddCommGroup GaussianField.NuclearTensorProduct.pure
thm	Pphi2.field_all_moments_finite	Pphi2.InteractingMeasure.Normalization	GaussianField.finLatticeField_dyninMityaginSpace GaussianField.measure GaussianField.ell2_separableSpace Pphi2.interactionFunctional_bounded_below GaussianField.finLatticeDelta GaussianField.FinLatticeSites Pphi2.partitionFunction GaussianField.latticeCovarianceGJ Pphi2.interactionFunctional_measurable Pphi2.interactingLatticeMeasure GaussianField.pairing_is_gaussian GaussianField.latticeGaussianMeasure GaussianField.configuration_eval_measurable GaussianField.Configuration GaussianField.instMeasurableSpaceConfiguration Pphi2.boltzmannWeight GaussianField.ell2' GaussianField.FinLatticeField Pphi2.interactionFunctional Pphi2.partitionFunction_pos Lattice.toSemilatticeInf Pphi2.boltzmannWeight_pos
thm	GaussianField.hypercontractive_1d_p4	GaussianField.HypercontractiveNat	GaussianField.hypercontractive_1d_even
thm	GaussianField.greenFunctionBilinear_eq_heatKernel	HeatKernel.Bilinear	GaussianField.DyninMityaginSpace GaussianField.HasLaplacianEigenvalues GaussianField.DyninMityaginSpace.coeff GaussianField.HasLaplacianEigenvalues.eigenvalue
struct	Pphi2.EuclideanOS.SatisfiesFullOS	Pphi2.EuclideanOS	Pphi2.EuclideanPlaneBackground.SpaceTime Pphi2.EuclideanPlaneBackground.RealTestFunction Pphi2.EuclideanPlaneBackground.dim Pphi2.EuclideanPlaneBackground Pphi2.EuclideanTimeStructure GaussianField.instMeasurableSpaceConfiguration Pphi2.EuclideanPlaneBackground.Distribution
thm	GaussianField.massEigenbasisAsym_linear_sum_reprSymm_ofLp	GaussianField.DensityAsym	GaussianField.massEigenbasisAsym_coeff_reprSymm_ofLp GaussianField.AsymLatticeSites GaussianField.massEigenvectorBasisAsym GaussianField.instFintypeAsymLatticeSitesOfNeZeroNat
thm	Pphi2.latticeTestField_expand	Pphi2.ContinuumLimit.Embedding	Pphi2.latticeTestField GaussianField.FinLatticeSites Pphi2.evalAtSite Pphi2.ContinuumTestFunction GaussianField.FinLatticeField
def	Pphi2.latticeGaussianMeasureAsym	Pphi2.AsymTorus.AsymLatticeMeasure	GaussianField.AsymLatticeSites GaussianField.measure GaussianField.ell2_separableSpace GaussianField.asymLatticeField_dyninMityaginSpace GaussianField.Configuration GaussianField.AsymLatticeField GaussianField.instMeasurableSpaceConfiguration GaussianField.latticeCovarianceAsymGJ GaussianField.ell2'
thm	Pphi2.LayerCake.exp_neg_sq_le_exp_two_max	Pphi2.NelsonEstimate.LayerCake
thm	Pphi2.TorusIsInteractingStrict.toInteracting	Pphi2.TorusContinuumLimit.TorusNontriviality	Pphi2.TorusIsInteractingStrict GaussianField.NuclearTensorProduct.instModuleReal GaussianField.NuclearTensorProduct.instTopologicalSpace GaussianField.NuclearTensorProduct.instIsTopologicalAddGroup Pphi2.torusConnectedFourPoint GaussianField.NuclearTensorProduct.instAddCommGroup GaussianField.Configuration GaussianField.NuclearTensorProduct.instContinuousSMulReal GaussianField.SmoothMap_Circle GaussianField.instMeasurableSpaceConfiguration Pphi2.TorusIsInteracting GaussianField.TorusTestFunction
def	Pphi2.TransferGroundExcitedData.eigenval	Pphi2.TransferMatrix.Positivity	Pphi2.TransferGroundExcitedData Pphi2.TransferGroundExcitedData.ι
thm	Pphi2.spectralVarianceAsym_sum_eq_massEigenvalue_trace	Pphi2.AsymTorus.AsymWickVariance	GaussianField.spectralLatticeCovarianceAsym Pphi2.massEigenvectorBasisAsym_norm_sq_eq_one GaussianField.AsymLatticeSites GaussianField.covariance GaussianField.massEigenvectorBasisAsym GaussianField.massEigenvaluesAsym GaussianField.covariance_spectralLatticeCovarianceAsym_eq GaussianField.AsymLatticeField Pphi2.delta_massEigenvectorCoeff_asym GaussianField.instFintypeAsymLatticeSitesOfNeZeroNat GaussianField.asymLatticeDelta GaussianField.ell2'
def	Pphi2.asymCanonicalRoughFieldFunction	Pphi2.NelsonEstimate.AsymFieldDecomposition	GaussianField.AsymLatticeSites Pphi2.asymCanonicalRoughModeCoeff Pphi2.AsymCanonicalJoint GaussianField.AsymLatticeField Pphi2.AsymCanonicalMode
thm	Pphi2.normalizedMoment.congr_simp	Pphi2.InteractingMeasure.U4DerivativeClosedForm	Pphi2.normalizedMoment GaussianField.FinLatticeField
thm	Pphi2.torusGaussianLimit_characteristic_functional	Pphi2.TorusContinuumLimit.TorusOSAxioms	Pphi2.torusContinuumGreen Pphi2.IsTorusGaussianContinuumLimit GaussianField.NuclearTensorProduct.instModuleReal GaussianField.NuclearTensorProduct.instTopologicalSpace GaussianField.NuclearTensorProduct.instIsTopologicalAddGroup Pphi2.torusGeneratingFunctional Pphi2.torusContinuumGreen_nonneg Pphi2.IsTorusGaussianContinuumLimit.isGaussian GaussianField.NuclearTensorProduct.instAddCommGroup GaussianField.Configuration GaussianField.NuclearTensorProduct.instContinuousSMulReal GaussianField.SmoothMap_Circle Pphi2.IsTorusGaussianContinuumLimit.covariance_eq GaussianField.instMeasurableSpaceConfiguration GaussianField.TorusTestFunction
def	GaussianField.RapidDecayLattice.latticeRapidDecaySeminorm	Lattice.RapidDecayLattice	GaussianField.RapidDecayLattice.instAddCommGroup GaussianField.RapidDecayLattice GaussianField.latticeNorm GaussianField.RapidDecayLattice.val GaussianField.RapidDecayLattice.instSMul
def	Pphi2.asymTransferGaussian	Pphi2.AsymTorus.AsymL2Operator	Pphi2.SpatialField Pphi2.transferGaussian
thm	GaussianField.sum_rawFrequency_eq_sum_latticeEigenvalue1d	Lattice.LatticeFourierIndexing	GaussianField.latticeEigenvalue1d
def	GaussianField.hermiteFunctionNd	SchwartzNuclear.HermiteTensorProduct	GaussianField.MultiIndex
thm	Pphi2.interacting_moment_le_L2_of_expBound	Pphi2.InteractingMeasure.UniformBounds	Pphi2.partitionFn_ge_one GaussianField.FinLatticeSites GaussianField.latticeGaussianMeasure GaussianField.Configuration Pphi2.expMoment_le_rpow GaussianField.instMeasurableSpaceConfiguration Pphi2.boltzmann_cauchySchwarz GaussianField.FinLatticeField Pphi2.interactionFunctional Lattice.toSemilatticeInf
thm	GaussianField.pairing_memLp	GaussianField.Properties	GaussianField.DyninMityaginSpace GaussianField.measure GaussianField.pairing_is_gaussian GaussianField.configuration_eval_measurable GaussianField.Configuration GaussianField.instMeasurableSpaceConfiguration
thm	GaussianField.resolventMultiplierCLM_reflection_comm	Cylinder.FourierMultiplier	GaussianField.resolventSymbol_even GaussianField.resolventSymbol_hasTemperateGrowth GaussianField.realFourierMultiplierCLM_even_reflection_comm GaussianField.resolventMultiplierCLM GaussianField.resolventSymbol GaussianField.schwartzReflection
def	GaussianField.gaussianDensityMeasure	GaussianField.Density	GaussianField.FinLatticeSites GaussianField.gaussianDensityWeight GaussianField.FinLatticeField
thm	Pphi2.density_transfer_bound_iso	Pphi2.AsymTorus.AsymWickMean	GaussianField.AsymLatticeSites Pphi2.partitionFunctionAsym_pos Pphi2.boltzmannWeightAsym Pphi2.boltzmannWeightAsym_pos Pphi2.interactionFunctionalAsym_bounded_below Pphi2.partitionFunctionAsym GaussianField.Configuration GaussianField.AsymLatticeField Pphi2.latticeGaussianMeasureAsym Pphi2.interactingLatticeMeasureAsym Pphi2.interactionFunctionalAsym GaussianField.instMeasurableSpaceConfiguration Pphi2.interactionFunctionalAsym_measurable Pphi2.latticeGaussianMeasureAsym_isProbability Lattice.toSemilatticeInf
def	Pphi2.evalAtSite	Pphi2.ContinuumLimit.Embedding	Pphi2.EuclideanPlaneBackground.SpaceTime Pphi2.planeBackground GaussianField.FinLatticeSites Pphi2.EuclideanPlaneBackground.dim Pphi2.physicalPosition Pphi2.ContinuumTestFunction
def	Pphi2.latticeTestFn	Pphi2.TorusContinuumLimit.TorusPropagatorConvergence	GaussianField.NuclearTensorProduct.instModuleReal GaussianField.NuclearTensorProduct.instTopologicalSpace GaussianField.FinLatticeSites GaussianField.NuclearTensorProduct.instAddCommGroup GaussianField.SmoothMap_Circle GaussianField.evalTorusAtSiteGJ GaussianField.FinLatticeField GaussianField.TorusTestFunction
thm	Pphi2.timeReflection2D_involution	Pphi2.OSProofs.OS3_RP_Lattice	Pphi2.timeReflection2D
thm	GaussianField.DyninMityaginSpace.congr_simp	GaussianField.Construction	GaussianField.DyninMityaginSpace
def	Pphi2.groundSliceVariance	Pphi2.AsymTorus.AsymB5bSingleSlice	Pphi2.asymSliceObsLinear Pphi2.SpatialField Pphi2.asymGroundVector
thm	GaussianField.massEigenvalues.congr_simp	Lattice.SpectralCovariance	GaussianField.FinLatticeSites GaussianField.massEigenvalues
thm	Pphi2.integral_exp_neg_interaction_sq_eq_canonicalJoint	Pphi2.NelsonEstimate.RoughErrorBound	Pphi2.canonicalJointMeasure Pphi2.canonicalSumConfig Pphi2.canonicalFullInteractionJoint_eq_interactionFunctional GaussianField.FinLatticeSites Pphi2.canonicalFullInteractionJoint Pphi2.interactionFunctional_measurable GaussianField.latticeGaussianMeasure GaussianField.Configuration GaussianField.instMeasurableSpaceConfiguration Pphi2.integral_comp_canonicalSumConfig GaussianField.FinLatticeField Pphi2.interactionFunctional Pphi2.CanonicalJoint
axiom	Pphi2.asymPartition_ground_bound	Pphi2.AsymTorus.AsymBridgeInstance	Pphi2.SpatialField Pphi2.asymTransferSystem Pphi2.asymTransferGroundEigenvalue
thm	Pphi2.canonicalSumFieldLaw_isGaussian	Pphi2.NelsonEstimate.FieldDecomposition	GaussianField.FinLatticeSites Pphi2.canonicalStdToFieldCLM Pphi2.CanonicalJointSumIndex Pphi2.canonicalSumFieldLaw GaussianField.FinLatticeField
thm	Pphi2.partitionFnDeriv.congr_simp	Pphi2.InteractingMeasure.U4SecondDerivBound	Pphi2.partitionFnDeriv
thm	Pphi2.rp_closed_under_weak_limit	Pphi2.OSProofs.OS3_RP_Inheritance	Pphi2.IsRP Lattice.toSemilatticeInf
def	GaussianField.schwartzEvalCLM	Cylinder.Symmetry
def	Common.QFT.Euclidean.MeasureToTensorBridge.ctorIdx	Common.QFT.Euclidean.Formulations	Common.QFT.Euclidean.PairingMeasureModel Common.QFT.Euclidean.Formulation Common.QFT.Euclidean.MeasureToTensorBridge
thm	Pphi2.asymCanonicalRoughGamma.congr_simp	Pphi2.NelsonEstimate.AsymCrossTermL2Identity	GaussianField.AsymLatticeSites Pphi2.asymCanonicalRoughGamma Pphi2.AsymCanonicalMode
thm	Pphi2.lattice_second_moment_eq_inner	Pphi2.TorusContinuumLimit.TorusPropagatorConvergence	GaussianField.finLatticeField_dyninMityaginSpace GaussianField.ell2_separableSpace GaussianField.second_moment_eq_covariance GaussianField.FinLatticeSites GaussianField.latticeCovarianceGJ GaussianField.latticeGaussianMeasure GaussianField.Configuration GaussianField.circleSpacing GaussianField.instMeasurableSpaceConfiguration GaussianField.ell2' GaussianField.FinLatticeField GaussianField.circleSpacing_pos
def	GaussianField.SmoothMap_Circle.instAddCommGroup	SmoothCircle.Basic	GaussianField.SmoothMap_Circle.instAdd GaussianField.SmoothMap_Circle.instZero GaussianField.SmoothMap_Circle.instSub GaussianField.SmoothMap_Circle GaussianField.SmoothMap_Circle.instNeg
thm	Pphi2.embeddedTwoPoint_eq_covariance	Pphi2.GaussianContinuumLimit.EmbeddedCovariance	Pphi2.EuclideanPlaneBackground.SpaceTime Pphi2.gaussianContinuumMeasure Pphi2.latticeEmbed Pphi2.planeBackground GaussianField.FinLatticeSites Pphi2.latticeEmbedLift_measurable Pphi2.EuclideanPlaneBackground.dim Pphi2.embeddedTwoPoint GaussianField.latticeGaussianMeasure GaussianField.configuration_eval_measurable GaussianField.Configuration GaussianField.instMeasurableSpaceConfiguration Pphi2.latticeEmbedLift Pphi2.ContinuumTestFunction GaussianField.FinLatticeField
def	Pphi2.sliceReindexMeasurableEquiv	Pphi2.AsymTorus.AsymMeasureFactorization	Pphi2.SpatialField
thm	Pphi2.asymCanonicalSumFieldLaw_eq_asymLatticeGaussianFieldLaw	Pphi2.NelsonEstimate.AsymFieldDecomposition	GaussianField.AsymLatticeSites Pphi2.asymCanonicalSumFieldLaw Pphi2.asymEvalMap_measurable GaussianField.cramerWold GaussianField.Configuration GaussianField.AsymLatticeField Pphi2.latticeGaussianMeasureAsym GaussianField.instMeasurableSpaceConfiguration GaussianField.instFintypeAsymLatticeSitesOfNeZeroNat Pphi2.asymEvalMap GaussianField.latticeCovarianceAsymGJ Pphi2.asymLatticeGaussianFieldLaw GaussianField.ell2' Pphi2.latticeGaussianMeasureAsym_isProbability Pphi2.asymCanonicalSumFieldLaw_isGaussian
thm	GaussianField.latticeFourierProductNormSq_zero	Lattice.LatticeFourierProduct	GaussianField.latticeFourierNormSq GaussianField.latticeFourierProductNormSq
thm	Pphi2.integral_comp_canonicalSumConfig	Pphi2.NelsonEstimate.FieldDecomposition	Pphi2.canonicalJointMeasure Pphi2.canonicalSumConfig GaussianField.FinLatticeSites Pphi2.canonicalSumConfig_measurable GaussianField.latticeGaussianMeasure GaussianField.Configuration GaussianField.instMeasurableSpaceConfiguration Pphi2.canonicalJointMeasure_map_canonicalSumConfig GaussianField.FinLatticeField Pphi2.CanonicalJoint
def	Pphi2.AsymTransferGroundExcitedData.ι	Pphi2.AsymTorus.AsymPositivity	Pphi2.AsymTransferGroundExcitedData
thm	Pphi2.asymTorusIso_interacting_second_moment_density_transfer	Pphi2.AsymTorus.AsymContinuumLimit	GaussianField.NuclearTensorProduct.instModuleReal GaussianField.NuclearTensorProduct.instTopologicalSpace Pphi2.partitionFunctionAsym_ge_one GaussianField.AsymLatticeSites GaussianField.measure Pphi2.asymTorusEmbedLiftIso_measurable GaussianField.ell2_separableSpace GaussianField.asymLatticeField_dyninMityaginSpace Pphi2.asymTorusEmbedLiftIso_eval_eq GaussianField.NuclearTensorProduct.instIsTopologicalAddGroup Pphi2.asymLatticeTestFnIso Pphi2.asymNelson_exponential_estimate_iso GaussianField.pairing_memLp Pphi2.asymTorusEmbedLiftIso GaussianField.NuclearTensorProduct.instAddCommGroup Pphi2.partitionFunctionAsym Pphi2.asymTorusInteractingMeasureIso GaussianField.configuration_eval_measurable GaussianField.Configuration Pphi2.density_transfer_bound_iso GaussianField.NuclearTensorProduct.instContinuousSMulReal GaussianField.gaussian_hypercontractive GaussianField.AsymLatticeField GaussianField.SmoothMap_Circle Pphi2.latticeGaussianMeasureAsym Pphi2.interactingLatticeMeasureAsym Pphi2.interactionFunctionalAsym GaussianField.instMeasurableSpaceConfiguration GaussianField.latticeCovarianceAsymGJ GaussianField.AsymTorusTestFunction GaussianField.ell2' Lattice.toSemilatticeInf
def	Pphi2.E2	Pphi2.Backgrounds.EuclideanPlane2D	Pphi2.ContinuumMotion
def	Pphi2.timeReflectionLinear	Pphi2.Backgrounds.EuclideanPlane2D	Pphi2.planeBackground Pphi2.EuclideanPlaneBackground.dim Pphi2.SpaceTime2 Pphi2.timeReflection2
thm	Pphi2.lattice_rp_matrix	Pphi2.OSProofs.OS3_RP_Lattice	Pphi2.siteEquiv Pphi2.bounded_integrable_interacting Pphi2.fieldReflection2D Pphi2.lattice_rp_matrix_reduction Pphi2.evalField2D GaussianField.FinLatticeSites Pphi2.interactingLatticeMeasure Pphi2.pairing2D GaussianField.configuration_eval_measurable GaussianField.Configuration GaussianField.instMeasurableSpaceConfiguration Pphi2.timeReflection2D Pphi2.fieldFromSites Pphi2.Fsin GaussianField.FinLatticeField Pphi2.Fcos Lattice.toSemilatticeInf
def	Common.QFT.Euclidean.TensorToDistributionalBridge.distributionalSchwinger	Common.QFT.Euclidean.Formulations	Common.QFT.Euclidean.DistributionalSchwingerModel Common.QFT.Euclidean.TensorSchwingerModel Common.QFT.Euclidean.TensorToDistributionalBridge Common.QFT.Euclidean.SchwingerFormulation.toFormulation Common.QFT.Euclidean.SchwingerFormulation
thm	GaussianField.massOperatorAsym_selfAdjoint	Lattice.AsymCovariance	GaussianField.AsymLatticeSites GaussianField.finiteLaplacianAsym_selfAdjoint GaussianField.finiteLaplacianAsym GaussianField.AsymLatticeField GaussianField.instFintypeAsymLatticeSitesOfNeZeroNat GaussianField.massOperatorAsym
thm	Pphi2.torusContinuumGreen_nonneg	Pphi2.TorusContinuumLimit.TorusPropagatorConvergence	Pphi2.torusContinuumGreen GaussianField.NuclearTensorProduct.instModuleReal GaussianField.NuclearTensorProduct.instTopologicalSpace GaussianField.circleHasLaplacianEigenvalues GaussianField.NuclearTensorProduct.dyninMityaginSpace GaussianField.SmoothMap_Circle.instAddCommGroup GaussianField.NuclearTensorProduct.instIsTopologicalAddGroup GaussianField.greenFunctionBilinear_nonneg GaussianField.tensorProductHasLaplacianEigenvalues GaussianField.NuclearTensorProduct.instAddCommGroup GaussianField.SmoothMap_Circle.instModule GaussianField.SmoothMap_Circle.instContinuousSMul GaussianField.smoothCircle_dyninMityaginSpace GaussianField.SmoothMap_Circle.instIsTopologicalAddGroup GaussianField.NuclearTensorProduct.instContinuousSMulReal GaussianField.SmoothMap_Circle GaussianField.TorusTestFunction GaussianField.SmoothMap_Circle.instTopologicalSpace
thm	Pphi2.MeasureHasGreenMomentBound.congr_simp	Pphi2.IRLimit.IRTightness	GaussianField.NuclearTensorProduct.instModuleReal GaussianField.NuclearTensorProduct.instTopologicalSpace GaussianField.NuclearTensorProduct.instIsTopologicalAddGroup GaussianField.NuclearTensorProduct.instAddCommGroup GaussianField.Configuration GaussianField.NuclearTensorProduct.instContinuousSMulReal GaussianField.SmoothMap_Circle GaussianField.instMeasurableSpaceConfiguration Pphi2.MeasureHasGreenMomentBound GaussianField.AsymTorusTestFunction
thm	Pphi2.FieldDecomposition.φ_S_measurable	Pphi2.NelsonEstimate.FieldDecomposition	GaussianField.FinLatticeSites Pphi2.FieldDecomposition.φ_S Pphi2.FieldDecomposition Pphi2.FieldDecomposition.Joint GaussianField.Configuration GaussianField.instMeasurableSpaceConfiguration Pphi2.FieldDecomposition.jointMeasurable GaussianField.FinLatticeField
thm	Pphi2.pphi2_limit_exists	Pphi2.ContinuumLimit.Convergence	Pphi2.EuclideanPlaneBackground.SpaceTime Pphi2.FieldConfig2 Pphi2.EuclideanPlaneBackground.RealTestFunction Pphi2.planeBackground Pphi2.EuclideanPlaneBackground.dim Pphi2.IsPphi2Limit Pphi2.SpaceTime2 GaussianField.configuration_measurable_of_eval_measurable Pphi2.PositiveTimeTestFunction2 GaussianField.configuration_eval_measurable GaussianField.Configuration GaussianField.instMeasurableSpaceConfiguration Pphi2.TestFunction2 Pphi2.ContinuumTestFunction Pphi2.compTimeReflection2 Pphi2.schwartzTranslate
thm	Pphi2.ContinuumComplexTestFunction_eq	Pphi2.Backgrounds.EuclideanPlane	Pphi2.ContinuumComplexTestFunction
thm	Pphi2.pphi2_nonGaussianity	Pphi2.Main	Pphi2.EuclideanPlaneBackground.SpaceTime Pphi2.continuumLimit_nonGaussian Pphi2.planeBackground Pphi2.EuclideanPlaneBackground.dim GaussianField.Configuration GaussianField.instMeasurableSpaceConfiguration Pphi2.ContinuumTestFunction
thm	GaussianField.laplacianDFT_flat_bound	Lattice.CirculantDFT	GaussianField.latticeFourierBasisFun GaussianField.SmoothMap_Circle.instAddCommGroup GaussianField.circleRestriction GaussianField.SmoothMap_Circle.instSMul GaussianField.circleSpacing_eq GaussianField.SmoothMap_Circle.instModule GaussianField.SmoothMap_Circle GaussianField.circleSpacing GaussianField.SmoothMap_Circle.sobolevSeminorm_nonneg GaussianField.SmoothMap_Circle.sobolevSeminorm GaussianField.negLaplacian_restriction_bound GaussianField.SmoothMap_Circle.instTopologicalSpace Lattice.toSemilatticeInf GaussianField.circleSpacing_pos
thm	GaussianField.circleHeatSemigroup_translation_comm	SmoothCircle.HeatEquivariance	GaussianField.circleTranslation GaussianField.circleHeatSemigroup_fourierCoeff GaussianField.RapidDecaySeq GaussianField.RapidDecaySeq.val GaussianField.SmoothMap_Circle.smoothCircleRapidDecayEquiv GaussianField.SmoothMap_Circle.instAddCommGroup GaussianField.heatWeight GaussianField.SmoothMap_Circle.fourierCoeffReal GaussianField.RapidDecaySeq.instModule GaussianField.fourierCoeffReal_circleTranslation_sin GaussianField.RapidDecaySeq.ext GaussianField.fourierCoeffReal_circleTranslation_zero GaussianField.heatWeight_paired GaussianField.SmoothMap_Circle.instModule GaussianField.RapidDecaySeq.instAddCommGroup GaussianField.SmoothMap_Circle GaussianField.RapidDecaySeq.instTopologicalSpace GaussianField.fourierCoeffReal_circleTranslation_cos GaussianField.circleHeatSemigroup GaussianField.SmoothMap_Circle.instTopologicalSpace
def	GaussianField.asymLatticeBasisVec	Lattice.AsymFiniteField	GaussianField.AsymLatticeSites GaussianField.AsymLatticeField GaussianField.instFintypeAsymLatticeSitesOfNeZeroNat GaussianField.asymLatticeDelta
thm	GaussianField.dft_parseval_1d	Lattice.CirculantDFT2d	GaussianField.latticeFourierBasisFun GaussianField.latticeFourierNormSq GaussianField.dft_expansion
thm	Pphi2.torusGaussianLimit_converges	Pphi2.TorusContinuumLimit.TorusGaussianLimit	Pphi2.torusContinuumGreen Pphi2.IsTorusGaussianContinuumLimit GaussianField.NuclearTensorProduct.instModuleReal GaussianField.NuclearTensorProduct.instTopologicalSpace Pphi2.torusEmbeddedTwoPoint Pphi2.torusGaussianMeasure_z2_symmetric GaussianField.NuclearTensorProduct.instIsTopologicalAddGroup Pphi2.torusContinuumMeasure GaussianField.NuclearTensorProduct.instAddCommGroup Pphi2.torusGaussianLimit_fullConvergence GaussianField.Configuration Pphi2.torusGaussianLimit_isGaussian GaussianField.NuclearTensorProduct.instContinuousSMulReal Pphi2.torusContinuumMeasure_isProbability GaussianField.SmoothMap_Circle GaussianField.instMeasurableSpaceConfiguration Pphi2.torusLimit_covariance_eq Pphi2.torusGaussianLimit_exists Pphi2.z2_symmetric_of_weakLimit GaussianField.TorusTestFunction Pphi2.torusGaussianMeasure_isGaussian
thm	GaussianField.gffSmearedCoeff.congr_simp	GaussianField.WickMultivariate	GaussianField.FinLatticeSites GaussianField.gffSmearedCoeff GaussianField.FinLatticeField
thm	Pphi2.EuclideanOS.generatingFunctional_im_eq_integral_sin	Pphi2.EuclideanOS	Pphi2.EuclideanPlaneBackground.SpaceTime Pphi2.EuclideanPlaneBackground.RealTestFunction Pphi2.EuclideanPlaneBackground.dim Pphi2.EuclideanPlaneBackground GaussianField.Configuration GaussianField.instMeasurableSpaceConfiguration Pphi2.EuclideanOS.generatingFunctional Pphi2.EuclideanPlaneBackground.Distribution
thm	GaussianField.NuclearTensorProduct.basisVec_eq_pure	Nuclear.NuclearTensorProduct	GaussianField.DyninMityaginSpace GaussianField.DyninMityaginSpace.coeff GaussianField.RapidDecaySeq GaussianField.RapidDecaySeq.val GaussianField.RapidDecaySeq.basisVec GaussianField.RapidDecaySeq.ext GaussianField.DyninMityaginSpace.basis GaussianField.NuclearTensorProduct.pure
def	GaussianField.gffMultiWickMonomial	GaussianField.WickMultivariate	GaussianField.FinLatticeSites GaussianField.gffOrthonormalCoord GaussianField.Configuration GaussianField.FinLatticeField
thm	Pphi2.cylinderPullback_expMoment_eq	Pphi2.AsymTorus.MomentBoundOS1	GaussianField.NuclearTensorProduct.instModuleReal Lattice.toSemilatticeSup GaussianField.NuclearTensorProduct.instTopologicalSpace Pphi2.cylinderPullback GaussianField.CylinderTestFunction GaussianField.NuclearTensorProduct.instIsTopologicalAddGroup Pphi2.cylinderToTorusEmbed GaussianField.configuration_measurable_of_eval_measurable GaussianField.NuclearTensorProduct.instAddCommGroup Pphi2.cylinderPullbackMeasure GaussianField.configuration_eval_measurable GaussianField.Configuration GaussianField.NuclearTensorProduct.instContinuousSMulReal GaussianField.SmoothMap_Circle GaussianField.instMeasurableSpaceConfiguration GaussianField.AsymTorusTestFunction
def	Pphi2.asymCanonicalSumFieldFunction	Pphi2.NelsonEstimate.AsymFieldDecomposition	GaussianField.AsymLatticeSites Pphi2.AsymCanonicalJoint Pphi2.asymCanonicalRoughFieldFunction GaussianField.AsymLatticeField Pphi2.asymCanonicalSmoothFieldFunction
def	Pphi2.smoothBoundConstant	Pphi2.NelsonEstimate.SmoothLowerBound	Pphi2.smoothVarianceConstant
thm	Pphi2.propagator_convergence	Pphi2.GaussianContinuumLimit.PropagatorConvergence	Pphi2.latticeGreenBilinear_tendsto_continuum Pphi2.embeddedTwoPoint_eq_latticeGreenBilinear Pphi2.embeddedTwoPoint Pphi2.latticeGreenBilinear Pphi2.continuumGreenBilinear Pphi2.ContinuumTestFunction
def	GaussianHilbert.wienerChaosLE	GaussianHilbert.WienerChaos	GaussianHilbert.stdGaussianFin GaussianHilbert.wienerChaos
thm	GaussianField.gffPositionCovariance_self	GaussianField.WickMultivariate	GaussianField.FinLatticeSites GaussianField.gffPositionCovariance GaussianField.gffSiteVariance
thm	Pphi2.asymCanonicalCrossTerm_l2_sq_le	Pphi2.NelsonEstimate.AsymCrossTermL2Identity	Pphi2.asymCanonicalSmoothFieldFunction_pointwise_measurable Pphi2.asymCanonicalSmoothCovariance Pphi2.asymCanonicalCrossTerm_sq_integrable GaussianField.AsymLatticeSites Pphi2.asymCanonicalRoughWickConstant Pphi2.abs_asymCanonicalSmoothCovariance_le_asymSmoothWickConstant Pphi2.asymSmoothWickConstant_le_log_uniform Pphi2.asymCanonicalCrossTerm Pphi2.AsymCanonicalJoint Pphi2.asymCanonicalRoughFieldFunction_pointwise_measurable Pphi2.wickMonomial Pphi2.wickMonomial_continuous Pphi2.asymCanonicalRoughFieldFunction Pphi2.asymSmoothWickConstant GaussianField.instFintypeAsymLatticeSitesOfNeZeroNat Pphi2.asymCanonicalRoughCovariance_pow_sum_le_uniform Pphi2.asymCanonicalSmoothFieldFunction Pphi2.asymCanonicalJointMeasure Pphi2.asymCanonicalCrossTerm_l2_sq_eq_covSum Pphi2.asymCanonicalSmoothWeight Lattice.toSemilatticeInf Pphi2.AsymCanonicalMode Pphi2.asymCanonicalRoughCovariance
thm	GaussianField.circleHeatSemigroup.congr_simp	Cylinder.FreeHeatSemigroup	GaussianField.SmoothMap_Circle.instAddCommGroup GaussianField.SmoothMap_Circle.instModule GaussianField.SmoothMap_Circle GaussianField.circleHeatSemigroup GaussianField.SmoothMap_Circle.instTopologicalSpace
def	Pphi2.asymTransferGroundEigenvalue	Pphi2.AsymTorus.AsymPositivity	Pphi2.AsymTransferGroundExcitedData.eigenval Pphi2.AsymTransferGroundExcitedData.i₀ Pphi2.asymTransferGroundExcitedData Pphi2.AsymTransferGroundExcitedData
thm	GaussianField.massOperator_product_eigenvector	Lattice.CirculantDFT2d	GaussianField.latticeEigenvalue1d GaussianField.latticeFourierBasisFun GaussianField.FinLatticeSites GaussianField.massOperator GaussianField.dft_1d_eigenvalue_pointwise GaussianField.finiteLaplacian GaussianField.FinLatticeField
thm	Pphi2.asymSpaceSpacing_pos	Pphi2.AsymTorus.AsymTorusEmbedding	Pphi2.asymSpaceSpacing
thm	GaussianField.evalTorusAtSiteGJ_apply'	Torus.Evaluation	GaussianField.NuclearTensorProduct.instModuleReal GaussianField.NuclearTensorProduct.instTopologicalSpace GaussianField.FinLatticeSites GaussianField.NuclearTensorProduct.instAddCommGroup GaussianField.evalTorusAtSite GaussianField.SmoothMap_Circle GaussianField.circleSpacing GaussianField.evalTorusAtSiteGJ GaussianField.TorusTestFunction
thm	Pphi2.continuousWithinAt_weighted_exp	Pphi2.InteractingMeasure.U4AffineBound	Lattice.toSemilatticeSup Pphi2.interactionFunctional_bounded_below GaussianField.FinLatticeSites Pphi2.interactionFunctional_measurable GaussianField.latticeGaussianMeasure GaussianField.Configuration GaussianField.instMeasurableSpaceConfiguration GaussianField.FinLatticeField Pphi2.interactionFunctional Lattice.toSemilatticeInf
def	Pphi2.interactingGeneratingFunctional	Pphi2.InteractingMeasure.General	Pphi2.interactingMeasure GaussianField.Configuration GaussianField.instMeasurableSpaceConfiguration
def	Common.QFT.Euclidean.MeasureToTensorBridge.tensorSchwinger	Common.QFT.Euclidean.Formulations	Common.QFT.Euclidean.PairingMeasureModel Common.QFT.Euclidean.TensorSchwingerModel Common.QFT.Euclidean.Formulation Common.QFT.Euclidean.MeasureToTensorBridge
def	Pphi2.DynamicalCutoff.dynamicalCutoffScale	Pphi2.NelsonEstimate.DynamicalCutoff
def	Pphi2.EuclideanTimeStructure.positiveTimeSubmodule	Pphi2.Backgrounds.EuclideanTime	Pphi2.EuclideanPlaneBackground.SpaceTime Pphi2.EuclideanTimeStructure.positiveTimeSet Pphi2.EuclideanPlaneBackground.RealTestFunction Pphi2.EuclideanPlaneBackground.dim Pphi2.EuclideanPlaneBackground Pphi2.EuclideanTimeStructure
thm	GaussianField.modePartner_sin	HeatKernel.GreenInvariance	GaussianField.modePartner
thm	GaussianField.latticeHeatKernelMatrix_zero	Lattice.HeatKernel	GaussianField.FinLatticeSites GaussianField.latticeHeatKernelMatrix GaussianField.negLaplacianMatrix
def	Pphi2.canonicalSmoothFieldFunction	Pphi2.NelsonEstimate.FieldDecomposition	GaussianField.FinLatticeSites Pphi2.CanonicalJoint
thm	GaussianField.DyninMityaginSpace.h_with	Nuclear.DyninMityagin	GaussianField.DyninMityaginSpace GaussianField.DyninMityaginSpace.ι GaussianField.DyninMityaginSpace.p
thm	Pphi2.norm_sub_groundProj_le	Pphi2.AsymTorus.AsymTraceBridge	Pphi2.L2SpatialField Pphi2.SpatialField Pphi2.asymGroundVector Pphi2.asymGroundVector_norm_eq_one Lattice.toSemilatticeInf
thm	Pphi2.TransferGroundExcitedData.h_sum	Pphi2.TransferMatrix.Positivity	Pphi2.L2SpatialField Pphi2.SpatialField Pphi2.TransferGroundExcitedData Pphi2.TransferGroundExcitedData.eigenval Pphi2.TransferGroundExcitedData.b Pphi2.transferOperatorCLM Pphi2.TransferGroundExcitedData.ι
thm	Pphi2.asymTransferOperatorCLM_pow_sub_groundProj_norm_le	Pphi2.AsymTorus.AsymTraceBridge	Pphi2.asymTransferNormalized Pphi2.L2SpatialField Pphi2.SpatialField Pphi2.asymGroundVector Pphi2.asymGroundVector_norm_eq_one Pphi2.norm_sub_groundProj_le Pphi2.asymTransferGroundEigenvalue_pos Pphi2.asymTransferOperatorCLM_pow_norm_le_of_perp Pphi2.asymTransferGroundEigenvalue Pphi2.asymTransferOperatorCLM_pow_groundVector Pphi2.asymTransferOperatorCLM
thm	Pphi2.transferOperator_inner_nonneg	Pphi2.TransferMatrix.Jentzsch	Pphi2.L2SpatialField Pphi2.SpatialField Pphi2.transferOperatorCLM Pphi2.transferOperator_strictly_positive_definite
def	Pphi2.normalizedMomentDeriv2	Pphi2.InteractingMeasure.U4DerivativeClosedForm	Pphi2.partitionFnDeriv Pphi2.partitionFnDeriv2 Pphi2.gibbsMoment Pphi2.momentDeriv2 Pphi2.partitionFn Pphi2.momentDeriv GaussianField.FinLatticeField
thm	Pphi2.wickPolynomial_integral_eq_coeff_zero	Pphi2.ContinuumLimit.Hypercontractivity	GaussianField.finLatticeDelta GaussianField.FinLatticeSites Pphi2.wickMonomial_latticeGaussian GaussianField.latticeGaussianMeasure_isProbability Pphi2.wickMonomial GaussianField.latticeGaussianMeasure GaussianField.Configuration Pphi2.wickConstant GaussianField.instMeasurableSpaceConfiguration GaussianField.FinLatticeField Pphi2.wickPolynomial
def	GaussianField.RapidDecayLattice.latticeEnum	Lattice.RapidDecayLattice
thm	Pphi2.asymCanonicalSmoothFieldFunctionOfFst_eq_sum_gamma	Pphi2.NelsonEstimate.AsymCrossTermL2Identity	GaussianField.AsymLatticeSites Pphi2.asymCanonicalSmoothModeCoeff Pphi2.asymCanonicalSmoothFieldFunctionOfFst Pphi2.asymCanonicalSmoothGamma Pphi2.AsymCanonicalMode
thm	Pphi2.torusInteractingLimit_exists	Pphi2.TorusContinuumLimit.TorusInteractingLimit	GaussianField.NuclearTensorProduct.instModuleReal GaussianField.NuclearTensorProduct.instTopologicalSpace GaussianField.NuclearTensorProduct.dyninMityaginSpace GaussianField.NuclearTensorProduct.instIsTopologicalAddGroup GaussianField.NuclearTensorProduct.instAddCommGroup GaussianField.prokhorov_configuration GaussianField.Configuration GaussianField.NuclearTensorProduct.instContinuousSMulReal GaussianField.SmoothMap_Circle GaussianField.instMeasurableSpaceConfiguration Pphi2.torus_interacting_tightness Pphi2.torusInteractingMeasure_isProbability Pphi2.torusInteractingMeasure GaussianField.TorusTestFunction
thm	Pphi2.gffPositionCovariance_abs_le_mass_inv	Pphi2.InteractingMeasure.CovariancePointwiseBound	GaussianField.finLatticeField_dyninMityaginSpace GaussianField.measure GaussianField.ell2_separableSpace GaussianField.second_moment_eq_covariance GaussianField.covariance GaussianField.FinLatticeSites GaussianField.latticeCovarianceGJ GaussianField.gffPositionCovariance GaussianField.latticeGaussianMeasure GaussianField.Configuration GaussianField.gffPositionCovariance_eq_covarianceGJ GaussianField.instMeasurableSpaceConfiguration GaussianField.ell2' Pphi2.lattice_second_moment_le_mass_inv GaussianField.FinLatticeField
def	GaussianField.circleLaplacian	SmoothCircle.Laplacian	GaussianField.derivSCCLM GaussianField.SmoothMap_Circle.instAddCommGroup GaussianField.SmoothMap_Circle.instModule GaussianField.SmoothMap_Circle.instIsTopologicalAddGroup GaussianField.SmoothMap_Circle GaussianField.SmoothMap_Circle.instTopologicalSpace
def	Pphi2.TorusIsNondegenerate	Pphi2.TorusContinuumLimit.TorusNontriviality	GaussianField.NuclearTensorProduct.instModuleReal GaussianField.NuclearTensorProduct.instTopologicalSpace GaussianField.NuclearTensorProduct.instIsTopologicalAddGroup GaussianField.NuclearTensorProduct.instAddCommGroup Pphi2.torusTwoPoint GaussianField.Configuration GaussianField.NuclearTensorProduct.instContinuousSMulReal GaussianField.SmoothMap_Circle GaussianField.instMeasurableSpaceConfiguration GaussianField.TorusTestFunction
thm	GaussianField.dft_parseval_2d_asym	Lattice.AsymCovariance	GaussianField.AsymLatticeSites GaussianField.latticeFourierBasisFun GaussianField.dft_parseval_1d GaussianField.sum_factor_asym GaussianField.latticeFourierNormSq GaussianField.AsymLatticeField GaussianField.instFintypeAsymLatticeSitesOfNeZeroNat
thm	Pphi2.latticeSites_card	Pphi2.InteractingMeasure.UniformBounds	GaussianField.FinLatticeSites
thm	Pphi2.torusGaussianLimit_os2_D4	Pphi2.TorusContinuumLimit.TorusOSAxioms	GaussianField.torusTimeReflection Pphi2.torusContinuumGreen Pphi2.IsTorusGaussianContinuumLimit GaussianField.NuclearTensorProduct.instModuleReal GaussianField.NuclearTensorProduct.instTopologicalSpace GaussianField.NuclearTensorProduct.instIsTopologicalAddGroup Pphi2.torusGaussianLimit_characteristic_functional Pphi2.torusGeneratingFunctional GaussianField.torusSwap GaussianField.NuclearTensorProduct.instAddCommGroup GaussianField.Configuration GaussianField.NuclearTensorProduct.instContinuousSMulReal Pphi2.TorusOS2_D4Invariance GaussianField.SmoothMap_Circle GaussianField.instMeasurableSpaceConfiguration Pphi2.torusContinuumGreen_pointGroup_invariant GaussianField.TorusTestFunction
thm	Pphi2.generatingFunctional.congr_simp	Pphi2.OSProofs.OS2_WardIdentity	Pphi2.EuclideanPlaneBackground.SpaceTime Pphi2.FieldConfig2 Pphi2.generatingFunctional Pphi2.EuclideanPlaneBackground.RealTestFunction Pphi2.planeBackground Pphi2.EuclideanPlaneBackground.dim GaussianField.instMeasurableSpaceConfiguration Pphi2.TestFunction2
thm	Pphi2.interactingLatticeMeasureAsym_isProbability	Pphi2.AsymTorus.AsymLatticeMeasure	Pphi2.boltzmannWeightAsym_integrable GaussianField.AsymLatticeSites Pphi2.partitionFunctionAsym_pos Pphi2.boltzmannWeightAsym Pphi2.boltzmannWeightAsym_pos Pphi2.partitionFunctionAsym GaussianField.Configuration GaussianField.AsymLatticeField Pphi2.latticeGaussianMeasureAsym Pphi2.interactingLatticeMeasureAsym GaussianField.instMeasurableSpaceConfiguration
thm	Pphi2.asymTorusEmbedLift_measurable	Pphi2.AsymTorus.AsymTorusEmbedding	GaussianField.NuclearTensorProduct.instModuleReal GaussianField.NuclearTensorProduct.instTopologicalSpace GaussianField.FinLatticeSites GaussianField.NuclearTensorProduct.instIsTopologicalAddGroup GaussianField.configuration_measurable_of_eval_measurable GaussianField.NuclearTensorProduct.instAddCommGroup Pphi2.evalAsymAtFinSiteGJ GaussianField.configuration_eval_measurable GaussianField.Configuration GaussianField.NuclearTensorProduct.instContinuousSMulReal GaussianField.SmoothMap_Circle GaussianField.instMeasurableSpaceConfiguration Pphi2.asymTorusEmbedLift GaussianField.AsymTorusTestFunction GaussianField.FinLatticeField
def	GaussianField.finLatticeCoeffCLM	Lattice.FiniteField	GaussianField.FinLatticeSites GaussianField.FinLatticeField
thm	GaussianField.negLaplacianMatrix_toeplitz	Lattice.Symmetry	GaussianField.finLatticeDelta GaussianField.FinLatticeSites GaussianField.massOperator GaussianField.finiteLaplacian_translation_commute GaussianField.latticeTranslationFun GaussianField.finiteLaplacian GaussianField.FinLatticeField GaussianField.negLaplacianMatrix
def	GaussianField.massEigenvalues	Lattice.SpectralCovariance	GaussianField.massOperatorMatrix GaussianField.FinLatticeSites GaussianField.massMatrixHerm
thm	Pphi2.asymCanonicalRoughError.congr_simp	Pphi2.NelsonEstimate.AsymRoughErrorChaosStd	Pphi2.AsymCanonicalJoint Pphi2.asymCanonicalRoughError
thm	Pphi2.integral_interaction_sq_eq_canonicalJoint	Pphi2.InteractingMeasure.InteractionL2	Pphi2.canonicalJointMeasure Pphi2.canonicalSumConfig Pphi2.canonicalFullInteractionJoint_eq_interactionFunctional GaussianField.FinLatticeSites Pphi2.canonicalFullInteractionJoint Pphi2.interactionFunctional_measurable GaussianField.latticeGaussianMeasure GaussianField.Configuration GaussianField.instMeasurableSpaceConfiguration Pphi2.integral_comp_canonicalSumConfig GaussianField.FinLatticeField Pphi2.interactionFunctional Pphi2.CanonicalJoint
def	GaussianField.multiIndexEquiv	SchwartzNuclear.HermiteTensorProduct	GaussianField.MultiIndex
def	GaussianField.circlePoint	SmoothCircle.Restriction
thm	GaussianField.RapidDecaySeq.weight_nonneg	Nuclear.NuclearTensorProduct	GaussianField.RapidDecaySeq.weight_pos
thm	Pphi2.schwingerN_eq_free_expectation	Pphi2.InteractingMeasure.General	Pphi2.interactingBoltzmannWeight_ennreal_measurable Pphi2.interactingPartitionFunction Pphi2.interactingBoltzmannWeight GaussianField.Configuration Pphi2.interactingBoltzmannWeight_pos GaussianField.instMeasurableSpaceConfiguration Pphi2.schwingerN Pphi2.interactingPartitionFunction_pos
thm	GaussianField.cylinderGreen_pos	Cylinder.GreenFunction	GaussianField.NuclearTensorProduct.instModuleReal GaussianField.NuclearTensorProduct.instTopologicalSpace GaussianField.cylinderMassOperator_injective GaussianField.CylinderTestFunction GaussianField.cylinderGreen GaussianField.NuclearTensorProduct.instAddCommGroup GaussianField.cylinderMassOperator GaussianField.SmoothMap_Circle GaussianField.ell2'
thm	Pphi2.torusEmbeddedTwoPoint_uniform_bound	Pphi2.TorusContinuumLimit.TorusPropagatorConvergence	GaussianField.RapidDecaySeq.rapidDecaySeminorm GaussianField.RapidDecaySeq Pphi2.torusEmbeddedTwoPoint GaussianField.RapidDecaySeq.instSMul GaussianField.RapidDecaySeq.instAddCommGroup Pphi2.torusEmbeddedTwoPoint_le_seminorm_tight GaussianField.TorusTestFunction Lattice.toSemilatticeInf
thm	Pphi2.asymCanonicalSmoothWickPower_two_site_marginal_eq_diag	Pphi2.NelsonEstimate.AsymCrossTermL2Identity	Pphi2.asymCanonicalSmoothCovariance GaussianField.AsymLatticeSites Pphi2.asymCanonicalSmoothFieldFunctionOfFst_eq_sum_gamma Pphi2.wickPower_two_site_pi_gaussianReal_eq_diag Pphi2.wickMonomial Pphi2.asymCanonicalSmoothGamma_sq_sum_eq_asymSmoothWickConstant Pphi2.asymCanonicalSmoothFieldFunctionOfFst Pphi2.asymCanonicalSmoothGamma Pphi2.asymSmoothWickConstant Pphi2.asymCanonicalSmoothCovariance_eq_sum_gamma_mul_gamma Pphi2.AsymCanonicalMode
thm	GaussianField.evalMapInv_apply	GaussianField.Density	GaussianField.FinLatticeSites GaussianField.evalMapInv GaussianField.Configuration GaussianField.FinLatticeField
thm	GaussianField.finset_sum_isCompactOperator	GaussianField.NuclearSVD	GaussianField.ell2'
thm	Pphi2.canonicalSumConfig_measurable	Pphi2.NelsonEstimate.FieldDecomposition	Pphi2.canonicalSumConfig GaussianField.FinLatticeSites Pphi2.canonicalSumFieldFunction_measurable GaussianField.evalMapInv GaussianField.Configuration Pphi2.canonicalSumFieldFunction GaussianField.evalMapInv_measurable Pphi2.latticeFieldToConfig GaussianField.instMeasurableSpaceConfiguration Pphi2.latticeFieldToConfig_eq_evalMapInv GaussianField.FinLatticeField Pphi2.CanonicalJoint
thm	Pphi2.asymSliceEquiv_apply	Pphi2.AsymTorus.AsymTransferInstantiation	GaussianField.AsymLatticeSites Pphi2.SpatialField Pphi2.asymSliceEquiv GaussianField.AsymLatticeField
thm	Lattice.isStronglyCoatomic	Mathlib.Order.Atoms	Lattice Lattice.isStronglyAtomic Lattice.toSemilatticeInf
thm	GaussianField.paired_coeff_product_circleTranslation	SmoothCircle.FourierTranslation	GaussianField.circleTranslation GaussianField.SmoothMap_Circle.instAddCommGroup GaussianField.SmoothMap_Circle.fourierCoeffReal GaussianField.fourierCoeffReal_circleTranslation_sin GaussianField.SmoothMap_Circle.instModule GaussianField.SmoothMap_Circle GaussianField.fourierCoeffReal_circleTranslation_cos GaussianField.SmoothMap_Circle.instTopologicalSpace
def	GaussianField.massEigenvaluesAsym	Lattice.AsymCovariance	GaussianField.AsymLatticeSites GaussianField.massOperatorMatrixAsym GaussianField.massMatrixAsymHerm GaussianField.instFintypeAsymLatticeSitesOfNeZeroNat
thm	Pphi2.abs_asymCanonicalSmoothCovariance_le_asymSmoothWickConstant	Pphi2.NelsonEstimate.AsymCrossTermL2Identity	Pphi2.asymCanonicalSmoothCovariance GaussianField.AsymLatticeSites Pphi2.asymCanonicalSmoothGamma_sq_sum_eq_asymSmoothWickConstant Pphi2.asymCanonicalSmoothGamma Pphi2.asymSmoothWickConstant Pphi2.asymCanonicalSmoothCovariance_eq_sum_gamma_mul_gamma Lattice.toSemilatticeInf Pphi2.AsymCanonicalMode
thm	Pphi2.schwartz_decompose_continuumEuclideanActionComplex	Pphi2.EuclideanComplex	Pphi2.EuclideanPlaneBackground.SpaceTime Pphi2.schwartz_decompose_actionComplex Pphi2.planeBackground Pphi2.schwartzOfReal Pphi2.EuclideanPlaneBackground.dim Pphi2.continuumEuclideanActionComplex Pphi2.EuclideanOS.schwartzIm Pphi2.EuclideanOS.schwartzRe Pphi2.ContinuumComplexTestFunction Pphi2.continuumEuclideanAction Pphi2.ContinuumMotion Pphi2.ContinuumTestFunction Pphi2.EuclideanPlaneBackground.ComplexTestFunction
def	GaussianField.neighbors	Lattice.Sites	GaussianField.stdBasisInt
def	GaussianField.SmoothMap_Circle.sobolevSeminorm	SmoothCircle.Basic	GaussianField.SmoothMap_Circle.instFunLike GaussianField.SmoothMap_Circle.instAddCommGroup GaussianField.SmoothMap_Circle.instSMul GaussianField.SmoothMap_Circle
thm	GaussianField.sum_cos_zmod_eq_N	Lattice.CirculantDFT
thm	GaussianField.massEigenbasisAsym_sum_mul_sum_eq_site_inner	Lattice.AsymCovariance	GaussianField.AsymLatticeSites GaussianField.massEigenvectorBasisAsym GaussianField.AsymLatticeField GaussianField.instFintypeAsymLatticeSitesOfNeZeroNat
def	Pphi2.asymGroundVector	Pphi2.AsymTorus.AsymGappedTransfer	Pphi2.L2SpatialField Pphi2.SpatialField Pphi2.AsymTransferGroundExcitedData.i₀ Pphi2.asymTransferGroundExcitedData Pphi2.AsymTransferGroundExcitedData.b Pphi2.AsymTransferGroundExcitedData.ι
thm	Pphi2.unique_vacuum	Pphi2.OSProofs.OS4_Ergodicity	Pphi2.L2SpatialField Pphi2.SpatialField Pphi2.transferOperatorCLM Pphi2.transferOperator_ground_simple_spectral
thm	Pphi2.continuumGreenBilinear_pos	Pphi2.GaussianContinuumLimit.PropagatorConvergence	Pphi2.EuclideanPlaneBackground.SpaceTime Pphi2.planeBackground Pphi2.EuclideanPlaneBackground.dim Pphi2.continuumGreenBilinear Pphi2.ContinuumTestFunction Lattice.toSemilatticeInf
def	Pphi2.gaussianContinuumMeasure	Pphi2.GaussianContinuumLimit.EmbeddedCovariance	Pphi2.EuclideanPlaneBackground.SpaceTime Pphi2.planeBackground GaussianField.FinLatticeSites Pphi2.EuclideanPlaneBackground.dim GaussianField.latticeGaussianMeasure GaussianField.Configuration GaussianField.instMeasurableSpaceConfiguration Pphi2.latticeEmbedLift Pphi2.ContinuumTestFunction GaussianField.FinLatticeField
def	Pphi2.asymCanonicalSmoothCovariance	Pphi2.NelsonEstimate.AsymCrossTermL2Identity	GaussianField.AsymLatticeSites Pphi2.asymCanonicalBasis Pphi2.asymCanonicalSmoothWeight Pphi2.AsymCanonicalMode Pphi2.asymCanonicalNormSq
thm	Pphi2.wickPolynomial_lower_bound_general	Pphi2.WickOrdering.WickPolynomial	Pphi2.wickPolynomial_uniform_bounded_below Lattice.toSemilatticeInf Pphi2.wickPolynomial
def	GaussianField.SmoothMap_Circle.fourierFreq	SmoothCircle.Basic
def	Pphi2.asymTransferOperatorCLM	Pphi2.AsymTorus.AsymL2Operator	Pphi2.asymTransferWeight_measurable Pphi2.L2SpatialField Pphi2.SpatialField Pphi2.asymTransferWeight Pphi2.transferGaussian_memLp Pphi2.asymTransferWeight_bound Pphi2.transferGaussian
thm	Pphi2.canonicalSmoothFieldFunction_self_moment_const	Pphi2.NelsonEstimate.FieldDecomposition	Pphi2.smoothWickConstant Pphi2.canonicalSmoothFieldFunction_self_moment_eq_smoothWickConstant GaussianField.FinLatticeSites Pphi2.canonicalSmoothFieldFunction_self_moment_diag
thm	Pphi2.EuclideanTimeStructure.mk.congr_simp	Pphi2.Backgrounds.EuclideanPlane2D	Pphi2.EuclideanPlaneBackground.SpaceTime Pphi2.EuclideanPlaneBackground.dim Pphi2.EuclideanPlaneBackground Pphi2.EuclideanTimeStructure
thm	Pphi2.ratio_l2_bound	Pphi2.InteractingMeasure.U4SecondDerivBound	GaussianField.FinLatticeSites GaussianField.latticeGaussianMeasure GaussianField.Configuration GaussianField.circleSpacing GaussianField.instMeasurableSpaceConfiguration Pphi2.abs_interacting_moment_le GaussianField.FinLatticeField Pphi2.interactionFunctional GaussianField.circleSpacing_pos
def	Pphi2.degreeCutoffTail	Pphi2.NelsonEstimate.PolynomialChaosBridge	Pphi2.DynamicalCutoff.degreeDynamicalCutoffScale Pphi2.ChaosTailBridge.chaosTailConstant Pphi2.DynamicalCutoff.degreeCutoffPower
thm	GaussianField.latticeEigenvalue1d_zero	Lattice.HeatKernelConvergence1d	GaussianField.latticeEigenvalue1d GaussianField.SmoothMap_Circle.fourierFreq
def	Pphi2.ContinuumOrthogonalGroup	Pphi2.Backgrounds.EuclideanPlane	Pphi2.EuclideanPlaneBackground.OrthogonalGroup Pphi2.planeBackground
def	GaussianField.RapidDecaySeq.instTopologicalSpace	Nuclear.NuclearTensorProduct	GaussianField.RapidDecaySeq.rapidDecaySeminorm GaussianField.RapidDecaySeq GaussianField.RapidDecaySeq.instModule GaussianField.RapidDecaySeq.instAddCommGroup
thm	GaussianField.weakLimit_exponential_moment	Pphi2.GeneralResults.WeakLimitMoment	Lattice.toSemilatticeSup GaussianField.configuration_eval_measurable GaussianField.Configuration GaussianField.instMeasurableSpaceConfiguration Lattice.toSemilatticeInf
def	GaussianField.NuclearTensorProduct.pureCLM_right	Nuclear.NuclearTensorProduct	GaussianField.DyninMityaginSpace GaussianField.NuclearTensorProduct.instModuleReal GaussianField.NuclearTensorProduct.instTopologicalSpace GaussianField.NuclearTensorProduct GaussianField.NuclearTensorProduct.instAddCommGroup GaussianField.NuclearTensorProduct.pureLin
thm	Pphi2.gaussian_conv_strictlyPD	Pphi2.TransferMatrix.GaussianFourier	Pphi2.L2SpatialField Pphi2.SpatialField Pphi2.continuous_transferGaussian Pphi2.inner_convCLM_pos_of_fourier_pos Pphi2.transferGaussian_memLp Pphi2.fourier_gaussian_pos Pphi2.transferGaussian Lattice.toSemilatticeInf
thm	Pphi2.asym_onsite_sum_slice	Pphi2.AsymTorus.AsymEnergyFactorization	GaussianField.AsymLatticeSites Pphi2.SpatialField Pphi2.asymSliceEquiv Pphi2.asymSliceEquiv_apply GaussianField.AsymLatticeField GaussianField.instFintypeAsymLatticeSitesOfNeZeroNat
thm	Pphi2.free_product_moment_cauchy_schwarz	Pphi2.InteractingMeasure.InteractionVariance	GaussianField.FinLatticeSites Pphi2.interactionFunctional_measurable Pphi2.integrable_pow_pairing GaussianField.latticeGaussianMeasure GaussianField.configuration_eval_measurable GaussianField.Configuration GaussianField.instMeasurableSpaceConfiguration Pphi2.interactionFunctional_pow_integrable GaussianField.FinLatticeField Pphi2.interactionFunctional
thm	GaussianHilbert.hermiteMultiEval_mem_wienerChaos	GaussianHilbert.WienerChaos	GaussianHilbert.MultiIndex.totalDegree GaussianHilbert.hermiteMultiEval_memLp GaussianHilbert.stdGaussianFin GaussianHilbert.wienerChaos GaussianHilbert.hermiteMultiLp GaussianHilbert.hermiteMultiEval GaussianHilbert.hermiteMultiLp_mem_wienerChaos
thm	Pphi2.degreePiecewiseTail_layerCake_lt_top	Pphi2.NelsonEstimate.PolynomialChaosBridge	Pphi2.degreeCutoffTail Pphi2.DynamicalCutoff.one_add_abs_log_degreeDynamicalCutoff_eq_rpow Pphi2.DynamicalCutoff.degreeDynamicalCutoffScale_eq_exp Pphi2.DynamicalCutoff.degreeCutoffPower_pos Pphi2.IntegrabilityHelpers.lintegral_layer_cake_lt_top_of_eventual_decay Pphi2.DynamicalCutoff.degreeDynamicalCutoffScale_pos Pphi2.ChaosTailBridge.chaosTailConstant_pos Pphi2.DynamicalCutoff.degreeDynamicalCutoffScale Pphi2.ChaosTailBridge.chaosTailConstant Pphi2.DynamicalCutoff.degreeCutoffPower Pphi2.degreePiecewiseTail Lattice.toSemilatticeInf
def	GaussianField.RapidDecaySeq.instNeg	Nuclear.NuclearTensorProduct	GaussianField.RapidDecaySeq GaussianField.RapidDecaySeq.val
thm	Pphi2.density_transfer_bound	Pphi2.ContinuumLimit.Hypercontractivity	Pphi2.interactionFunctional_bounded_below GaussianField.FinLatticeSites Pphi2.partitionFunction Pphi2.interactionFunctional_measurable Pphi2.interactingLatticeMeasure GaussianField.latticeGaussianMeasure_isProbability GaussianField.latticeGaussianMeasure GaussianField.Configuration GaussianField.instMeasurableSpaceConfiguration Pphi2.boltzmannWeight GaussianField.FinLatticeField Pphi2.interactionFunctional Pphi2.partitionFunction_pos Pphi2.boltzmannWeight_pos
thm	GaussianField.latticeDFTCoeff1d_zero_of_ge	Lattice.HeatKernelConvergence1d	GaussianField.latticeFourierBasisFun GaussianField.SmoothMap_Circle.instAddCommGroup GaussianField.circleRestriction GaussianField.SmoothMap_Circle.instModule GaussianField.SmoothMap_Circle GaussianField.latticeDFTCoeff1d GaussianField.SmoothMap_Circle.instTopologicalSpace
thm	GaussianField.latticeGaussianFieldLawAsym_eq_normalizedQuadraticGaussianMeasure	GaussianField.DensityAsym	GaussianField.normalizedQuadraticGaussianMeasure GaussianField.AsymLatticeSites GaussianField.measure GaussianField.ell2_separableSpace GaussianField.normalizedGaussianDensityMeasureAsym GaussianField.asymLatticeField_dyninMityaginSpace GaussianField.measurable_evalMapAsym GaussianField.latticeGaussianFieldLawAsym GaussianField.normalizedGaussianDensityMeasureAsym_eq_normalizedQuadraticGaussianMeasure GaussianField.normalizedGaussianDensityMeasureAsym_isFinite GaussianField.Configuration GaussianField.AsymLatticeField GaussianField.evalMapAsym GaussianField.instMeasurableSpaceConfiguration GaussianField.instFintypeAsymLatticeSitesOfNeZeroNat GaussianField.massOperatorAsym GaussianField.latticeCovarianceAsymGJ GaussianField.ell2' GaussianField.measure_isProbability GaussianField.normalizedGaussianDensityMeasureAsym_charFunDual_eq_latticeGaussianFieldLawAsym
thm	GaussianField.DyninMityaginSpace.instBaireSpace	GaussianField.Tightness	GaussianField.DyninMityaginSpace GaussianField.DyninMityaginSpace.h_countable GaussianField.DyninMityaginSpace.toT1Space GaussianField.DyninMityaginSpace.ι GaussianField.DyninMityaginSpace.h_with GaussianField.DyninMityaginSpace.h_completeSpace GaussianField.DyninMityaginSpace.p
thm	GaussianField.latticeCovarianceAsymGJ.congr_simp	Pphi2.AsymTorus.AsymTorusEmbeddingIso	GaussianField.AsymLatticeSites GaussianField.AsymLatticeField GaussianField.latticeCovarianceAsymGJ GaussianField.ell2'
thm	Pphi2.asymSliceObsTrunc_abs_le_linear	Pphi2.AsymTorus.AsymObsTrunc	Pphi2.asymSliceObsLinear Pphi2.SpatialField Pphi2.asymSliceObsTrunc Lattice.toSemilatticeInf
thm	Pphi2.os_reconstruction	Pphi2.Main	Pphi2.EuclideanPlaneBackground.SpaceTime Pphi2.SatisfiesFullOS Pphi2.planeBackground Pphi2.EuclideanPlaneBackground.dim Pphi2.massParameter_positive GaussianField.Configuration GaussianField.instMeasurableSpaceConfiguration Pphi2.ContinuumTestFunction
thm	Pphi2.rotation_invariance_continuum	Pphi2.OSProofs.OS2_WardIdentity	Pphi2.EuclideanPlaneBackground.SpaceTime Pphi2.FieldConfig2 Pphi2.generatingFunctional Pphi2.EuclideanPlaneBackground.RealTestFunction Pphi2.planeBackground Pphi2.EuclideanPlaneBackground.dim Pphi2.rotationCFDefect Pphi2.IsPphi2Limit Pphi2.continuumMeasure GaussianField.Configuration Pphi2.rotation_cf_defect_polylog_bound GaussianField.instMeasurableSpaceConfiguration Pphi2.TestFunction2 Pphi2.canonical_continuumMeasure_cf_tendsto Pphi2.ContinuumTestFunction Pphi2.euclideanAction2 Pphi2.O2
def	GaussianField.RapidDecayLattice.instTopologicalSpace	Lattice.RapidDecayLattice	GaussianField.RapidDecayLattice.latticeRapidDecaySeminorm GaussianField.RapidDecayLattice.instAddCommGroup GaussianField.RapidDecayLattice GaussianField.RapidDecayLattice.instModule
def	GaussianField.latticeCovarianceAsymGJ	Lattice.AsymCovariance	GaussianField.spectralLatticeCovarianceAsym GaussianField.AsymLatticeSites GaussianField.AsymLatticeField GaussianField.ell2'
thm	GaussianField.cylinderMassOperator_timeReflection_norm_eq_proved	Cylinder.MassOperatorEquivariance	GaussianField.NuclearTensorProduct.instModuleReal GaussianField.NuclearTensorProduct.instTopologicalSpace GaussianField.resolventSymbol_even GaussianField.CylinderTestFunction GaussianField.resolventSymbol_hasTemperateGrowth GaussianField.NuclearTensorProduct.instAddCommGroup GaussianField.cylinderTimeReflection GaussianField.cylinderMassOperator GaussianField.SmoothMap_Circle GaussianField.realFourierMultiplierCLM_even_reflection_comm GaussianField.resolventSymbol GaussianField.schwartzReflection GaussianField.ell2' GaussianField.cylinderMassOperator_norm_eq_of_temporal_action
thm	Pphi2.continuumMeasure.congr_simp	Pphi2.ContinuumLimit.Tightness	Pphi2.EuclideanPlaneBackground.SpaceTime Pphi2.planeBackground Pphi2.EuclideanPlaneBackground.dim Pphi2.continuumMeasure GaussianField.Configuration GaussianField.instMeasurableSpaceConfiguration Pphi2.ContinuumTestFunction
thm	GaussianField.RapidDecaySeq.ext	Nuclear.NuclearTensorProduct	GaussianField.RapidDecaySeq GaussianField.RapidDecaySeq.val
thm	GaussianField.latticeNorm_shift_sub_le	Lattice.Sites	GaussianField.stdBasisInt GaussianField.latticeNorm GaussianField.latticeNorm_stdBasis GaussianField.latticeNorm_triangle
thm	Pphi2.asymCanonicalSumFieldFunction_covariance	Pphi2.NelsonEstimate.AsymFieldDecomposition	Pphi2.asymCanonicalSmoothRough_cross_moment_zero GaussianField.AsymLatticeSites Pphi2.asymCanonicalBasis Pphi2.AsymCanonicalJoint Pphi2.asymCanonicalSumFieldFunction Pphi2.asymCanonicalRoughFieldFunction Pphi2.asymCanonicalEigenvalue Pphi2.asymCanonicalSmoothWeight_add_roughWeight Pphi2.asymCanonicalSmoothFieldFunction_memLp_two Pphi2.asymCanonicalRoughFieldFunction_memLp_two Pphi2.asymCanonicalRoughWeight Pphi2.asymCanonicalSmoothFieldFunction Pphi2.asymCanonicalJointMeasure Pphi2.asymCanonicalSmoothWeight Pphi2.AsymCanonicalMode Pphi2.asymCanonicalNormSq
thm	Pphi2.interacting_second_moment_eq_pathMeasure	Pphi2.AsymTorus.AsymVarianceDischarge	GaussianField.AsymLatticeSites Pphi2.asymSliceMeasurableEquiv GaussianField.measurable_evalMapAsym Pphi2.SpatialField Pphi2.asymSliceEquiv Pphi2.interactingLatticeMeasureAsym_slice_pushforward_eq_pathMeasure Pphi2.asymTransferSystem Pphi2.slicePairing_measurable Pphi2.config_pairing_eq_slice GaussianField.Configuration GaussianField.AsymLatticeField Pphi2.slicePairing GaussianField.evalMapAsym Pphi2.interactingLatticeMeasureAsym GaussianField.instMeasurableSpaceConfiguration Pphi2.asymSliceMeasurableEquiv_coe
thm	Pphi2.interactionFunctionalAsym_measurable	Pphi2.AsymTorus.AsymLatticeMeasure	GaussianField.AsymLatticeSites Pphi2.wickConstantAsym Pphi2.wickMonomial GaussianField.configuration_eval_measurable GaussianField.Configuration GaussianField.AsymLatticeField Pphi2.interactionFunctionalAsym GaussianField.instMeasurableSpaceConfiguration GaussianField.instFintypeAsymLatticeSitesOfNeZeroNat GaussianField.asymLatticeDelta Pphi2.wickPolynomial
thm	GaussianField.greenFunctionBilinear_symm	HeatKernel.Bilinear	GaussianField.DyninMityaginSpace GaussianField.HasLaplacianEigenvalues GaussianField.DyninMityaginSpace.coeff GaussianField.HasLaplacianEigenvalues.eigenvalue GaussianField.greenFunctionBilinear
thm	GaussianField.tsum_eq_of_paired_involution	HeatKernel.GreenInvariance	Lattice.toSemilatticeInf
def	GaussianHilbert.hermiteFamilyOfDegree	GaussianHilbert.WienerChaos	GaussianHilbert.MultiIndex.totalDegree GaussianHilbert.hermiteMultiEval
thm	Pphi2.canonicalSmoothInteraction_eq_sum_crossTerm_diag	Pphi2.InteractingMeasure.InteractionVariance	Pphi2.smoothWickConstant GaussianField.FinLatticeSites Pphi2.wickMonomial Pphi2.canonicalSmoothInteraction Pphi2.canonicalRoughFieldFunction Pphi2.canonicalSmoothFieldFunction Pphi2.roughWickConstant Pphi2.canonicalCrossTerm Pphi2.wickPolynomial Pphi2.CanonicalJoint
def	Pphi2.asymCanonicalSmoothFieldFunctionOfFst	Pphi2.NelsonEstimate.AsymFieldDecomposition	GaussianField.AsymLatticeSites Pphi2.asymCanonicalSmoothModeCoeff GaussianField.AsymLatticeField Pphi2.AsymCanonicalMode
def	Pphi2.asymTimeSpacing	Pphi2.AsymTorus.AsymTorusEmbedding
thm	GaussianField.RapidDecayLattice.neg_val	Lattice.RapidDecayLattice	GaussianField.RapidDecayLattice.instNeg GaussianField.RapidDecayLattice GaussianField.RapidDecayLattice.val
def	Pphi2.EuclideanPlaneBackground.inversePointAction	Pphi2.Backgrounds.EuclideanPlane	Pphi2.EuclideanPlaneBackground.SpaceTime Pphi2.EuclideanPlaneBackground.Motion.t Pphi2.EuclideanPlaneBackground.Motion.R Pphi2.EuclideanPlaneBackground.dim Pphi2.EuclideanPlaneBackground.Motion Pphi2.EuclideanPlaneBackground
thm	GaussianField.integrable_marginal	Lattice.FKG
thm	GaussianField.finLatticeBasisVec.congr_simp	Lattice.FiniteField	GaussianField.finLatticeBasisVec GaussianField.FinLatticeSites
thm	Pphi2.latticeEuclideanTimeSeparation_eq_min	Pphi2.InteractingMeasure.LatticeEuclideanTime	Pphi2.latticeEuclideanTimeSeparation
thm	Common.QFT.Euclidean.SchwingerFormulation.instIsTopologicalAddGroupNPointTestFunction	Common.QFT.Euclidean.Formulations	Common.QFT.Euclidean.SchwingerFormulation.instAddCommGroupNPointTestFunction Common.QFT.Euclidean.SchwingerFormulation.NPointTestFunction Common.QFT.Euclidean.SchwingerFormulation.instTopologicalSpaceNPointTestFunction Common.QFT.Euclidean.SchwingerFormulation
thm	Pphi2.asymMassGap_pos	Pphi2.AsymTorus.AsymPositivity	Pphi2.asymFirstExcitedEnergyLevel Pphi2.asymGroundEnergyLevel Pphi2.asymMassGap Pphi2.asymEnergyLevel_gap
thm	Common.QFT.Euclidean.MeasureToTensorBridge.compatible	Common.QFT.Euclidean.Formulations	Common.QFT.Euclidean.MeasureToTensorBridge.tensorSchwinger Common.QFT.Euclidean.PairingMeasureModel Common.QFT.Euclidean.Formulation.TestFunction Common.QFT.Euclidean.Formulation Common.QFT.Euclidean.MeasureToTensorBridge Common.QFT.Euclidean.PairingMeasureModel.pairing Common.QFT.Euclidean.TensorSchwingerModel.schwinger Common.QFT.Euclidean.PairingMeasureModel.measure Common.QFT.Euclidean.PairingMeasureModel.instMeasurableSpaceFieldConfig
thm	Pphi2.interactingMeasure_zero_smul	Pphi2.InteractingMeasure.FieldRedefinition	Pphi2.interactingMeasure GaussianField.Configuration Pphi2.interactingMeasure_zero GaussianField.instMeasurableSpaceConfiguration
def	Pphi2.physicalPosition	Pphi2.ContinuumLimit.Embedding	GaussianField.FinLatticeSites Pphi2.signedVal
thm	GaussianField.gff_wickPower_two_site_inner	GaussianField.WickMultivariate	GaussianField.gffMultiWickMonomial GaussianField.FinLatticeSites GaussianField.gffPositionCovariance GaussianField.gffSiteVariance GaussianField.latticeGaussianMeasure GaussianField.Configuration GaussianField.gffMultiWickMonomial_orthogonality GaussianField.instMeasurableSpaceConfiguration GaussianField.FinLatticeField
def	GaussianField.gffOrthonormalProj	GaussianField.StandardGaussianBridge	GaussianField.FinLatticeSites GaussianField.gffOrthonormalCoord GaussianField.Configuration GaussianField.FinLatticeField
thm	Pphi2.asymRoughError_variance	Pphi2.NelsonEstimate.AsymRoughErrorVariance	Pphi2.asymCanonicalRoughError_eq_sum_over_cross_terms Pphi2.asymCanonicalCrossTerm Pphi2.AsymCanonicalJoint Pphi2.asymCanonicalCrossTerm_l2_sq_le Pphi2.asymCanonicalRoughError Pphi2.asymCanonicalJointMeasure Lattice.toSemilatticeInf Pphi2.AsymCanonicalMode
def	Pphi2.OS2_EuclideanInvariance	Pphi2.OSAxioms	Pphi2.EuclideanPlaneBackground.SpaceTime Pphi2.FieldConfig2 Pphi2.EuclideanOS.OS2_EuclideanInvariance Pphi2.EuclideanPlaneBackground.RealTestFunction Pphi2.planeBackground Pphi2.EuclideanPlaneBackground.dim Pphi2.plane2Background GaussianField.instMeasurableSpaceConfiguration
thm	Pphi2.canonicalFullInteractionJoint_memLp	Pphi2.NelsonEstimate.RoughErrorBound	Pphi2.canonicalJointMeasure Pphi2.canonicalJointStdGaussianMeasurableEquiv Pphi2.canonicalFullInteractionJoint GaussianHilbert.stdGaussianFin GaussianHilbert.wienerChaosLE Pphi2.CanonicalJointSumIndex Pphi2.canonicalJointMeasure_map_stdGaussian GaussianHilbert.bonami_nelson_chaosLE Pphi2.CanonicalJoint
thm	Pphi2.canonicalRoughError_leading_l2_sq	Pphi2.NelsonEstimate.RoughErrorBound	Pphi2.canonicalJointMeasure Pphi2.canonicalCrossTerm_scaled_inner_sum_l2_sq Pphi2.canonicalCrossTerm Pphi2.CanonicalJoint
thm	Pphi2.canonicalRoughCovariance_pow_one_sum_le_uniform_in_aN_proved	Pphi2.NelsonEstimate.CovarianceBoundsGJ	GaussianField.latticeEigenvalue1d Pphi2.canonicalRoughCovariance GaussianField.FinLatticeSites Pphi2.canonicalRoughCovariance_eq_integral_Icc_heatKernel Pphi2.schwinger_rough GaussianField.latticeFourierProductBasisFun Pphi2.latticeHeatKernel_entry_eq_eigenvalue_average Pphi2.heatKernel_row_sum_eq_one GaussianField.latticeFourierProductNormSq GaussianField.latticeHeatKernelMatrix
thm	GaussianField.nuclear_clm_isCompact	GaussianField.NuclearSVD	GaussianField.rank1_norm_le GaussianField.finset_sum_isCompactOperator GaussianField.nuclear_clm GaussianField.ell2_basis GaussianField.ell2' GaussianField.smulRight_isCompactOperator GaussianField.inner_ell2_basis_eq_coord
thm	Pphi2.LatticeSetup.latticeRoughError_eq_sum_diff	Pphi2.NelsonEstimate.LatticeSetup	Pphi2.LatticeSetup.latticeSmoothInteraction Pphi2.smoothWickConstant GaussianField.finLatticeDelta GaussianField.FinLatticeSites Pphi2.LatticeSetup.latticeRoughError GaussianField.Configuration Pphi2.wickConstant GaussianField.FinLatticeField Pphi2.interactionFunctional Pphi2.wickPolynomial
thm	GaussianHilbert.chaosProjection_mem_wienerChaos	GaussianHilbert.WienerChaos	GaussianHilbert.chaosProjection GaussianHilbert.stdGaussianFin GaussianHilbert.wienerChaos GaussianHilbert.wienerChaos_hasOrthogonalProjection
def	Common.QFT.Euclidean.SchwingerFormulation.instTopologicalSpaceNPointTestFunction	Common.QFT.Euclidean.Formulations	Common.QFT.Euclidean.SchwingerFormulation.NPointTestFunction Common.QFT.Euclidean.SchwingerFormulation
thm	Pphi2.momentDeriv2.congr_simp	Pphi2.InteractingMeasure.U4SecondDerivBound	Pphi2.momentDeriv2 GaussianField.FinLatticeField
thm	GaussianField.heat_singular_values_bounded	HeatKernel.Axioms	GaussianField.heatSingularValue_le_one GaussianField.heatSingularValue GaussianField.heatSingularValue_pos GaussianField.IsBoundedSeq
thm	GaussianHilbert.hermiteMulti_dense	GaussianHilbert.HermitePolynomials	GaussianHilbert.isSubGaussianMeasure_pi_gaussianReal GaussianHilbert.stdGaussianFin GaussianHilbert.hermiteMultiEval GaussianHilbert.IsSubGaussianMeasure GaussianHilbert.polynomial_dense_L2_of_subGaussian
thm	GaussianField.fubini_pi_decomp	Lattice.FKG
def	Pphi2.schwingerN	Pphi2.InteractingMeasure.General	Pphi2.interactingMeasure GaussianField.Configuration GaussianField.instMeasurableSpaceConfiguration
def	GaussianHilbert.ouGenerator	GaussianHilbert.OUEigenfunctions
def	Pphi2.latticeFieldToConfig	Pphi2.NelsonEstimate.FieldDecomposition	GaussianField.FinLatticeSites GaussianField.Configuration GaussianField.FinLatticeField
thm	GaussianHilbert.stdGaussianFin_LSI	GaussianHilbert.HypercontractivityFromBE
thm	Pphi2.wickMonomial_succ_succ	Pphi2.WickOrdering.WickPolynomial	Pphi2.wickMonomial
thm	Pphi2.canonicalCrossTerm_pair_integrable	Pphi2.NelsonEstimate.RoughErrorBound	Pphi2.smoothWickConstant Pphi2.canonicalJointMeasure Pphi2.canonicalRoughFieldFunctionOfSnd Pphi2.canonicalRoughWickPower_two_site_marginal_integrable GaussianField.FinLatticeSites Pphi2.wickMonomial Pphi2.canonicalSmoothFieldFunctionOfFst Pphi2.canonicalSmoothWickPower_two_site_marginal_integrable Pphi2.canonicalRoughFieldFunction Pphi2.canonicalSmoothFieldFunction Pphi2.roughWickConstant Pphi2.canonicalCrossTerm Pphi2.CanonicalJoint
def	GaussianField.SmoothMap_Circle.fourierBasis	SmoothCircle.Basic	GaussianField.SmoothMap_Circle.fourierBasisFun_smooth GaussianField.SmoothMap_Circle.fourierBasisFun GaussianField.SmoothMap_Circle GaussianField.SmoothMap_Circle.fourierBasisFun_periodic
thm	Pphi2.schwinger_smooth_Ioi	Pphi2.NelsonEstimate.HeatKernelBound	Lattice.toSemilatticeInf
thm	GaussianField.fkg_lattice_condition_of_submodular	Lattice.FKG	GaussianField.FKGLatticeCondition GaussianField.IsSubmodular
thm	Pphi2.LatticeBridge.bridgeAxiom_of_setup	Pphi2.NelsonEstimate.LatticeBridge	Pphi2.LatticeBridge.LatticeRoughErrorSetup.hdecomp GaussianField.FinLatticeSites Pphi2.LatticeBridge.LatticeRoughErrorSetup.ψ Pphi2.LatticeBridge.LatticeRoughErrorSetup GaussianField.latticeGaussianMeasure_isProbability GaussianField.latticeGaussianMeasure GaussianField.Configuration Pphi2.BridgeFromTail.expSqNeg_lintegral_le_of_dynamical_cutoff GaussianField.instMeasurableSpaceConfiguration Pphi2.LatticeBridge.LatticeRoughErrorSetup.hV_meas GaussianField.FinLatticeField Pphi2.interactionFunctional Pphi2.LatticeBridge.LatticeRoughErrorSetup.hsmooth Pphi2.LatticeBridge.LatticeRoughErrorSetup.V_S Pphi2.LatticeBridge.LatticeRoughErrorSetup.htail Pphi2.LatticeBridge.LatticeRoughErrorSetup.E_R
struct	Pphi2.EuclideanTimeStructure	Pphi2.Backgrounds.EuclideanTime	Pphi2.EuclideanPlaneBackground
thm	GaussianField.qftEigenvalue_pos	HeatKernel.Axioms	GaussianField.qftEigenvalue GaussianField.SmoothMap_Circle.fourierFreq Lattice.toSemilatticeInf
def	Common.QFT.Euclidean.DistributionalSchwingerModel.ctorIdx	Common.QFT.Euclidean.Formulations	Common.QFT.Euclidean.DistributionalSchwingerModel Common.QFT.Euclidean.SchwingerFormulation
def	GaussianField.massOperatorMatrix	Lattice.SpectralCovariance	GaussianField.FinLatticeSites GaussianField.massOperatorEntry
thm	Pphi2.asymTorusInteractingMeasure_isProbability	Pphi2.AsymTorus.AsymTorusInteractingLimit	Pphi2.asymTorusInteractingMeasure GaussianField.NuclearTensorProduct.instModuleReal GaussianField.NuclearTensorProduct.instTopologicalSpace GaussianField.FinLatticeSites GaussianField.NuclearTensorProduct.instIsTopologicalAddGroup Pphi2.interactingLatticeMeasure_isProbability Pphi2.interactingLatticeMeasure Pphi2.asymGeomSpacing_pos GaussianField.NuclearTensorProduct.instAddCommGroup Pphi2.asymTorusEmbedLift_measurable GaussianField.Configuration GaussianField.NuclearTensorProduct.instContinuousSMulReal GaussianField.SmoothMap_Circle GaussianField.instMeasurableSpaceConfiguration Pphi2.asymTorusEmbedLift GaussianField.AsymTorusTestFunction GaussianField.FinLatticeField Pphi2.asymGeomSpacing
thm	GaussianField.normalizedGaussianDensityMeasureAsym_linearFourier	GaussianField.DensityAsym	GaussianField.AsymLatticeSites GaussianField.gaussianDensityWeightAsym GaussianField.gaussianDensityNormConstAsym GaussianField.normalizedGaussianDensityMeasureAsym GaussianField.covariance GaussianField.massEigenvectorBasisAsym GaussianField.gaussianDensityAsym GaussianField.integral_massEigenbasisAsym_cexp_GJ GaussianField.sitePairingAsym_eq_massEigenbasis_sum GaussianField.gaussianDensityAsym_measurable GaussianField.massEigenvaluesAsym GaussianField.gaussianDensityMeasureAsym GaussianField.massOperatorMatrixAsym_eigenvalues_pos GaussianField.AsymLatticeField GaussianField.instFintypeAsymLatticeSitesOfNeZeroNat GaussianField.latticeCovarianceAsymGJ GaussianField.gaussianDensityAsym_nonneg GaussianField.gaussianDensityAsym_eq_exp_spectral GaussianField.ell2' GaussianField.lattice_covariance_AsymGJ_eq_spectral
thm	GaussianField.evalTorusAtSite.congr_simp	Torus.Evaluation	GaussianField.NuclearTensorProduct.instModuleReal GaussianField.NuclearTensorProduct.instTopologicalSpace GaussianField.FinLatticeSites GaussianField.NuclearTensorProduct.instAddCommGroup GaussianField.evalTorusAtSite GaussianField.SmoothMap_Circle GaussianField.TorusTestFunction
thm	GaussianField.latticeEigenvalue1d_nonneg	Lattice.HeatKernelConvergence1d	GaussianField.latticeEigenvalue1d GaussianField.SmoothMap_Circle.fourierFreq Lattice.toSemilatticeInf
def	GaussianField.RapidDecaySeq.basisVec	Nuclear.NuclearTensorProduct	GaussianField.RapidDecaySeq
thm	GaussianField.torusConfigTranslation_continuous	Torus.Symmetry	GaussianField.NuclearTensorProduct.instModuleReal GaussianField.NuclearTensorProduct.instTopologicalSpace GaussianField.NuclearTensorProduct.instIsTopologicalAddGroup GaussianField.NuclearTensorProduct.instAddCommGroup GaussianField.torusConfigTranslation GaussianField.torusTranslation GaussianField.Configuration GaussianField.NuclearTensorProduct.instContinuousSMulReal GaussianField.SmoothMap_Circle GaussianField.TorusTestFunction
thm	Pphi2.interactingLatticeMeasureAsym_slice_pushforward_eq_pathMeasure	Pphi2.AsymTorus.AsymMeasureFactorization	Pphi2.withDensity_comp_map_measurableEquiv GaussianField.normalizedQuadraticGaussianMeasure GaussianField.AsymLatticeSites GaussianField.measure GaussianField.ell2_separableSpace Pphi2.wickConstantAsym GaussianField.gaussianDensityWeightAsym GaussianField.latticeGaussianFieldLawAsym_eq_normalizedQuadraticGaussianMeasure GaussianField.gaussianDensityNormConstAsym Pphi2.asymSliceMeasurableEquiv GaussianField.normalizedGaussianDensityMeasureAsym GaussianField.asymLatticeField_dyninMityaginSpace GaussianField.measurable_evalMapAsym Pphi2.SpatialField Pphi2.asymSliceEquiv GaussianField.evalMapAsymMeasurableEquiv Pphi2.boltzmannWeightAsym Pphi2.interactingLatticeMeasureAsym_isProbability Pphi2.asymTransferSystem GaussianField.latticeGaussianFieldLawAsym GaussianField.gaussianDensityAsym GaussianField.gaussianDensityAsym_measurable GaussianField.massEigenvaluesAsym GaussianField.normalizedGaussianDensityMeasureAsym_eq_normalizedQuadraticGaussianMeasure Pphi2.partitionFunctionAsym Pphi2.wickPolynomial_continuous₂ GaussianField.Configuration GaussianField.AsymLatticeField Pphi2.latticeGaussianMeasureAsym GaussianField.evalMapAsym Pphi2.interactingLatticeMeasureAsym Pphi2.measurePreserving_asymSliceEquiv GaussianField.instMeasurableSpaceConfiguration GaussianField.instFintypeAsymLatticeSitesOfNeZeroNat GaussianField.massOperatorAsym GaussianField.latticeCovarianceAsymGJ GaussianField.gaussianDensityAsym_nonneg Pphi2.boltzmannWeightAsym_eq_comp_evalMapAsym Pphi2.asymSliceMeasurableEquiv_coe GaussianField.ell2' Pphi2.wickPolynomial Pphi2.gaussianDensity_mul_boltzmann_eq_pathDensity
def	GaussianField.IsBoundedSeq	HeatKernel.Axioms
def	GaussianField.DyninMityaginSpace.ι	Nuclear.DyninMityagin	GaussianField.DyninMityaginSpace
thm	GaussianField.evalCLM_comp_mapCLM	Nuclear.TensorProductFunctorAxioms	GaussianField.DyninMityaginSpace GaussianField.NuclearTensorProduct.instModuleReal GaussianField.NuclearTensorProduct.instTopologicalSpace GaussianField.DyninMityaginSpace.coeff GaussianField.RapidDecaySeq GaussianField.nuclearTensorProduct_mapCLM GaussianField.RapidDecaySeq.val GaussianField.nuclearTensorProduct_mapCLM_pure GaussianField.RapidDecaySeq.instModule GaussianField.NuclearTensorProduct GaussianField.RapidDecaySeq.basisVec GaussianField.NuclearTensorProduct.instAddCommGroup GaussianField.RapidDecaySeq.rapidDecay_expansion GaussianField.DyninMityaginSpace.basis GaussianField.NuclearTensorProduct.pure GaussianField.RapidDecaySeq.instAddCommGroup GaussianField.RapidDecaySeq.instTopologicalSpace GaussianField.NuclearTensorProduct.basisVec_eq_pure GaussianField.NuclearTensorProduct.evalCLM_pure GaussianField.NuclearTensorProduct.evalCLM
def	Pphi2.canonicalRoughError	Pphi2.NelsonEstimate.RoughErrorBound	Pphi2.canonicalFullInteractionJoint Pphi2.canonicalSmoothInteraction Pphi2.CanonicalJoint
thm	Pphi2.heat_kernel_trace_bound_uniform	Pphi2.NelsonEstimate.HeatKernelBound	GaussianField.latticeEigenvalue_eq GaussianField.FinLatticeSites GaussianField.latticeLaplacianEigenvalue Pphi2.heat_kernel_1d_bound_uniform GaussianField.latticeEigenvalue
thm	GaussianField.finset_sup_poly_bound	Nuclear.NuclearSpace
def	Pphi2.wickPolynomial	Pphi2.WickOrdering.WickPolynomial	Pphi2.wickMonomial
thm	Pphi2.positiveTimeSupported_Fcos	Pphi2.OSProofs.OS3_RP_Lattice	Pphi2.pairing2D Pphi2.PositiveTimeSupported Pphi2.Fcos
def	Pphi2.CylinderMeasureReflectionPositive	Pphi2.IRLimit.CylinderOS	GaussianField.NuclearTensorProduct.instModuleReal GaussianField.NuclearTensorProduct.instTopologicalSpace GaussianField.cylinderPositiveTimeSubmodule GaussianField.CylinderTestFunction GaussianField.NuclearTensorProduct.instIsTopologicalAddGroup Pphi2.CylinderRPMatrixNonnegative GaussianField.NuclearTensorProduct.instAddCommGroup GaussianField.Configuration GaussianField.NuclearTensorProduct.instContinuousSMulReal GaussianField.SmoothMap_Circle GaussianField.instMeasurableSpaceConfiguration
def	Pphi2.connectedTwoPoint	Pphi2.OSProofs.OS4_MassGap	GaussianField.FinLatticeSites Pphi2.interactingLatticeMeasure GaussianField.Configuration GaussianField.instMeasurableSpaceConfiguration GaussianField.FinLatticeField
def	GaussianField.RapidDecayLattice.instNeg	Lattice.RapidDecayLattice	GaussianField.RapidDecayLattice GaussianField.RapidDecayLattice.val
thm	Pphi2.canonicalRoughError_perCoef_outer_l2_sq	Pphi2.NelsonEstimate.RoughErrorBound	Pphi2.canonicalJointMeasure Pphi2.integral_sq_real_sum_of_pairwise_orthogonal Pphi2.canonicalCrossTerm Pphi2.CanonicalJoint
def	Pphi2.EuclideanTimeStructure.timeAxis	Pphi2.Backgrounds.EuclideanTime	Pphi2.EuclideanPlaneBackground.SpaceTime Pphi2.EuclideanPlaneBackground.dim Pphi2.EuclideanPlaneBackground Pphi2.EuclideanTimeStructure
thm	Pphi2.wickFourth_interaction_inner_quartic	Pphi2.InteractingMeasure.InteractionFourPoint	GaussianField.FinLatticeSites Pphi2.integrable_wickFourth_wickPolynomial GaussianField.gffPositionCovariance GaussianField.latticeGaussianMeasure GaussianField.Configuration Pphi2.wickFourth_wickPolynomial_inner_quartic Pphi2.wickConstant GaussianField.instMeasurableSpaceConfiguration GaussianField.FinLatticeField GaussianField.gffSmearedCovariance Pphi2.wickPolynomial
struct	Pphi2.IsTorusGaussianContinuumLimit	Pphi2.TorusContinuumLimit.TorusGaussianLimit	GaussianField.NuclearTensorProduct.instModuleReal GaussianField.NuclearTensorProduct.instTopologicalSpace GaussianField.NuclearTensorProduct.instIsTopologicalAddGroup GaussianField.NuclearTensorProduct.instAddCommGroup GaussianField.Configuration GaussianField.NuclearTensorProduct.instContinuousSMulReal GaussianField.SmoothMap_Circle GaussianField.instMeasurableSpaceConfiguration GaussianField.TorusTestFunction
thm	GaussianField.gaussianDensity_eq_exp_spectral	Lattice.SpectralCovariance	GaussianField.massOperator_quadratic_eq_spectral GaussianField.FinLatticeSites GaussianField.massOperator GaussianField.massEigenvalues GaussianField.massEigenvectorBasis GaussianField.gaussianDensity GaussianField.FinLatticeField
def	GaussianField.ntpExtractSlice	Cylinder.PositiveTime	GaussianField.RapidDecaySeq GaussianField.RapidDecaySeq.instModule GaussianField.RapidDecaySeq.instAddCommGroup GaussianField.RapidDecaySeq.instTopologicalSpace GaussianField.ntpExtractSliceLM
def	GaussianField.circleTranslation	Torus.Symmetry	GaussianField.SmoothMap_Circle.instFunLike GaussianField.SmoothMap_Circle.instAddCommGroup GaussianField.SmoothMap_Circle.instModule GaussianField.SmoothMap_Circle GaussianField.SmoothMap_Circle.instTopologicalSpace
def	Pphi2.massGap	Pphi2.TransferMatrix.Positivity	Pphi2.groundEnergyLevel Pphi2.firstExcitedEnergyLevel
thm	Pphi2.interactingMeasure_integrable_of_bounded	Pphi2.InteractingMeasure.General	Pphi2.interactingMeasure GaussianField.Configuration GaussianField.instMeasurableSpaceConfiguration Pphi2.interactingMeasure_isProbabilityMeasure
thm	GaussianField.nuclear_clm_target_factorization	GaussianField.TargetFactorization	GaussianField.DyninMityaginSpace GaussianField.DyninMityaginSpace.expansion_H GaussianField.DyninMityaginSpace.coeff GaussianField.DyninMityaginSpace.coeff_decay GaussianField.DyninMityaginSpace.ι GaussianField.summable_one_add_rpow_neg_two GaussianField.DyninMityaginSpace.basis GaussianField.nuclear_sequence_svd GaussianField.DyninMityaginSpace.p GaussianField.ell2' GaussianField.clm_image_growth GaussianField.nuclear_ell2_embedding_from_decay Lattice.toSemilatticeInf
thm	Pphi2.smoothCovEigenvalue_pos	Pphi2.NelsonEstimate.CovarianceSplit	GaussianField.latticeEigenvalue_pos Pphi2.smoothCovEigenvalue GaussianField.latticeEigenvalue
def	Pphi2.L2SpatialField	Pphi2.TransferMatrix.L2Operator	Pphi2.SpatialField
thm	GaussianField.wick_recursive	GaussianField.Wick	GaussianField.DyninMityaginSpace GaussianField.cross_moment_eq_covariance GaussianField.measure GaussianField.gaussian_ibp_general GaussianField.Configuration GaussianField.product_integrable GaussianField.instMeasurableSpaceConfiguration GaussianField.measure_isProbability
thm	GaussianField.hilbertBasis_fintype_finiteDimensional	GaussianField.NuclearSVD
thm	Pphi2.partitionFunctionAsym_ge_one	Pphi2.AsymTorus.AsymWickMean	Pphi2.boltzmannWeightAsym_integrable GaussianField.AsymLatticeSites Pphi2.partitionFunctionAsym GaussianField.Configuration GaussianField.AsymLatticeField Pphi2.latticeGaussianMeasureAsym Pphi2.interactionFunctionalAsym GaussianField.instMeasurableSpaceConfiguration Pphi2.latticeGaussianMeasureAsym_isProbability Pphi2.interactionFunctionalAsym_mean_nonpos
thm	GaussianField.SmoothMap_Circle.norm_iteratedDeriv_le_sobolevSeminorm'	SmoothCircle.Basic	GaussianField.SmoothMap_Circle.periodic_iteratedDeriv GaussianField.SmoothMap_Circle.instFunLike GaussianField.SmoothMap_Circle.norm_iteratedDeriv_le_sobolevSeminorm GaussianField.SmoothMap_Circle.instAddCommGroup GaussianField.SmoothMap_Circle.instSMul GaussianField.SmoothMap_Circle GaussianField.SmoothMap_Circle.sobolevSeminorm Lattice.toSemilatticeInf
def	GaussianField.cylinderConfigTranslation	Cylinder.Symmetry	GaussianField.NuclearTensorProduct.instModuleReal GaussianField.NuclearTensorProduct.instTopologicalSpace GaussianField.CylinderTestFunction GaussianField.NuclearTensorProduct.instIsTopologicalAddGroup GaussianField.NuclearTensorProduct.instAddCommGroup GaussianField.Configuration GaussianField.NuclearTensorProduct.instContinuousSMulReal GaussianField.SmoothMap_Circle GaussianField.cylinderTranslation
thm	GaussianField.eigenbasis_completeness	GaussianField.WickMultivariate	GaussianField.FinLatticeSites GaussianField.massEigenvectorBasis
thm	Pphi2.EuclideanOS.generatingFunctional.congr_simp	Pphi2.ContinuumLimit.CharacteristicFunctional	Pphi2.EuclideanPlaneBackground.SpaceTime Pphi2.EuclideanPlaneBackground.RealTestFunction Pphi2.EuclideanPlaneBackground.dim Pphi2.EuclideanPlaneBackground GaussianField.instMeasurableSpaceConfiguration Pphi2.EuclideanOS.generatingFunctional Pphi2.EuclideanPlaneBackground.Distribution
def	Pphi2.transferKernel	Pphi2.TransferMatrix.TransferMatrix	Pphi2.spatialAction Pphi2.SpatialField Pphi2.wickConstant Pphi2.timeCoupling
thm	GaussianField.heatWeight_le_one	SmoothCircle.HeatSemigroup	GaussianField.circleHasLaplacianEigenvalues GaussianField.SmoothMap_Circle.instAddCommGroup GaussianField.heatWeight GaussianField.HasLaplacianEigenvalues.eigenvalue GaussianField.SmoothMap_Circle.instModule GaussianField.SmoothMap_Circle.instContinuousSMul GaussianField.HasLaplacianEigenvalues.eigenvalue_nonneg GaussianField.smoothCircle_dyninMityaginSpace GaussianField.SmoothMap_Circle.instIsTopologicalAddGroup GaussianField.SmoothMap_Circle GaussianField.SmoothMap_Circle.instTopologicalSpace
thm	Pphi2.asymCanonicalSumConfig.congr_simp	Pphi2.AsymTorus.AsymNelson	GaussianField.AsymLatticeSites Pphi2.AsymCanonicalJoint Pphi2.asymCanonicalSumConfig GaussianField.Configuration GaussianField.AsymLatticeField
thm	GaussianField.NuclearTensorProduct.instContinuousSMulReal	Nuclear.NuclearTensorProduct	GaussianField.NuclearTensorProduct.instModuleReal GaussianField.NuclearTensorProduct.instTopologicalSpace GaussianField.NuclearTensorProduct GaussianField.NuclearTensorProduct.instAddCommGroup
thm	GaussianField.gffSiteVariance.congr_simp	GaussianField.WickMultivariate	GaussianField.FinLatticeSites GaussianField.gffSiteVariance
def	Pphi2.schwartzTranslate	Pphi2.Backgrounds.EuclideanPlane	Pphi2.EuclideanPlaneBackground.SpaceTime Pphi2.planeBackground Pphi2.EuclideanPlaneBackground.translate Pphi2.ContinuumSpaceTime Pphi2.EuclideanPlaneBackground.dim Pphi2.ContinuumTestFunction
thm	Pphi2.torusInteracting_os2_translation	Pphi2.TorusContinuumLimit.TorusInteractingOS	GaussianField.NuclearTensorProduct.instModuleReal GaussianField.NuclearTensorProduct.instTopologicalSpace GaussianField.NuclearTensorProduct.instIsTopologicalAddGroup GaussianField.NuclearTensorProduct.instAddCommGroup GaussianField.Configuration GaussianField.NuclearTensorProduct.instContinuousSMulReal GaussianField.SmoothMap_Circle GaussianField.instMeasurableSpaceConfiguration Pphi2.torusInteractingMeasure GaussianField.TorusTestFunction Pphi2.TorusOS2_TranslationInvariance Pphi2.torusInteractingLimit_translation_invariant
thm	Pphi2.asymGroundVector.congr_simp	Pphi2.AsymTorus.AsymGappedTransfer	Pphi2.L2SpatialField Pphi2.SpatialField Pphi2.asymGroundVector
thm	Pphi2.partitionFn_ge_one	Pphi2.InteractingMeasure.UniformBounds	Pphi2.interactionFunctional_bounded_below GaussianField.finLatticeDelta GaussianField.FinLatticeSites Pphi2.interactionFunctional_measurable GaussianField.latticeGaussianMeasure_isProbability GaussianField.latticeGaussianMeasure GaussianField.Configuration Pphi2.wickConstant GaussianField.instMeasurableSpaceConfiguration Pphi2.interactionFunctional_integral_nonpos GaussianField.FinLatticeField Pphi2.interactionFunctional Pphi2.wickPolynomial_integral_eq_coeff_zero Pphi2.wickPolynomial
thm	Pphi2.canonicalRoughError_pointwise_decomposition	Pphi2.NelsonEstimate.RoughErrorBound	Pphi2.smoothWickConstant Pphi2.wickConstant_split GaussianField.FinLatticeSites Pphi2.wickMonomial Pphi2.canonicalRoughError_eq_sum_diff Pphi2.canonicalSumFieldFunction Pphi2.canonicalRoughFieldFunction Pphi2.canonicalSumFieldFunction_eq_smooth_plus_rough Pphi2.wickConstant Pphi2.canonicalSmoothFieldFunction Pphi2.roughWickConstant Pphi2.canonicalRoughError Pphi2.wickPolynomial_add_sub_self Pphi2.wickPolynomial Pphi2.CanonicalJoint
thm	GaussianField.SmoothMap_Circle.norm_iteratedDeriv_le_sobolevSeminorm	SmoothCircle.Basic	GaussianField.SmoothMap_Circle.instFunLike GaussianField.SmoothMap_Circle.instAddCommGroup GaussianField.SmoothMap_Circle.instSMul GaussianField.SmoothMap_Circle GaussianField.SmoothMap_Circle.sobolevSeminorm GaussianField.SmoothMap_Circle.bddAbove_norm_iteratedDeriv_image
thm	GaussianField.Matrix.IsHermitian.dotProduct_mulVec_comm	Lattice.HeatKernel
def	Pphi2.wickExpansionCoeff	Pphi2.NelsonEstimate.RoughErrorBound
thm	Pphi2.wickMonomial_three	Pphi2.WickOrdering.WickPolynomial	Pphi2.wickMonomial
def	Lattice.mk'	Mathlib.Order.Lattice	Lattice
thm	Pphi2.wickMonomial_one	Pphi2.WickOrdering.WickPolynomial	Pphi2.wickMonomial
thm	GaussianField.latticeDFTCoeff1d_flat_bound	Lattice.HeatKernelConvergence1d	GaussianField.latticeDFTCoeff1d_zero_of_ge GaussianField.SmoothMap_Circle.instFunLike GaussianField.latticeFourierBasisFun GaussianField.SmoothMap_Circle.instAddCommGroup GaussianField.SmoothMap_Circle.norm_iteratedDeriv_le_sobolevSeminorm' GaussianField.circleRestriction GaussianField.SmoothMap_Circle.instSMul GaussianField.circleRestriction_apply GaussianField.SmoothMap_Circle.instModule GaussianField.SmoothMap_Circle GaussianField.latticeDFTCoeff1d GaussianField.circleSpacing GaussianField.SmoothMap_Circle.sobolevSeminorm_nonneg GaussianField.SmoothMap_Circle.sobolevSeminorm GaussianField.SmoothMap_Circle.instTopologicalSpace GaussianField.circlePoint Lattice.toSemilatticeInf
thm	GaussianField.RapidDecayLattice.ext	Lattice.RapidDecayLattice	GaussianField.RapidDecayLattice GaussianField.latticeNorm GaussianField.RapidDecayLattice.val
thm	Pphi2.asymTransferOperatorCLM_pow_groundVector	Pphi2.AsymTorus.AsymTraceBridge	Pphi2.L2SpatialField Pphi2.asymTransferOperatorCLM_groundVector Pphi2.SpatialField Pphi2.asymGroundVector Pphi2.asymTransferGroundEigenvalue Pphi2.asymTransferOperatorCLM
thm	GaussianField.heatKernelBilinear_tendsto_l2	HeatKernel.Bilinear	GaussianField.DyninMityaginSpace GaussianField.l2InnerProduct GaussianField.HasLaplacianEigenvalues GaussianField.DyninMityaginSpace.coeff GaussianField.HasLaplacianEigenvalues.eigenvalue GaussianField.HasLaplacianEigenvalues.eigenvalue_nonneg GaussianField.heatKernelBilinear GaussianField.l2InnerProduct_summable Lattice.toSemilatticeInf
thm	Pphi2.asymTransferOperator_ground_simple_spectral	Pphi2.AsymTorus.AsymJentzsch	Pphi2.L2SpatialField Pphi2.SpatialField Pphi2.asymTransferOperator_spectral Pphi2.asymTransferOperator_ground_simple Pphi2.asymTransferOperatorCLM
thm	GaussianField.ell2_not_finiteDimensional	GaussianField.NuclearSVD	GaussianField.ell2_basis GaussianField.ell2_basis_orthonormal GaussianField.ell2'
def	Pphi2.asymLatticeTestFnIso	Pphi2.AsymTorus.AsymTorusEmbeddingIso	GaussianField.NuclearTensorProduct.instModuleReal GaussianField.NuclearTensorProduct.instTopologicalSpace GaussianField.AsymLatticeSites Pphi2.evalAsymTorusAtSiteGJ GaussianField.NuclearTensorProduct.instAddCommGroup GaussianField.AsymLatticeField GaussianField.SmoothMap_Circle GaussianField.AsymTorusTestFunction
thm	Pphi2.continuumMeasures_tight	Pphi2.ContinuumLimit.Tightness	Pphi2.EuclideanPlaneBackground.SpaceTime GaussianField.schwartz_dyninMityaginSpace Pphi2.planeBackground Pphi2.continuumMeasure_isProbability Pphi2.EuclideanPlaneBackground.dim Pphi2.continuum_second_moment_uniform Pphi2.continuumMeasure GaussianField.Configuration GaussianField.instMeasurableSpaceConfiguration Pphi2.ContinuumTestFunction GaussianField.configuration_tight_of_uniform_second_moments
thm	GaussianField.realFourierMultiplierCLM_translation_comm	Cylinder.FourierMultiplier	GaussianField.fourierMultiplierCLM_translation_comm GaussianField.realFourierMultiplierCLM GaussianField.schwartzToComplex GaussianField.schwartzTranslation GaussianField.schwartzToReal
thm	GaussianField.NuclearSpace.nuclear_dominance	Nuclear.NuclearSpace	GaussianField.NuclearSpace
def	GaussianField.latticeTranslationLM	Lattice.Symmetry	GaussianField.FinLatticeSites GaussianField.latticeTranslationFun GaussianField.FinLatticeField
thm	Pphi2.latticeInteraction_single_site	Pphi2.InteractingMeasure.LatticeAction	GaussianField.FinLatticeSites Pphi2.wickConstant GaussianField.FinLatticeField Pphi2.wickPolynomial Pphi2.latticeInteraction
def	GaussianField.schwartz_dyninMityaginSpace	SchwartzNuclear.HermiteNuclear	GaussianField.DyninMityaginSpace GaussianField.DyninMityaginSpace.ofRapidDecayEquiv GaussianField.schwartzRapidDecayEquiv
def	GaussianField.RapidDecaySeq.ctorIdx	Nuclear.NuclearTensorProduct	GaussianField.RapidDecaySeq
thm	Pphi2.gaussian_exp_abs_moment	Pphi2.TorusContinuumLimit.TorusInteractingOS	Lattice.toSemilatticeSup GaussianField.finLatticeField_dyninMityaginSpace GaussianField.measure GaussianField.ell2_separableSpace GaussianField.second_moment_eq_covariance GaussianField.FinLatticeSites GaussianField.latticeCovarianceGJ GaussianField.pairing_is_gaussian GaussianField.latticeGaussianMeasure GaussianField.configuration_eval_measurable GaussianField.Configuration GaussianField.circleSpacing GaussianField.instMeasurableSpaceConfiguration GaussianField.ell2' GaussianField.FinLatticeField GaussianField.circleSpacing_pos
thm	GaussianField.RapidDecaySeq.finset_sup_rapidDecaySeminorm_le	Nuclear.NuclearTensorProduct	GaussianField.RapidDecaySeq.rapidDecaySeminorm_mono Lattice.toSemilatticeSup GaussianField.RapidDecaySeq.rapidDecaySeminorm GaussianField.RapidDecaySeq GaussianField.RapidDecaySeq.instSMul GaussianField.RapidDecaySeq.instModule GaussianField.RapidDecaySeq.instAddCommGroup
def	GaussianField.timeReflectSites	Torus.Evaluation	GaussianField.FinLatticeSites
def	GaussianField.finiteLaplacianAsym	Lattice.AsymCovariance	GaussianField.AsymLatticeSites GaussianField.finiteLaplacianAsymLM GaussianField.AsymLatticeField
def	GaussianHilbert.ouAffine	GaussianHilbert.OUEigenfunctions	GaussianHilbert.ouNoise GaussianHilbert.ouScale
thm	GaussianField.measurable_marginal_lintegral	Lattice.FKG
thm	Pphi2.canonicalSmoothFieldFunction_smul	Pphi2.NelsonEstimate.FieldDecomposition	GaussianField.FinLatticeSites Pphi2.canonicalSmoothFieldFunction Pphi2.CanonicalJoint
thm	Pphi2.connectedFourPoint_interactingLatticeMeasure_eq_u4_one	Pphi2.InteractingMeasure.U4AffineBound	GaussianField.FinLatticeSites Pphi2.connectedFourPoint Pphi2.integral_pow_interactingLatticeMeasure Pphi2.interactingLatticeMeasure GaussianField.Configuration Pphi2.normalizedMoment GaussianField.instMeasurableSpaceConfiguration Pphi2.u4 GaussianField.FinLatticeField
def	Pphi2.asymCanonicalJointMeasure	Pphi2.NelsonEstimate.AsymFieldDecomposition	Pphi2.AsymCanonicalJoint Pphi2.AsymCanonicalMode
thm	Pphi2.AsymTorusSequenceHasCylinderOS2Symmetry.of_torusOS	Pphi2.IRLimit.CylinderOS	GaussianField.NuclearTensorProduct.instModuleReal GaussianField.NuclearTensorProduct.instTopologicalSpace Pphi2.AsymSatisfiesTorusOS.os2_translation Pphi2.AsymSatisfiesTorusOS GaussianField.NuclearTensorProduct.instIsTopologicalAddGroup GaussianField.asymTorusTranslation GaussianField.NuclearTensorProduct.instAddCommGroup Pphi2.AsymTorusSequenceHasCylinderOS2Symmetry GaussianField.Configuration GaussianField.NuclearTensorProduct.instContinuousSMulReal GaussianField.SmoothMap_Circle GaussianField.instMeasurableSpaceConfiguration GaussianField.AsymTorusTestFunction Pphi2.AsymSatisfiesTorusOS.os2_timeReflection GaussianField.asymTorusTimeReflection
def	Pphi2.smoothVarianceConstant	Pphi2.NelsonEstimate.CovarianceSplit
thm	GaussianField.summable_one_add_rpow_neg_two	GaussianField.NuclearFactorization
thm	Pphi2.anomaly_bound_from_superrenormalizability	Pphi2.OSProofs.OS2_WardIdentity	Pphi2.EuclideanPlaneBackground.SpaceTime Pphi2.generatingFunctional Pphi2.planeBackground Pphi2.continuumMeasure_isProbability Pphi2.EuclideanPlaneBackground.dim Pphi2.rotationCFDefect Pphi2.continuumMeasure Pphi2.rotation_cf_defect_polylog_bound Pphi2.TestFunction2 Pphi2.euclideanAction2 Pphi2.O2
thm	Pphi2.pphi2_exists_os_and_massParameter_positive	Pphi2.Main	Pphi2.EuclideanPlaneBackground.SpaceTime Pphi2.SatisfiesFullOS Pphi2.planeBackground Pphi2.EuclideanPlaneBackground.dim Pphi2.massParameter_positive Pphi2.pphi2_exists GaussianField.Configuration GaussianField.instMeasurableSpaceConfiguration Pphi2.ContinuumTestFunction
thm	GaussianField.integrable_wickMonomial_smeared_mul	GaussianField.WickMultivariate	GaussianField.gffMultiWickMonomial GaussianField.FinLatticeSites GaussianField.gffSmearedCoeff GaussianField.latticeGaussianMeasure GaussianField.Configuration GaussianField.instMeasurableSpaceConfiguration GaussianField.FinLatticeField
thm	Pphi2.evalAsymAtFinSiteGJ.congr_simp	Pphi2.AsymTorus.AsymTorusEmbedding	GaussianField.NuclearTensorProduct.instModuleReal GaussianField.NuclearTensorProduct.instTopologicalSpace GaussianField.FinLatticeSites GaussianField.NuclearTensorProduct.instAddCommGroup Pphi2.evalAsymAtFinSiteGJ GaussianField.SmoothMap_Circle GaussianField.AsymTorusTestFunction
def	Pphi2.DynamicalCutoff.degreeCutoffPower	Pphi2.NelsonEstimate.DynamicalCutoff
def	Pphi2.interactingMeasure	Pphi2.InteractingMeasure.General	Pphi2.interactingPartitionFunction Pphi2.interactingBoltzmannWeight GaussianField.Configuration GaussianField.instMeasurableSpaceConfiguration
thm	GaussianField.euclideanSnoc_init_last	SchwartzNuclear.SchwartzSlicing	GaussianField.euclideanSnoc GaussianField.euclideanInit
def	Lattice.copy	Mathlib.Order.Copy	Lattice Lattice.toSemilatticeSup Lattice.toSemilatticeInf
thm	GaussianField.RapidDecaySeq.neg_val	Nuclear.NuclearTensorProduct	GaussianField.RapidDecaySeq GaussianField.RapidDecaySeq.val GaussianField.RapidDecaySeq.instNeg
thm	GaussianField.configBasisEval_injective	GaussianField.ConfigurationEmbedding	GaussianField.DyninMityaginSpace GaussianField.DyninMityaginSpace.coeff GaussianField.DyninMityaginSpace.expansion GaussianField.Configuration GaussianField.DyninMityaginSpace.basis GaussianField.configBasisEval
thm	GaussianField.negLaplacian1d_sin_eigenvector	Lattice.CirculantDFT	Lattice.toSemilatticeInf
def	GaussianField.inverseResolventMultiplierCLM	Cylinder.FourierMultiplier	GaussianField.inverseResolventSymbol_hasTemperateGrowth GaussianField.inverseResolventSymbol GaussianField.realFourierMultiplierCLM
def	Pphi2.canonicalStdToFieldLinearMap	Pphi2.NelsonEstimate.FieldDecomposition	GaussianField.FinLatticeSites Pphi2.CanonicalJointSumIndex GaussianField.FinLatticeField Pphi2.canonicalStdFieldFunction
thm	Pphi2.asymCanonicalRoughFieldFunction_eq_of_snd	Pphi2.NelsonEstimate.AsymFieldDecomposition	Pphi2.asymCanonicalRoughFieldFunctionOfSnd GaussianField.AsymLatticeSites Pphi2.asymCanonicalRoughFieldFunction Pphi2.AsymCanonicalMode
def	Pphi2.spatialPotential	Pphi2.TransferMatrix.TransferMatrix	Pphi2.SpatialField Pphi2.wickPolynomial
thm	Pphi2.canonicalSmoothCovariance.congr_simp	Pphi2.NelsonEstimate.FieldDecomposition	Pphi2.canonicalSmoothCovariance GaussianField.FinLatticeSites
thm	Pphi2.sub_timeTranslationVector2_eq_timeShift_neg	Pphi2.Backgrounds.EuclideanPlane2D	Pphi2.planeBackground Pphi2.timeTranslationVector2 Pphi2.EuclideanPlaneBackground.dim Pphi2.SpaceTime2 Pphi2.timeTranslationVector2_ofLp_one Pphi2.timeTranslationVector2_ofLp_zero
thm	GaussianField.resolventMultiplierCLM_injective	Cylinder.FourierMultiplier	GaussianField.resolventSymbol_even GaussianField.resolventSymbol_pos GaussianField.resolventSymbol_hasTemperateGrowth GaussianField.fourierMultiplier_preserves_real GaussianField.schwartzToComplex GaussianField.resolventMultiplierCLM GaussianField.resolventSymbol GaussianField.schwartzToReal
def	Pphi2.EuclideanTimeStructure.timeTranslateOnComplexTestFunctions	Pphi2.Backgrounds.EuclideanTime	Pphi2.EuclideanPlaneBackground.SpaceTime Pphi2.EuclideanTimeStructure.timeTranslation Pphi2.EuclideanPlaneBackground.translateComplex Pphi2.EuclideanPlaneBackground.dim Pphi2.EuclideanPlaneBackground Pphi2.EuclideanTimeStructure Pphi2.EuclideanPlaneBackground.ComplexTestFunction
def	Common.QFT.Euclidean.SchwingerFormulation.ctorIdx	Common.QFT.Euclidean.Formulations	Common.QFT.Euclidean.SchwingerFormulation
thm	Pphi2.asymTransferKernel_measurable	Pphi2.AsymTorus.AsymTransferInstantiation	Pphi2.asymTransferWeight_measurable Pphi2.SpatialField Pphi2.asymTransferKernel Pphi2.continuous_transferGaussian Pphi2.asymTransferWeight Pphi2.transferGaussian
struct	Pphi2.AsymSatisfiesTorusOS	Pphi2.AsymTorus.AsymTorusOS	GaussianField.NuclearTensorProduct.instModuleReal GaussianField.NuclearTensorProduct.instTopologicalSpace GaussianField.NuclearTensorProduct.instIsTopologicalAddGroup GaussianField.NuclearTensorProduct.instAddCommGroup GaussianField.Configuration GaussianField.NuclearTensorProduct.instContinuousSMulReal GaussianField.SmoothMap_Circle GaussianField.instMeasurableSpaceConfiguration GaussianField.AsymTorusTestFunction
thm	GaussianField.gaussianDensityWeight_toReal	GaussianField.Density	GaussianField.gaussianDensity_nonneg GaussianField.gaussianDensityWeight GaussianField.gaussianDensity GaussianField.FinLatticeField
thm	GaussianField.compact_selfAdjoint_orthogonalComplement_iSup_eigenspaces_eq_bot	GaussianField.SpectralTheorem
thm	Pphi2.asymInteractingVariance_le_freeVariance_Lt_uniform	Pphi2.AsymTorus.AsymExpMomentDischarge	GaussianField.NuclearTensorProduct.instModuleReal GaussianField.NuclearTensorProduct.instTopologicalSpace GaussianField.AsymLatticeSites Pphi2.asymTorusEmbedLiftIso_measurable Pphi2.asymTorusEmbedLiftIso_eval_eq GaussianField.NuclearTensorProduct.instIsTopologicalAddGroup Pphi2.asymLatticeTestFnIso Pphi2.asymTorusEmbedLiftIso GaussianField.NuclearTensorProduct.instAddCommGroup Pphi2.asymTorusInteractingMeasureIso GaussianField.configuration_eval_measurable GaussianField.Configuration GaussianField.NuclearTensorProduct.instContinuousSMulReal GaussianField.AsymLatticeField GaussianField.SmoothMap_Circle Pphi2.latticeGaussianMeasureAsym Pphi2.interactingLatticeMeasureAsym GaussianField.instMeasurableSpaceConfiguration Pphi2.asymInteractingVariance_le_freeVariance_lattice_Lt_uniform GaussianField.AsymTorusTestFunction
thm	GaussianField.sum_sin_zmod_int_eq_zero	Lattice.CirculantDFT	GaussianField.sum_sin_zmod_eq_zero
thm	GaussianField.DyninMityaginSpace.basis_growth	Nuclear.DyninMityagin	GaussianField.DyninMityaginSpace GaussianField.DyninMityaginSpace.ι GaussianField.DyninMityaginSpace.basis GaussianField.DyninMityaginSpace.p
thm	Pphi2.EuclideanOS.SatisfiesFullOS.os1	Pphi2.EuclideanOS	Pphi2.EuclideanPlaneBackground.SpaceTime Pphi2.EuclideanPlaneBackground.RealTestFunction Pphi2.EuclideanOS.SatisfiesFullOS Pphi2.EuclideanPlaneBackground.dim Pphi2.EuclideanPlaneBackground Pphi2.EuclideanTimeStructure GaussianField.instMeasurableSpaceConfiguration Pphi2.EuclideanOS.OS1_Regularity Pphi2.EuclideanPlaneBackground.Distribution
thm	Pphi2.asymCanonicalSmoothRough_cross_moment_zero	Pphi2.NelsonEstimate.AsymFieldDecomposition	GaussianField.AsymLatticeSites Pphi2.asymCanonicalRoughModeCoeff Pphi2.AsymCanonicalJoint Pphi2.asymCanonicalSmoothModeCoeff Pphi2.asymCanonicalRoughFieldFunction Pphi2.asymCanonicalSmoothFieldFunction Pphi2.asymCanonicalJointMeasure Pphi2.AsymCanonicalMode
thm	GaussianField.SmoothMap_Circle.fourierCoeffReal_fourierBasis	SmoothCircle.Basic	GaussianField.SmoothMap_Circle.instFunLike GaussianField.SmoothMap_Circle.fourierBasis GaussianField.SmoothMap_Circle.fourierBasisFun_smooth GaussianField.SmoothMap_Circle.fourierCoeffReal GaussianField.SmoothMap_Circle.fourierBasisFun GaussianField.SmoothMap_Circle Lattice.toSemilatticeInf
thm	GaussianField.schwartzRapidDecayEquiv1D_symm_apply	SchwartzNuclear.HermiteTensorProduct	GaussianField.RapidDecaySeq GaussianField.RapidDecaySeq.val GaussianField.RapidDecaySeq.instModule GaussianField.RapidDecaySeq.instAddCommGroup GaussianField.RapidDecaySeq.instTopologicalSpace GaussianField.schwartzRapidDecayEquiv1D
thm	GaussianField.dft_expansion	Lattice.CirculantDFT	GaussianField.latticeFourierBasisFun GaussianField.latticeFourierBasisFun_orthogonal GaussianField.latticeFourierNormSq GaussianField.latticeFourierNormSq_pos GaussianField.latticeFourierBasisFun_linearIndependent GaussianField.latticeFourierBasisFun_span_eq_top
thm	GaussianField.IsBoundedSeq.mul	HeatKernel.Axioms	Lattice.toSemilatticeInf GaussianField.IsBoundedSeq
axiom	Pphi2.asymInteracting_mgf_gaussianDominated	Pphi2.AsymTorus.AsymExpMomentDischarge	GaussianField.AsymLatticeSites GaussianField.Configuration GaussianField.AsymLatticeField Pphi2.interactingLatticeMeasureAsym GaussianField.instMeasurableSpaceConfiguration
thm	Pphi2.quarticPiecewiseTail_layerCake_lt_top	Pphi2.NelsonEstimate.PolynomialChaosBridge	Pphi2.DynamicalCutoff.dynamicalCutoffScale_eq_exp Pphi2.IntegrabilityHelpers.lintegral_layer_cake_lt_top_of_eventual_decay Pphi2.ChaosTailBridge.chaosTailConstant_pos Pphi2.DynamicalCutoff.dynamicalCutoffScale_pos Pphi2.DynamicalCutoff.dynamicalCutoffScale Pphi2.ChaosTailBridge.chaosTailConstant Lattice.toSemilatticeInf
thm	Pphi2.asymCanonicalCrossTerm_sq_integrable	Pphi2.NelsonEstimate.AsymCrossTermL2Identity	Pphi2.asymCanonicalRoughFieldFunctionOfSnd GaussianField.AsymLatticeSites Pphi2.asymCanonicalRoughWickConstant Pphi2.asymCanonicalCrossTerm Pphi2.AsymCanonicalJoint Pphi2.asymCanonicalRoughWickPower_two_site_marginal_integrable Pphi2.wickMonomial Pphi2.asymCanonicalSmoothWickPower_two_site_marginal_integrable Pphi2.asymCanonicalRoughFieldFunction Pphi2.asymCanonicalSmoothFieldFunctionOfFst Pphi2.asymSmoothWickConstant GaussianField.instFintypeAsymLatticeSitesOfNeZeroNat Pphi2.asymCanonicalSmoothFieldFunction Pphi2.asymCanonicalJointMeasure Pphi2.AsymCanonicalMode
thm	Pphi2.EuclideanPlaneBackground.translateComplex_apply	Pphi2.Backgrounds.EuclideanPlane	Pphi2.EuclideanPlaneBackground.SpaceTime Pphi2.EuclideanPlaneBackground.inversePointAction Pphi2.EuclideanPlaneBackground.translateComplex Pphi2.EuclideanPlaneBackground.dim Pphi2.EuclideanPlaneBackground.translationMotion Pphi2.EuclideanPlaneBackground.actionComplex_apply Pphi2.EuclideanPlaneBackground Pphi2.EuclideanPlaneBackground.actionComplex Pphi2.EuclideanPlaneBackground.ComplexTestFunction Pphi2.EuclideanPlaneBackground.inversePointAction_translationMotion
thm	GaussianField.spectral_eq_site_bilinear	Lattice.SpectralCovariance	GaussianField.FinLatticeSites GaussianField.massEigenvalues GaussianField.massEigenvectorBasis GaussianField.FinLatticeField
thm	GaussianField.eval_map_eq_gaussianReal	Pphi2.TorusContinuumLimit.MeasureUniqueness	GaussianField.configuration_eval_measurable GaussianField.Configuration GaussianField.mgf_at_scaled GaussianField.instMeasurableSpaceConfiguration Lattice.toSemilatticeInf
def	Pphi2.asymCanonicalSumConfig	Pphi2.NelsonEstimate.AsymFieldDecomposition	GaussianField.AsymLatticeSites Pphi2.AsymCanonicalJoint Pphi2.asymCanonicalSumFieldFunction GaussianField.Configuration GaussianField.AsymLatticeField Pphi2.asymLatticeFieldToConfig
def	GaussianField.normalizedQuadraticGaussianMeasure	GaussianField.Density	GaussianField.quadraticGaussianMeasure
thm	GaussianField.CylinderSpacetimeSymmetry.toCLM_comp_inverse	Cylinder.GreenFunction	GaussianField.NuclearTensorProduct.instModuleReal GaussianField.NuclearTensorProduct.instTopologicalSpace GaussianField.CylinderSpacetimeSymmetry.toCLM GaussianField.CylinderSpacetimeSymmetry GaussianField.CylinderTestFunction GaussianField.NuclearTensorProduct.instAddCommGroup GaussianField.SmoothMap_Circle GaussianField.CylinderSpacetimeSymmetry.inverse
thm	Pphi2.cylinderIso_OS_of_RP_OS2	Pphi2.AsymTorus.AsymContinuumLimit	GaussianField.NuclearTensorProduct.instModuleReal GaussianField.NuclearTensorProduct.instTopologicalSpace GaussianField.cylinderPositiveTimeSubmodule Pphi2.routeBPrimeIso_cylinder_OS GaussianField.AsymLatticeSites GaussianField.cylinderSpatialTranslation GaussianField.CylinderTestFunction GaussianField.NuclearTensorProduct.instIsTopologicalAddGroup Pphi2.asymLatticeTestFnIso GaussianField.NuclearTensorProduct.instAddCommGroup Pphi2.AsymTorusSequenceHasCylinderOS2Symmetry GaussianField.cylinderTimeReflection Pphi2.cylinderPullbackMeasure Pphi2.asymTorusInteractingMeasureIso GaussianField.Configuration GaussianField.NuclearTensorProduct.instContinuousSMulReal GaussianField.AsymLatticeField GaussianField.SmoothMap_Circle Pphi2.latticeGaussianMeasureAsym GaussianField.instMeasurableSpaceConfiguration Pphi2.asymInteracting_expMoment_volume_uniform GaussianField.AsymTorusTestFunction Pphi2.CylinderMeasureSequenceEventuallyReflectionPositive GaussianField.cylinderTranslation
thm	Pphi2.moment_tendsto_of_uniform	Pphi2.TorusContinuumLimit.TorusInteractingMoments	GaussianField.NuclearTensorProduct.instModuleReal Lattice.toSemilatticeSup GaussianField.NuclearTensorProduct.instTopologicalSpace GaussianField.NuclearTensorProduct.instIsTopologicalAddGroup GaussianField.NuclearTensorProduct.instAddCommGroup GaussianField.Configuration GaussianField.NuclearTensorProduct.instContinuousSMulReal GaussianField.SmoothMap_Circle GaussianField.instMeasurableSpaceConfiguration GaussianField.TorusTestFunction Lattice.toSemilatticeInf
thm	Pphi2.memLp_pairing_pow_mul_interaction_pow	Pphi2.InteractingMeasure.FreeMomentBound	GaussianField.FinLatticeSites Pphi2.interactionFunctional_measurable Pphi2.integrable_pow_pairing GaussianField.latticeGaussianMeasure GaussianField.configuration_eval_measurable GaussianField.Configuration GaussianField.instMeasurableSpaceConfiguration Pphi2.interactionFunctional_pow_integrable GaussianField.FinLatticeField Pphi2.interactionFunctional
thm	Pphi2.asymCanonicalRoughFieldFunctionOfSnd_eq_sum_gamma	Pphi2.NelsonEstimate.AsymCrossTermL2Identity	Pphi2.asymCanonicalRoughFieldFunctionOfSnd GaussianField.AsymLatticeSites Pphi2.asymCanonicalRoughModeCoeff Pphi2.asymCanonicalRoughGamma Pphi2.AsymCanonicalMode
thm	Pphi2.canonicalRoughError_moment_le	Pphi2.NelsonEstimate.RoughErrorBound	Pphi2.canonicalJointMeasure Pphi2.canonicalJointStdGaussianMeasurableEquiv GaussianHilbert.stdGaussianFin GaussianHilbert.wienerChaosLE Pphi2.CanonicalJointSumIndex Pphi2.canonicalJointMeasure_map_stdGaussian Pphi2.canonicalRoughError Pphi2.chaosLE_moment_le Pphi2.CanonicalJoint
def	GaussianField.ntpExtractSliceLM	Cylinder.PositiveTime	GaussianField.ntpExtractSliceFun GaussianField.RapidDecaySeq GaussianField.RapidDecaySeq.instModule GaussianField.RapidDecaySeq.instAddCommGroup
thm	GaussianField.gaussian_even_moment_pow_eq_doubleFactorial	GaussianField.HypercontractiveNat	GaussianField.gaussian_even_moment_eq_doubleFactorial
def	Pphi2.EuclideanTimeStructure.reflectOnComplexTestFunctions	Pphi2.Backgrounds.EuclideanTime	Pphi2.EuclideanPlaneBackground.SpaceTime Pphi2.EuclideanPlaneBackground.dim Pphi2.EuclideanPlaneBackground Pphi2.EuclideanTimeStructure Pphi2.EuclideanTimeStructure.reflectCLE Pphi2.EuclideanPlaneBackground.ComplexTestFunction
thm	GaussianField.SmoothMap_Circle.smooth'	SmoothCircle.Basic	GaussianField.SmoothMap_Circle.toFun GaussianField.SmoothMap_Circle
thm	GaussianField.lattice_green_tendsto_continuum_pure	Lattice.Convergence	GaussianField.NuclearTensorProduct.instModuleReal GaussianField.NuclearTensorProduct.instTopologicalSpace GaussianField.covariance GaussianField.latticeCovariance GaussianField.circleHasLaplacianEigenvalues GaussianField.NuclearTensorProduct.dyninMityaginSpace GaussianField.SmoothMap_Circle.instAddCommGroup GaussianField.FinLatticeSites GaussianField.NuclearTensorProduct.instIsTopologicalAddGroup GaussianField.tensorProductHasLaplacianEigenvalues GaussianField.latticeDFTCoeff1d_quadratic_bound GaussianField.NuclearTensorProduct.instAddCommGroup GaussianField.evalTorusAtSite GaussianField.SmoothMap_Circle.instModule GaussianField.SmoothMap_Circle.instContinuousSMul GaussianField.smoothCircle_dyninMityaginSpace GaussianField.SmoothMap_Circle.instIsTopologicalAddGroup GaussianField.NuclearTensorProduct.instContinuousSMulReal GaussianField.NuclearTensorProduct.pure GaussianField.SmoothMap_Circle GaussianField.latticeDFTCoeff1d GaussianField.circleSpacing GaussianField.ell2' GaussianField.FinLatticeField GaussianField.TorusTestFunction GaussianField.SmoothMap_Circle.instTopologicalSpace GaussianField.greenFunctionBilinear GaussianField.circleSpacing_pos
def	GaussianField.nuclearTensorProduct_mapCLM_general	Nuclear.GeneralMapCLM	GaussianField.DyninMityaginSpace GaussianField.NuclearTensorProduct.instModuleReal GaussianField.NuclearTensorProduct.instTopologicalSpace GaussianField.NuclearTensorProduct GaussianField.NuclearTensorProduct.instAddCommGroup
def	GaussianField.InfLatticeSites	Lattice.Sites
def	GaussianField.schwartz_slice_partial	SchwartzNuclear.SchwartzSlicing	GaussianField.euclideanSnoc
def	GaussianField.periodizeCLM	SchwartzNuclear.Periodization	GaussianField.periodizeLM GaussianField.SmoothMap_Circle.instAddCommGroup GaussianField.SmoothMap_Circle.instModule GaussianField.SmoothMap_Circle GaussianField.SmoothMap_Circle.instTopologicalSpace
thm	Pphi2.asymSliceObsTruncContract.congr_simp	Pphi2.AsymTorus.AsymBridgeInstance	Pphi2.SpatialField Pphi2.asymSliceObsTruncContract
def	GaussianField.SmoothMap_Circle.ctorIdx	SmoothCircle.Basic	GaussianField.SmoothMap_Circle
thm	GaussianField.spectralLatticeCovarianceAsym_inner	Lattice.AsymCovariance	GaussianField.spectralLatticeCovarianceAsym GaussianField.AsymLatticeSites GaussianField.massEigenvectorBasisAsym GaussianField.massEigenvaluesAsym GaussianField.massOperatorMatrixAsym_eigenvalues_pos GaussianField.AsymLatticeField GaussianField.instFintypeAsymLatticeSitesOfNeZeroNat GaussianField.ell2' Lattice.toSemilatticeInf
thm	GaussianField.negLaplacian1d_cos_eigenvalue	Lattice.CirculantDFT	GaussianField.massOperatorMatrix GaussianField.FinLatticeSites GaussianField.massOperator GaussianField.massOperator_eq_matrix_mulVec GaussianField.finiteLaplacian GaussianField.FinLatticeField GaussianField.negLaplacianMatrix
thm	GaussianField.charFunDualAsym_eq_site_integral	GaussianField.DensityAsym	GaussianField.AsymLatticeSites GaussianField.strongDualAsym_apply_eq_site_sum GaussianField.strongDualToFieldAsym GaussianField.AsymLatticeField GaussianField.instFintypeAsymLatticeSitesOfNeZeroNat
def	GaussianField.latticeCovarianceGJ	Lattice.Covariance	GaussianField.latticeCovariance GaussianField.FinLatticeSites GaussianField.ell2' GaussianField.FinLatticeField
def	GaussianField.massMatrixHerm	Lattice.SpectralCovariance	GaussianField.massOperatorMatrix_isHermitian GaussianField.massOperatorMatrix GaussianField.FinLatticeSites
def	Pphi2.planeBackground	Pphi2.Backgrounds.EuclideanPlane	Pphi2.EuclideanPlaneBackground
def	GaussianField.multiIndicesUpToDegree	GaussianField.WickMultivariate	GaussianField.FinLatticeSites
def	Pphi2.fieldToSites	Pphi2.OSProofs.OS3_RP_Lattice	Pphi2.siteEquiv GaussianField.FinLatticeSites GaussianField.FinLatticeField
thm	GaussianField.periodize_sobolevSeminorm_le	SchwartzNuclear.Periodization	GaussianField.periodizeFun GaussianField.SmoothMap_Circle.instFunLike GaussianField.periodize_summable GaussianField.SmoothMap_Circle.Icc_nonempty GaussianField.SmoothMap_Circle.instAddCommGroup GaussianField.SmoothMap_Circle.instSMul GaussianField.SmoothMap_Circle GaussianField.periodizeSmoothCircle GaussianField.SmoothMap_Circle.sobolevSeminorm Lattice.toSemilatticeInf
thm	GaussianField.DyninMityaginSpace.h_countable	Nuclear.DyninMityagin	GaussianField.DyninMityaginSpace GaussianField.DyninMityaginSpace.ι
thm	GaussianField.gaussianDensityNormConstAsym.congr_simp	GaussianField.DensityAsym	GaussianField.gaussianDensityNormConstAsym
thm	Pphi2.continuous_asymTransferWeight	Pphi2.AsymTorus.AsymL2Operator	Pphi2.spatialAction Pphi2.wickConstantAsym Pphi2.SpatialField Pphi2.asymTransferWeight Pphi2.spatialKinetic Pphi2.wickMonomial Pphi2.spatialPotential Pphi2.wickPolynomial
def	Pphi2.canonicalJointMeasure	Pphi2.NelsonEstimate.FieldDecomposition	Pphi2.CanonicalJoint
def	Common.QFT.Euclidean.GeneratingFunctionalModel.ctorIdx	Common.QFT.Euclidean.Formulations	Common.QFT.Euclidean.GeneratingFunctionalModel Common.QFT.Euclidean.Formulation
thm	GaussianField.gffOrthonormalProj_pushforward_eq_stdGaussian	GaussianField.StandardGaussianBridge	GaussianField.gffOrthonormalCoord_independent GaussianField.FinLatticeSites GaussianField.latticeGaussianMeasure_isProbability GaussianField.gffOrthonormalProj GaussianField.gffOrthonormalCoord GaussianField.latticeGaussianMeasure GaussianField.configuration_eval_measurable GaussianField.Configuration GaussianField.massEigenvalues GaussianField.massEigenvectorBasis GaussianField.instMeasurableSpaceConfiguration GaussianField.FinLatticeField GaussianField.gffOrthonormalCoord_normal
def	Pphi2.EuclideanPlaneBackground.OrthogonalGroup	Pphi2.Backgrounds.EuclideanPlane	Pphi2.EuclideanPlaneBackground.SpaceTime Pphi2.EuclideanPlaneBackground.dim Pphi2.EuclideanPlaneBackground
def	Pphi2.asymCanonicalNormSq	Pphi2.NelsonEstimate.AsymFieldDecomposition	GaussianField.latticeFourierNormSq Pphi2.AsymCanonicalMode
thm	Pphi2.asymTorusIso_measureHasGreenMomentBound	Pphi2.AsymTorus.AsymContinuumLimit	GaussianField.NuclearTensorProduct.instModuleReal GaussianField.NuclearTensorProduct.instTopologicalSpace GaussianField.AsymLatticeSites Pphi2.asymTorusIso_measureHasGreenMomentBound_of_nelson GaussianField.NuclearTensorProduct.instIsTopologicalAddGroup Pphi2.asymNelson_exponential_estimate_iso GaussianField.NuclearTensorProduct.instAddCommGroup GaussianField.Configuration GaussianField.NuclearTensorProduct.instContinuousSMulReal GaussianField.AsymLatticeField GaussianField.SmoothMap_Circle Pphi2.latticeGaussianMeasureAsym Pphi2.interactionFunctionalAsym GaussianField.instMeasurableSpaceConfiguration Pphi2.MeasureHasGreenMomentBound GaussianField.AsymTorusTestFunction
thm	GaussianField.smoothCircle_coeff_basis	HeatKernel.GreenInvariance	GaussianField.DyninMityaginSpace.coeff GaussianField.RapidDecaySeq GaussianField.RapidDecaySeq.val GaussianField.SmoothMap_Circle.smoothCircleRapidDecayEquiv GaussianField.SmoothMap_Circle.instAddCommGroup GaussianField.RapidDecaySeq.instModule GaussianField.RapidDecaySeq.basisVec GaussianField.RapidDecaySeq.coeffLM GaussianField.SmoothMap_Circle.instModule GaussianField.SmoothMap_Circle.instContinuousSMul GaussianField.smoothCircle_dyninMityaginSpace GaussianField.SmoothMap_Circle.instIsTopologicalAddGroup GaussianField.DyninMityaginSpace.basis GaussianField.RapidDecaySeq.instAddCommGroup GaussianField.SmoothMap_Circle GaussianField.RapidDecaySeq.instTopologicalSpace GaussianField.RapidDecaySeq.coeffCLM GaussianField.SmoothMap_Circle.instTopologicalSpace
thm	Pphi2.latticeGreenBilinear.congr_simp	Pphi2.GaussianContinuumLimit.EmbeddedCovariance	Pphi2.latticeGreenBilinear Pphi2.ContinuumTestFunction
thm	Pphi2.CanonicalJoint.congr_simp	Pphi2.NelsonEstimate.FieldDecomposition	Pphi2.CanonicalJoint
def	Pphi2.TransferGroundExcitedData.ctorIdx	Pphi2.TransferMatrix.Positivity	Pphi2.TransferGroundExcitedData
def	GaussianField.cylinderHeatSemigroup	Cylinder.FreeHeatSemigroup	GaussianField.NuclearTensorProduct.instModuleReal GaussianField.NuclearTensorProduct.instTopologicalSpace GaussianField.nuclearTensorProduct_mapCLM GaussianField.schwartz_dyninMityaginSpace_1D GaussianField.SmoothMap_Circle.instAddCommGroup GaussianField.CylinderTestFunction GaussianField.NuclearTensorProduct GaussianField.NuclearTensorProduct.instAddCommGroup GaussianField.SmoothMap_Circle.instModule GaussianField.SmoothMap_Circle.instContinuousSMul GaussianField.smoothCircle_dyninMityaginSpace GaussianField.SmoothMap_Circle.instIsTopologicalAddGroup GaussianField.SmoothMap_Circle GaussianField.freeHeatSemigroup GaussianField.circleHeatSemigroup GaussianField.SmoothMap_Circle.instTopologicalSpace
thm	GaussianField.fubini_pi_decomp_lintegral	Lattice.FKG
thm	Pphi2.singleSliceFamily_smul	Pphi2.AsymTorus.AsymB5bSingleSlice	Pphi2.SpatialField Pphi2.singleSliceFamily
thm	Pphi2.partitionFunctionAsym.congr_simp	Pphi2.AsymTorus.AsymLatticeMeasure	Pphi2.partitionFunctionAsym
thm	GaussianField.RapidDecaySeq.instCompleteSpace	Nuclear.NuclearTensorProduct	GaussianField.RapidDecaySeq.instAdd Lattice.toSemilatticeSup GaussianField.RapidDecaySeq.instZero GaussianField.RapidDecaySeq.rapidDecaySeminorm GaussianField.RapidDecaySeq GaussianField.RapidDecaySeq.val GaussianField.RapidDecaySeq.instSMul GaussianField.RapidDecaySeq.instModule GaussianField.RapidDecaySeq.instAddCommGroup GaussianField.RapidDecaySeq.instIsTopologicalAddGroup GaussianField.RapidDecaySeq.instTopologicalSpace GaussianField.RapidDecaySeq.weight_nonneg GaussianField.RapidDecaySeq.rapidDecay_withSeminorms Lattice.toSemilatticeInf
thm	GaussianField.eval_map_eq_of_moments	Pphi2.TorusContinuumLimit.MeasureUniqueness	GaussianField.configuration_eval_measurable GaussianField.Configuration GaussianField.instMeasurableSpaceConfiguration
thm	Pphi2.asymTransferOperator_inner_nonneg	Pphi2.AsymTorus.AsymJentzsch	Pphi2.asymTransferOperator_strictly_positive_definite Pphi2.L2SpatialField Pphi2.SpatialField Pphi2.asymTransferOperatorCLM
thm	GaussianField.gaussianDensity.congr_simp	GaussianField.Density	GaussianField.gaussianDensity GaussianField.FinLatticeField
thm	GaussianField.NuclearTensorProduct.ext_iff	Nuclear.NuclearTensorProduct	GaussianField.NuclearTensorProduct.ext GaussianField.RapidDecaySeq.val GaussianField.NuclearTensorProduct
def	GaussianField.massMatrixAsymHerm	Lattice.AsymCovariance	GaussianField.AsymLatticeSites GaussianField.massOperatorMatrixAsym GaussianField.massOperatorMatrixAsym_isHermitian
thm	GaussianHilbert.bonami_nelson_chaosLE	GaussianHilbert.PolynomialChaosConcentration	GaussianHilbert.chaosProjection GaussianHilbert.chaosProjection_eLpNorm_two_le GaussianHilbert.stdGaussianFin GaussianHilbert.wienerChaos GaussianHilbert.wienerChaosLE GaussianHilbert.chaosProjection_sum_eq_of_mem_wienerChaosLE GaussianHilbert.chaosProjection_mem_wienerChaos GaussianHilbert.bonami_nelson_chaos
thm	GaussianField.spectralCLM_coord	HeatKernel.Axioms	GaussianField.DyninMityaginSpace GaussianField.DyninMityaginSpace.coeff GaussianField.DyninMityaginSpace.ι GaussianField.spectralCLM GaussianField.DyninMityaginSpace.p GaussianField.ell2' GaussianField.nuclear_ell2_embedding_from_decay GaussianField.IsBoundedSeq
thm	GaussianHilbert.wienerChaos_hasOrthogonalProjection	GaussianHilbert.WienerChaos	GaussianHilbert.wienerChaos_completeSpace GaussianHilbert.stdGaussianFin GaussianHilbert.wienerChaos
def	GaussianField.ell2_basis	GaussianField.NuclearSVD	GaussianField.ell2'
thm	Pphi2.asymTimeSpacing_pos	Pphi2.AsymTorus.AsymTorusEmbedding	Pphi2.asymTimeSpacing
thm	GaussianField.fkg_lattice_condition_single_site	Lattice.FKG	GaussianField.single_coord_sup_inf_sum GaussianField.IsSingleSite GaussianField.FKGLatticeCondition Lattice.toSemilatticeInf
thm	Pphi2.roughCovariance_sq_summable	Pphi2.NelsonEstimate.CovarianceSplit	Pphi2.roughCovEigenvalue GaussianField.FinLatticeSites GaussianField.latticeEigenvalue_pos Pphi2.wickConstant Pphi2.roughCovEigenvalue_le_T GaussianField.latticeEigenvalue Pphi2.roughCovEigenvalue_le_inv
thm	GaussianField.massOperatorEntry.congr_simp	Lattice.SpectralCovariance	GaussianField.FinLatticeSites GaussianField.massOperatorEntry
thm	Pphi2.Fsin.congr_simp	Pphi2.OSProofs.OS3_RP_Lattice	Pphi2.Fsin
thm	Pphi2.connectedTwoPoint_symm	Pphi2.OSProofs.OS4_MassGap	GaussianField.FinLatticeSites Pphi2.interactingLatticeMeasure GaussianField.Configuration GaussianField.instMeasurableSpaceConfiguration GaussianField.FinLatticeField Pphi2.connectedTwoPoint
thm	GaussianField.greenFunctionBilinear_swap_invariant	HeatKernel.GreenInvariance	GaussianField.NuclearTensorProduct.instModuleReal GaussianField.NuclearTensorProduct.instTopologicalSpace GaussianField.circleHasLaplacianEigenvalues GaussianField.NuclearTensorProduct.dyninMityaginSpace GaussianField.SmoothMap_Circle.instAddCommGroup GaussianField.NuclearTensorProduct.instIsTopologicalAddGroup GaussianField.greenFunctionBilinear_invariant_of_pure GaussianField.tensorProductHasLaplacianEigenvalues GaussianField.nuclearTensorProduct_swapCLM GaussianField.NuclearTensorProduct GaussianField.smoothCircle_coeff_basis GaussianField.nuclearTensorProduct_swapCLM_pure GaussianField.NuclearTensorProduct.instAddCommGroup GaussianField.SmoothMap_Circle.instModule GaussianField.SmoothMap_Circle.instContinuousSMul GaussianField.smoothCircle_dyninMityaginSpace GaussianField.SmoothMap_Circle.instIsTopologicalAddGroup GaussianField.NuclearTensorProduct.instContinuousSMulReal GaussianField.NuclearTensorProduct.pure GaussianField.SmoothMap_Circle GaussianField.greenFunctionBilinear_swap_pure GaussianField.SmoothMap_Circle.instTopologicalSpace GaussianField.greenFunctionBilinear
thm	GaussianField.normalizedGaussianDensityMeasureAsym_eq_normalizedQuadraticGaussianMeasure	GaussianField.DensityAsym	GaussianField.quadraticGaussianDensity GaussianField.normalizedQuadraticGaussianMeasure GaussianField.AsymLatticeSites GaussianField.quadraticGaussianMeasure GaussianField.gaussianDensityWeightAsym GaussianField.gaussianDensityNormConstAsym GaussianField.normalizedGaussianDensityMeasureAsym GaussianField.gaussianDensityAsym GaussianField.gaussianDensityMeasureAsym GaussianField.AsymLatticeField GaussianField.instFintypeAsymLatticeSitesOfNeZeroNat GaussianField.massOperatorAsym
thm	GaussianField.configBasisEval_measurable	GaussianField.ConfigurationEmbedding	GaussianField.DyninMityaginSpace GaussianField.configuration_eval_measurable GaussianField.Configuration GaussianField.DyninMityaginSpace.basis GaussianField.instMeasurableSpaceConfiguration GaussianField.configBasisEval
def	Pphi2.EuclideanTimeStructure.reflectOnRealTestFunctions	Pphi2.Backgrounds.EuclideanTime	Pphi2.EuclideanPlaneBackground.SpaceTime Pphi2.EuclideanPlaneBackground.RealTestFunction Pphi2.EuclideanPlaneBackground.dim Pphi2.EuclideanPlaneBackground Pphi2.EuclideanTimeStructure Pphi2.EuclideanTimeStructure.reflectCLE
def	Pphi2.fieldReflection2D	Pphi2.OSProofs.OS3_RP_Lattice	Pphi2.timeReflection2D
thm	Pphi2.latticeEmbedEval_linear_phi	Pphi2.ContinuumLimit.Embedding	GaussianField.FinLatticeSites Pphi2.evalAtSite Pphi2.latticeEmbedEval Pphi2.ContinuumTestFunction GaussianField.FinLatticeField
thm	Pphi2.asymTorusTranslation_continuous_in_v	Pphi2.AsymTorus.AsymTorusOS	GaussianField.sobolevSeminorm_affine_precomp_le GaussianField.mapImage GaussianField.NuclearTensorProduct.instModuleReal GaussianField.circleTranslation Lattice.toSemilatticeSup GaussianField.NuclearTensorProduct.instTopologicalSpace GaussianField.SmoothMap_Circle.instFunLike GaussianField.RapidDecaySeq.rapidDecaySeminorm GaussianField.RapidDecaySeq GaussianField.nuclearTensorProduct_mapCLM GaussianField.RapidDecaySeq.val GaussianField.RapidDecaySeq.hasSum_basisVec GaussianField.SmoothMap_Circle.instAddCommGroup GaussianField.NuclearTensorProduct.instIsTopologicalAddGroup GaussianField.nuclearTensorProduct_mapCLM_pure GaussianField.RapidDecaySeq.instSMul GaussianField.RapidDecaySeq.instModule GaussianField.DyninMityaginSpace.ι GaussianField.asymTorusTranslation GaussianField.NuclearTensorProduct GaussianField.DyninMityaginSpace.HasBiorthogonalBasis.coeff_basis GaussianField.RapidDecaySeq.basisVec GaussianField.NuclearTensorProduct.instAddCommGroup GaussianField.NuclearTensorProduct.pure_continuous GaussianField.finset_sup_poly_bound GaussianField.smoothCircle_hasBiorthogonalBasis GaussianField.SmoothMap_Circle.instModule GaussianField.SmoothMap_Circle.instContinuousSMul GaussianField.smoothCircle_dyninMityaginSpace GaussianField.SmoothMap_Circle.instIsTopologicalAddGroup GaussianField.DyninMityaginSpace.basis GaussianField.NuclearTensorProduct.pure GaussianField.RapidDecaySeq.instAddCommGroup GaussianField.SmoothMap_Circle GaussianField.DyninMityaginSpace.basis_growth GaussianField.RapidDecaySeq.instTopologicalSpace GaussianField.NuclearTensorProduct.basisVec_eq_pure GaussianField.DyninMityaginSpace.p GaussianField.AsymTorusTestFunction GaussianField.RapidDecaySeq.rapidDecay_withSeminorms GaussianField.RapidDecaySeq.rapid_decay GaussianField.NuclearTensorProduct.pure_seminorm_bound GaussianField.SmoothMap_Circle.instTopologicalSpace Lattice.toSemilatticeInf
def	GaussianField.toRapidDecayNdCLM	SchwartzNuclear.HermiteTensorProduct	GaussianField.RapidDecaySeq GaussianField.RapidDecaySeq.instModule GaussianField.RapidDecaySeq.instAddCommGroup GaussianField.RapidDecaySeq.instTopologicalSpace
thm	GaussianField.resolventSymbol_pos	Cylinder.FourierMultiplier	GaussianField.resolventSymbol Lattice.toSemilatticeInf
thm	GaussianField.massOperatorAsym_eigenCoeff_eq_eigenvalues_mul_eigenCoeff	Lattice.AsymCovariance	GaussianField.AsymLatticeSites GaussianField.massEigenvectorBasisAsym GaussianField.massOperatorMatrixAsym GaussianField.massEigenvaluesAsym GaussianField.massOperatorMatrixAsym_isHermitian GaussianField.AsymLatticeField GaussianField.instFintypeAsymLatticeSitesOfNeZeroNat GaussianField.massOperatorAsym GaussianField.massOperatorAsym_selfAdjoint GaussianField.massOperatorAsym_eq_matrix_mulVec
def	GaussianField.SmoothMap_Circle.instSMul	SmoothCircle.Basic	GaussianField.SmoothMap_Circle.instFunLike GaussianField.SmoothMap_Circle
thm	GaussianField.massOperatorMatrix.congr_simp	Lattice.SpectralCovariance	GaussianField.massOperatorMatrix GaussianField.FinLatticeSites
thm	Pphi2.asymLatticeTestFn_norm_sq_le	Pphi2.AsymTorus.AsymTorusInteractingLimit	GaussianField.RapidDecaySeq.rapidDecaySeminorm GaussianField.RapidDecaySeq GaussianField.SmoothMap_Circle.fourierBasis GaussianField.SmoothMap_Circle.instAddCommGroup GaussianField.FinLatticeSites Pphi2.asymLatticeTestFn_norm_sq_le_tight GaussianField.RapidDecaySeq.instSMul GaussianField.SmoothMap_Circle.instSMul GaussianField.RapidDecaySeq.instAddCommGroup GaussianField.SmoothMap_Circle Pphi2.asymGeomSpacing_sq_mul_sq Pphi2.asymLatticeTestFn GaussianField.SmoothMap_Circle.sobolevSeminorm GaussianField.AsymTorusTestFunction Pphi2.asymGeomSpacing
thm	Pphi2.boltzmannWeightAsym.congr_simp	Pphi2.AsymTorus.AsymLatticeMeasure	GaussianField.AsymLatticeSites Pphi2.boltzmannWeightAsym GaussianField.Configuration GaussianField.AsymLatticeField
thm	Pphi2.EuclideanTimeStructure.timeShift_apply	Pphi2.Backgrounds.EuclideanTime	Pphi2.EuclideanPlaneBackground.SpaceTime Pphi2.EuclideanTimeStructure.timeTranslation Pphi2.EuclideanTimeStructure.timeShift Pphi2.EuclideanPlaneBackground.dim Pphi2.EuclideanPlaneBackground Pphi2.EuclideanTimeStructure
thm	Pphi2.asymCanonicalSmoothWickPower_two_site_marginal_integrable	Pphi2.NelsonEstimate.AsymCrossTermL2Identity	GaussianField.AsymLatticeSites Pphi2.asymCanonicalSmoothFieldFunctionOfFst_eq_sum_gamma Pphi2.wickPower_two_site_pi_gaussianReal_integrable Pphi2.wickMonomial Pphi2.asymCanonicalSmoothGamma_sq_sum_eq_asymSmoothWickConstant Pphi2.asymCanonicalSmoothFieldFunctionOfFst Pphi2.asymCanonicalSmoothGamma Pphi2.asymSmoothWickConstant Pphi2.AsymCanonicalMode
thm	Pphi2.asymSliceFamilyLinear_measurable	Pphi2.AsymTorus.AsymBridgeKLimit	GaussianField.AsymLatticeSites Pphi2.SpatialField Pphi2.asymSliceEquiv Pphi2.slicePairing_measurable Pphi2.asymSliceFamilyLinear GaussianField.AsymLatticeField Pphi2.slicePairing Pphi2.asymSliceFamilyLinear_eq_slicePairing
thm	GaussianField.pairing_integrable	GaussianField.Properties	GaussianField.DyninMityaginSpace GaussianField.measure GaussianField.pairing_memLp GaussianField.Configuration GaussianField.instMeasurableSpaceConfiguration
thm	Pphi2.schwingerN_zero	Pphi2.InteractingMeasure.General	Pphi2.interactingMeasure GaussianField.Configuration GaussianField.instMeasurableSpaceConfiguration Pphi2.schwingerN Pphi2.interactingMeasure_isProbabilityMeasure
thm	Pphi2.expMoment_le_rpow	Pphi2.InteractingMeasure.UniformBounds	Pphi2.interactionFunctional_bounded_below GaussianField.FinLatticeSites Pphi2.interactionFunctional_measurable GaussianField.latticeGaussianMeasure_isProbability GaussianField.latticeGaussianMeasure GaussianField.Configuration GaussianField.instMeasurableSpaceConfiguration GaussianField.FinLatticeField Pphi2.interactionFunctional
thm	Pphi2.TransferGroundExcitedData.hlt	Pphi2.TransferMatrix.Positivity	Pphi2.TransferGroundExcitedData.i₀ Pphi2.TransferGroundExcitedData Pphi2.TransferGroundExcitedData.eigenval Pphi2.TransferGroundExcitedData.i₁
thm	Pphi2.spectralVarianceAsym_inner_eq_massEigenvalue_average	Pphi2.AsymTorus.AsymWickVariance	GaussianField.spectralLatticeCovarianceAsym Pphi2.spectralVarianceAsym_eq_massEigenvalue_average GaussianField.AsymLatticeSites GaussianField.covariance GaussianField.massEigenvaluesAsym GaussianField.AsymLatticeField GaussianField.instFintypeAsymLatticeSitesOfNeZeroNat GaussianField.asymLatticeDelta GaussianField.ell2'
def	Pphi2.asymMassGap	Pphi2.AsymTorus.AsymPositivity	Pphi2.asymFirstExcitedEnergyLevel Pphi2.asymGroundEnergyLevel
thm	Pphi2.canonicalRoughCovariance_pow_two_sum_le_uniform_in_aN_proved	Pphi2.NelsonEstimate.CovarianceBoundsGJ	Pphi2.canonicalRoughCovariance GaussianField.FinLatticeSites
def	GaussianField.SmoothMap_Circle.instZero	SmoothCircle.Basic	GaussianField.SmoothMap_Circle
thm	Pphi2.asymCanonicalRoughCovariance_pow_two_sum_le_uniform	Pphi2.NelsonEstimate.AsymCovarianceBoundsGJ	GaussianField.AsymLatticeSites Pphi2.asymCanonicalEigenvalue GaussianField.instFintypeAsymLatticeSitesOfNeZeroNat Lattice.toSemilatticeInf Pphi2.asymCanonicalRoughCovariance
thm	Pphi2.covariance_spectralLatticeCovarianceAsym_translation_invariant	Pphi2.AsymTorus.AsymWickVariance	GaussianField.spectralLatticeCovarianceAsym Pphi2.asymShift_sum_mul_eq Pphi2.spectralCovAsym_massOperator_eq GaussianField.AsymLatticeSites GaussianField.covariance Pphi2.asymShift GaussianField.AsymLatticeField GaussianField.instFintypeAsymLatticeSitesOfNeZeroNat GaussianField.massOperatorAsym_surjective GaussianField.massOperatorAsym GaussianField.ell2' Pphi2.massOperatorAsym_translation_commute
thm	Pphi2.asymTransferKernel.congr_simp	Pphi2.AsymTorus.AsymTransferInstantiation	Pphi2.SpatialField Pphi2.asymTransferKernel
thm	Pphi2.asymEnergyLevel_gap	Pphi2.AsymTorus.AsymPositivity	Pphi2.asymFirstExcitedEnergyLevel Pphi2.AsymTransferGroundExcitedData.eigenval Pphi2.asymTransferOperator_eigenvalues_pos Pphi2.AsymTransferGroundExcitedData.i₀ Pphi2.asymGroundEnergyLevel Pphi2.asymTransferGroundExcitedData Pphi2.AsymTransferGroundExcitedData.i₁ Pphi2.AsymTransferGroundExcitedData Pphi2.asymTransferGroundEigenvalue Pphi2.AsymTransferGroundExcitedData.b Pphi2.AsymTransferGroundExcitedData.ι Pphi2.AsymTransferGroundExcitedData.hlt Pphi2.AsymTransferGroundExcitedData.h_eigen Pphi2.asymTransferFirstExcitedEigenvalue
def	Pphi2.asymTorusEmbedLiftIso	Pphi2.AsymTorus.AsymTorusEmbeddingIso	GaussianField.NuclearTensorProduct.instModuleReal GaussianField.NuclearTensorProduct.instTopologicalSpace GaussianField.AsymLatticeSites Pphi2.evalAsymTorusAtSiteGJ GaussianField.NuclearTensorProduct.instIsTopologicalAddGroup GaussianField.NuclearTensorProduct.instAddCommGroup GaussianField.Configuration GaussianField.NuclearTensorProduct.instContinuousSMulReal GaussianField.AsymLatticeField GaussianField.SmoothMap_Circle GaussianField.instFintypeAsymLatticeSitesOfNeZeroNat GaussianField.asymLatticeDelta GaussianField.AsymTorusTestFunction
thm	Pphi2.asymSliceObsTrunc_tendsto_linear	Pphi2.AsymTorus.AsymBridgeKLimit	Pphi2.asymSliceObsLinear Pphi2.SpatialField Pphi2.asymSliceObsTrunc
thm	GaussianHilbert.bonami_nelson_chaos	GaussianHilbert.PolynomialChaosConcentration	GaussianHilbert.ouSemigroupAct_eq_smul_of_mem_wienerChaos GaussianHilbert.stdGaussianFin GaussianHilbert.wienerChaos GaussianHilbert.ouSemigroupAct_eLpNorm_hypercontractive GaussianHilbert.ouSemigroupAct
def	Pphi2.fieldFromSites	Pphi2.OSProofs.OS3_RP_Lattice	Pphi2.siteEquiv GaussianField.FinLatticeSites GaussianField.FinLatticeField
thm	Pphi2.canonicalRoughError_l2_sq_eq	Pphi2.NelsonEstimate.RoughErrorBound	Pphi2.canonicalRoughError_l2_sq_eq_lead_plus_perCoef_sq Pphi2.canonicalJointMeasure Pphi2.canonicalRoughError_perCoef_outer_l2_sq Pphi2.canonicalRoughError_perCoeff_l2_sq Pphi2.canonicalRoughError_leading_l2_sq Pphi2.canonicalRoughError Pphi2.canonicalCrossTerm Pphi2.CanonicalJoint
thm	Pphi2.LatticeSetup.latticeSmoothInteraction_lower_bound_at_cutoff_quartic	Pphi2.NelsonEstimate.LatticeSetup	Pphi2.LatticeSetup.latticeSmoothInteraction Pphi2.smoothWickConstant Pphi2.DynamicalCutoff.dynamicalCutoffScale_log_sq_le GaussianField.finLatticeDelta GaussianField.FinLatticeSites Pphi2.smooth_interaction_lower_bound_log_uniform Pphi2.DynamicalCutoff.dynamicalCutoffScale_pos Pphi2.wickMonomial Pphi2.smoothBoundConstant GaussianField.Configuration Pphi2.DynamicalCutoff.dynamicalCutoffScale Pphi2.LatticeSetup.latticeSmoothInteraction_of_pure Pphi2.smoothBoundConstant_pos GaussianField.FinLatticeField
def	GaussianField.schwartzToReal	Cylinder.FourierMultiplier
def	GaussianField.CylinderTestFunction	Cylinder.Basic	GaussianField.NuclearTensorProduct GaussianField.SmoothMap_Circle
def	GaussianField.schwartzDomCongr	SchwartzNuclear.HermiteTensorProduct
thm	GaussianField.cylinderMassOperator_spatialTranslation_norm_eq	Cylinder.GreenFunction	GaussianField.NuclearTensorProduct.instModuleReal GaussianField.NuclearTensorProduct.instTopologicalSpace GaussianField.cylinderSpatialTranslation GaussianField.CylinderTestFunction GaussianField.NuclearTensorProduct.instAddCommGroup GaussianField.cylinderMassOperator_spatialTranslation_norm_eq_proved GaussianField.cylinderMassOperator GaussianField.SmoothMap_Circle GaussianField.ell2'
thm	Pphi2.asymCanonicalSumConfig_apply_delta	Pphi2.NelsonEstimate.AsymFieldDecomposition	Pphi2.asymLatticeFieldToConfig_apply GaussianField.AsymLatticeSites Pphi2.AsymCanonicalJoint Pphi2.asymCanonicalSumFieldFunction Pphi2.asymCanonicalSumConfig GaussianField.Configuration GaussianField.AsymLatticeField GaussianField.instFintypeAsymLatticeSitesOfNeZeroNat Pphi2.asymLatticeFieldToConfig GaussianField.asymLatticeDelta
def	Pphi2.asymLatticeGaussianFieldLaw	Pphi2.NelsonEstimate.AsymFieldDecomposition	GaussianField.AsymLatticeSites GaussianField.Configuration GaussianField.AsymLatticeField Pphi2.latticeGaussianMeasureAsym GaussianField.instMeasurableSpaceConfiguration Pphi2.asymEvalMap
thm	Pphi2.canonicalSmoothFieldFunction_pointwise_measurable	Pphi2.NelsonEstimate.FieldDecomposition	GaussianField.FinLatticeSites Pphi2.canonicalSmoothFieldFunction Pphi2.CanonicalJoint
thm	Pphi2.pairing_sum_complex_smul	Pphi2.EuclideanComplex	Pphi2.EuclideanPlaneBackground.SpaceTime Pphi2.EuclideanPlaneBackground.RealTestFunction Pphi2.schwartzIm_sum_complex_smul Pphi2.EuclideanPlaneBackground.dim Pphi2.EuclideanOS.schwartzIm Pphi2.EuclideanOS.schwartzRe Pphi2.EuclideanPlaneBackground Pphi2.schwartzRe_sum_complex_smul Pphi2.EuclideanPlaneBackground.ComplexTestFunction Pphi2.EuclideanPlaneBackground.Distribution
thm	Pphi2.pphi2_mass_gap	Pphi2.Main	Pphi2.bareMassParameter_positive
thm	Pphi2.asymSliceFamilyLinear_pathMeasure_second_moment_le_B1	Pphi2.AsymTorus.AsymBridgeKLimit	Pphi2.asym_interacting_second_moment_eq_pathMeasure_slicePairing GaussianField.AsymLatticeSites Pphi2.SpatialField Pphi2.asymSliceEquiv Pphi2.asymTransferSystem Pphi2.asymSliceFamilyLinear GaussianField.Configuration GaussianField.AsymLatticeField Pphi2.latticeGaussianMeasureAsym Pphi2.slicePairing Pphi2.interactingLatticeMeasureAsym GaussianField.instMeasurableSpaceConfiguration Pphi2.asymSliceFamilyLinear_eq_slicePairing Pphi2.asymInteractingVariance_le_freeVariance_lattice
def	Pphi2.asymCanonicalRoughWickConstant	Pphi2.NelsonEstimate.AsymCrossTermL2Identity	Pphi2.wickConstantAsym Pphi2.asymSmoothWickConstant
def	Pphi2.transferGroundEigenvalue	Pphi2.TransferMatrix.Positivity	Pphi2.TransferGroundExcitedData.i₀ Pphi2.TransferGroundExcitedData Pphi2.TransferGroundExcitedData.eigenval Pphi2.transferGroundExcitedData
thm	GaussianField.chebyshev_integral_inequality	Lattice.FKG
thm	GaussianField.evalMapAsymInv.congr_simp	GaussianField.DensityAsym	GaussianField.AsymLatticeSites GaussianField.Configuration GaussianField.AsymLatticeField GaussianField.evalMapAsymInv
thm	Pphi2.interactingMeasure_absolutelyContinuous	Pphi2.InteractingMeasure.General	Pphi2.interactingPartitionFunction Pphi2.interactingMeasure Pphi2.interactingBoltzmannWeight GaussianField.Configuration GaussianField.instMeasurableSpaceConfiguration
def	GaussianHilbert.linearFunctionalPolynomial	GaussianHilbert.PolynomialDensity
def	Pphi2.asymTransferWeight	Pphi2.AsymTorus.AsymL2Operator	Pphi2.spatialAction Pphi2.wickConstantAsym Pphi2.SpatialField
thm	GaussianField.heatKernelBilinear_summable	HeatKernel.Bilinear	GaussianField.DyninMityaginSpace GaussianField.HasLaplacianEigenvalues GaussianField.DyninMityaginSpace.coeff GaussianField.HasLaplacianEigenvalues.eigenvalue GaussianField.HasLaplacianEigenvalues.eigenvalue_nonneg GaussianField.l2InnerProduct_summable Lattice.toSemilatticeInf
thm	GaussianField.charFunDual_eq_site_integral	GaussianField.Density	GaussianField.FinLatticeSites GaussianField.strongDual_apply_eq_site_sum GaussianField.strongDualToField GaussianField.FinLatticeField
thm	GaussianHilbert.mehlerFun_integral_sq_le	GaussianHilbert.OUEigenfunctions	GaussianHilbert.ouAffine GaussianHilbert.stdGaussianFin GaussianHilbert.mehlerFun
thm	GaussianField.resolventMultiplierCLM.congr_simp	Cylinder.MassOperatorConstruction	GaussianField.resolventMultiplierCLM
def	Pphi2.schwartzRe	Pphi2.OSAxioms	Pphi2.EuclideanOS.schwartzRe Pphi2.TestFunction2ℂ Pphi2.plane2Background Pphi2.TestFunction2
thm	Pphi2.torusGaussianLimit_os0	Pphi2.TorusContinuumLimit.TorusOSAxioms	Pphi2.torusContinuumGreen Pphi2.IsTorusGaussianContinuumLimit GaussianField.NuclearTensorProduct.instModuleReal GaussianField.NuclearTensorProduct.instTopologicalSpace GaussianField.NuclearTensorProduct.instIsTopologicalAddGroup Pphi2.TorusOS0_Analyticity GaussianField.NuclearTensorProduct.instAddCommGroup GaussianField.Configuration GaussianField.NuclearTensorProduct.instContinuousSMulReal GaussianField.SmoothMap_Circle GaussianField.instMeasurableSpaceConfiguration Pphi2.torusGeneratingFunctionalℂ Pphi2.torusGaussianLimit_complex_cf_quadratic GaussianField.TorusTestFunction
thm	Pphi2.asymCanonicalSmoothFieldFunction_pointwise_measurable	Pphi2.NelsonEstimate.AsymFieldDecomposition	GaussianField.AsymLatticeSites Pphi2.AsymCanonicalJoint Pphi2.asymCanonicalSmoothModeCoeff Pphi2.asymCanonicalSmoothFieldFunction Pphi2.AsymCanonicalMode
thm	Pphi2.torusInteractingLimit_translation_invariant	Pphi2.TorusContinuumLimit.TorusInteractingOS	GaussianField.NuclearTensorProduct.instModuleReal GaussianField.NuclearTensorProduct.instTopologicalSpace Pphi2.torusGF_latticeApproximation_error_vanishes GaussianField.NuclearTensorProduct.instIsTopologicalAddGroup Pphi2.torusGeneratingFunctional GaussianField.NuclearTensorProduct.instAddCommGroup GaussianField.torusTranslation GaussianField.Configuration GaussianField.NuclearTensorProduct.instContinuousSMulReal GaussianField.SmoothMap_Circle GaussianField.instMeasurableSpaceConfiguration Pphi2.torusInteractingMeasure_isProbability Pphi2.torusInteractingMeasure GaussianField.TorusTestFunction
def	GaussianField.SmoothMap_Circle.toFun	SmoothCircle.Basic	GaussianField.SmoothMap_Circle
thm	GaussianField.wickMonomial_inner_gaussianReal_one	GaussianField.WickMultivariate
thm	GaussianField.periodize_smooth	SchwartzNuclear.Periodization	GaussianField.periodizeFun
thm	GaussianField.schwartz_separableSpace	SchwartzNuclear.HermiteNuclear	GaussianField.RapidDecaySeq GaussianField.RapidDecaySeq.instModule GaussianField.rapidDecaySeq_separableSpace GaussianField.schwartzRapidDecayEquiv GaussianField.RapidDecaySeq.instAddCommGroup GaussianField.RapidDecaySeq.instTopologicalSpace
thm	GaussianField.realFourierMultiplierCLM.congr_simp	Cylinder.FourierMultiplier	GaussianField.realFourierMultiplierCLM
thm	Pphi2.interactionFunctional_measurable	Pphi2.InteractingMeasure.LatticeMeasure	GaussianField.finLatticeDelta GaussianField.FinLatticeSites Pphi2.wickMonomial GaussianField.configuration_eval_measurable GaussianField.Configuration Pphi2.wickConstant GaussianField.instMeasurableSpaceConfiguration GaussianField.FinLatticeField Pphi2.interactionFunctional Pphi2.wickPolynomial
thm	GaussianHilbert.wienerChaos_isHilbertSum	GaussianHilbert.WienerChaos	GaussianHilbert.wienerChaos_iSup_topologicalClosure_eq_top GaussianHilbert.wienerChaos_completeSpace GaussianHilbert.stdGaussianFin GaussianHilbert.wienerChaos GaussianHilbert.wienerChaos_orthogonal
thm	Pphi2.asymTorusContinuumGreen.congr_simp	Pphi2.AsymTorus.AsymTorusEmbeddingIso	Pphi2.asymTorusContinuumGreen GaussianField.AsymTorusTestFunction
thm	Pphi2.canonicalRoughWeight.congr_simp	Pphi2.NelsonEstimate.FieldDecomposition	Pphi2.canonicalRoughWeight
def	GaussianHilbert.hermiteMultiEval	GaussianHilbert.HermitePolynomials	GaussianHilbert.hermiteEval
thm	GaussianField.heatWeight_paired	SmoothCircle.HeatEquivariance	GaussianField.eigenvalue_paired GaussianField.circleHasLaplacianEigenvalues GaussianField.SmoothMap_Circle.instAddCommGroup GaussianField.heatWeight GaussianField.HasLaplacianEigenvalues.eigenvalue GaussianField.SmoothMap_Circle.instModule GaussianField.SmoothMap_Circle.instContinuousSMul GaussianField.smoothCircle_dyninMityaginSpace GaussianField.SmoothMap_Circle.instIsTopologicalAddGroup GaussianField.SmoothMap_Circle GaussianField.SmoothMap_Circle.instTopologicalSpace
thm	Pphi2.asymCanonicalStdToFieldCLM.congr_simp	Pphi2.NelsonEstimate.AsymFieldDecomposition	GaussianField.AsymLatticeSites Pphi2.AsymCanonicalJointSumIndex GaussianField.AsymLatticeField Pphi2.asymCanonicalStdToFieldCLM
thm	Pphi2.asymCanonicalSmoothInteraction.congr_simp	Pphi2.NelsonEstimate.AsymSmoothLowerBound	Pphi2.AsymCanonicalJoint Pphi2.asymCanonicalSmoothInteraction
thm	Pphi2.embeddedTwoPoint_eq_lattice_cross_moment	Pphi2.GaussianContinuumLimit.EmbeddedCovariance	Pphi2.EuclideanPlaneBackground.SpaceTime Pphi2.gaussianContinuumMeasure Pphi2.latticeTestField Pphi2.planeBackground GaussianField.FinLatticeSites Pphi2.latticeEmbedLift_measurable Pphi2.EuclideanPlaneBackground.dim Pphi2.latticeEmbedLift_eval_eq Pphi2.embeddedTwoPoint GaussianField.latticeGaussianMeasure GaussianField.configuration_eval_measurable GaussianField.Configuration GaussianField.instMeasurableSpaceConfiguration Pphi2.latticeEmbedLift Pphi2.ContinuumTestFunction GaussianField.FinLatticeField
thm	Pphi2.torusInteractingMeasure_gf_swap_invariant	Pphi2.TorusContinuumLimit.TorusInteractingOS	GaussianField.evalTorusAtSite_swap GaussianField.NuclearTensorProduct.instModuleReal GaussianField.NuclearTensorProduct.instTopologicalSpace GaussianField.SmoothMap_Circle.instAddCommGroup GaussianField.FinLatticeSites GaussianField.NuclearTensorProduct.instIsTopologicalAddGroup Pphi2.torusEmbedLift Pphi2.torusGeneratingFunctional GaussianField.nuclearTensorProduct_swapCLM GaussianField.torusSwap Pphi2.torusEmbedLift_measurable Pphi2.interactingLatticeMeasure GaussianField.NuclearTensorProduct.instAddCommGroup GaussianField.evalTorusAtSiteGJ_apply' GaussianField.evalTorusAtSite GaussianField.SmoothMap_Circle.instModule GaussianField.configuration_eval_measurable GaussianField.SmoothMap_Circle.instContinuousSMul GaussianField.Configuration GaussianField.smoothCircle_dyninMityaginSpace GaussianField.SmoothMap_Circle.instIsTopologicalAddGroup GaussianField.NuclearTensorProduct.instContinuousSMulReal GaussianField.SmoothMap_Circle GaussianField.circleSpacing GaussianField.instMeasurableSpaceConfiguration Pphi2.latticeTestFn Pphi2.torusEmbedLift_eval_eq GaussianField.swapSites Pphi2.torusInteractingMeasure_isProbability Pphi2.torusInteractingMeasure GaussianField.FinLatticeField GaussianField.TorusTestFunction GaussianField.SmoothMap_Circle.instTopologicalSpace GaussianField.circleSpacing_pos
def	Pphi2.EuclideanOS.schwartzRe	Pphi2.EuclideanOS	Pphi2.EuclideanPlaneBackground.SpaceTime Pphi2.EuclideanPlaneBackground.RealTestFunction Pphi2.EuclideanPlaneBackground.dim Pphi2.EuclideanPlaneBackground Pphi2.EuclideanPlaneBackground.ComplexTestFunction
def	Pphi2.torusInteractingMeasure	Pphi2.TorusContinuumLimit.TorusInteractingLimit	GaussianField.NuclearTensorProduct.instModuleReal GaussianField.NuclearTensorProduct.instTopologicalSpace GaussianField.FinLatticeSites GaussianField.NuclearTensorProduct.instIsTopologicalAddGroup Pphi2.torusEmbedLift Pphi2.interactingLatticeMeasure GaussianField.NuclearTensorProduct.instAddCommGroup GaussianField.Configuration GaussianField.NuclearTensorProduct.instContinuousSMulReal GaussianField.SmoothMap_Circle GaussianField.circleSpacing GaussianField.instMeasurableSpaceConfiguration GaussianField.FinLatticeField GaussianField.TorusTestFunction GaussianField.circleSpacing_pos
thm	Pphi2.DynamicalCutoff.degreeDynamicalCutoffScale_log_pow_le	Pphi2.NelsonEstimate.DynamicalCutoff	Pphi2.DynamicalCutoff.degreeDynamicalCutoffScale_eq_one Pphi2.DynamicalCutoff.one_add_abs_log_degreeDynamicalCutoff_eq_rpow Pphi2.DynamicalCutoff.degreeDynamicalCutoffScale Pphi2.DynamicalCutoff.degreeCutoffPower
thm	GaussianHilbert.linearFunctional_mul_le_subGaussian_weight	GaussianHilbert.PolynomialDensity	Lattice.toSemilatticeInf
thm	Pphi2.normalizedMomentDeriv.congr_simp	Pphi2.InteractingMeasure.U4DerivativeClosedForm	Pphi2.normalizedMomentDeriv GaussianField.FinLatticeField
thm	Pphi2.LatticeSetup.latticeSmoothInteraction.congr_simp	Pphi2.NelsonEstimate.RoughErrorBound	Pphi2.LatticeSetup.latticeSmoothInteraction GaussianField.FinLatticeSites GaussianField.Configuration GaussianField.FinLatticeField
def	GaussianField.SmoothMap_Circle.instFunLike	SmoothCircle.Basic	GaussianField.SmoothMap_Circle.toFun GaussianField.SmoothMap_Circle
def	Pphi2.asymCanonicalRoughFieldFunctionOfSnd	Pphi2.NelsonEstimate.AsymFieldDecomposition	GaussianField.AsymLatticeSites Pphi2.asymCanonicalRoughModeCoeff GaussianField.AsymLatticeField Pphi2.AsymCanonicalMode
thm	Pphi2.os4_for_continuum_limit	Pphi2.ContinuumLimit.AxiomInheritance	Pphi2.EuclideanPlaneBackground.SpaceTime Pphi2.EuclideanPlaneBackground.RealTestFunction Pphi2.planeBackground Pphi2.EuclideanPlaneBackground.translate Pphi2.SchwartzMap.translate Pphi2.EuclideanOS.OS4_Clustering Pphi2.EuclideanPlaneBackground.dim Pphi2.IsPphi2Limit Pphi2.SpaceTime2 Pphi2.plane2Background GaussianField.Configuration GaussianField.instMeasurableSpaceConfiguration Pphi2.continuum_exponential_clustering Pphi2.TestFunction2 Pphi2.ContinuumTestFunction Pphi2.EuclideanOS.generatingFunctional
thm	GaussianHilbert.chaosProjection_sum_eq_of_mem_wienerChaosLE	GaussianHilbert.WienerChaos	GaussianHilbert.chaosProjection GaussianHilbert.wienerChaos_completeSpace GaussianHilbert.stdGaussianFin GaussianHilbert.wienerChaos GaussianHilbert.wienerChaos_orthogonal GaussianHilbert.wienerChaosLE GaussianHilbert.wienerChaos_hasOrthogonalProjection
thm	GaussianField.latticeFourierBasisFun_linearIndependent	Lattice.CirculantDFT	GaussianField.latticeFourierBasisFun GaussianField.latticeFourierBasisFun_orthogonal GaussianField.latticeFourierNormSq GaussianField.latticeFourierNormSq_pos
thm	Pphi2.canonicalRoughError_eq_sum_diff	Pphi2.NelsonEstimate.RoughErrorBound	Pphi2.smoothWickConstant GaussianField.FinLatticeSites Pphi2.canonicalFullInteractionJoint Pphi2.canonicalSmoothInteraction Pphi2.canonicalSumFieldFunction Pphi2.wickConstant Pphi2.canonicalSmoothFieldFunction Pphi2.canonicalRoughError Pphi2.wickPolynomial Pphi2.CanonicalJoint
thm	GaussianField.massOperator_pos_def	Lattice.Laplacian	GaussianField.FinLatticeSites GaussianField.massOperator GaussianField.finiteLaplacian_neg_semidefinite GaussianField.finiteLaplacian GaussianField.FinLatticeField Lattice.toSemilatticeInf
thm	Pphi2.IsTorusGaussianContinuumLimit.isProbability	Pphi2.TorusContinuumLimit.TorusGaussianLimit	Pphi2.IsTorusGaussianContinuumLimit GaussianField.NuclearTensorProduct.instModuleReal GaussianField.NuclearTensorProduct.instTopologicalSpace GaussianField.NuclearTensorProduct.instIsTopologicalAddGroup GaussianField.NuclearTensorProduct.instAddCommGroup GaussianField.Configuration GaussianField.NuclearTensorProduct.instContinuousSMulReal GaussianField.SmoothMap_Circle GaussianField.instMeasurableSpaceConfiguration GaussianField.TorusTestFunction
thm	GaussianHilbert.wienerChaos_iSup_topologicalClosure_eq_top	GaussianHilbert.WienerChaos	GaussianHilbert.MultiIndex.totalDegree GaussianHilbert.hermiteMultiEval_memLp GaussianHilbert.hermiteMultiLp_coeFn GaussianHilbert.stdGaussianFin GaussianHilbert.wienerChaos GaussianHilbert.hermiteMultiLp GaussianHilbert.hermiteMultiEval GaussianHilbert.hermiteMulti_dense GaussianHilbert.hermiteMultiLp_mem_wienerChaos
thm	Pphi2.roughWickConstant.congr_simp	Pphi2.NelsonEstimate.FieldDecomposition	Pphi2.roughWickConstant
thm	GaussianField.cos_ne_one_of_pos_lt	Lattice.CirculantDFT
thm	Pphi2.asymEvalMapInv_apply	Pphi2.NelsonEstimate.AsymFieldDecomposition	GaussianField.AsymLatticeSites GaussianField.Configuration GaussianField.AsymLatticeField GaussianField.instFintypeAsymLatticeSitesOfNeZeroNat Pphi2.asymEvalMapInv
thm	GaussianField.latticeGaussianFieldLawAsym_fourier	GaussianField.DensityAsym	GaussianField.charFun GaussianField.AsymLatticeSites GaussianField.measure GaussianField.ell2_separableSpace GaussianField.asymLatticeField_dyninMityaginSpace GaussianField.measurable_evalMapAsym GaussianField.latticeGaussianFieldLawAsym GaussianField.config_apply_eq_sum_evalMapAsym GaussianField.Configuration GaussianField.AsymLatticeField GaussianField.evalMapAsym GaussianField.instMeasurableSpaceConfiguration GaussianField.instFintypeAsymLatticeSitesOfNeZeroNat GaussianField.latticeCovarianceAsymGJ GaussianField.ell2'
def	Pphi2.transferGaussian	Pphi2.TransferMatrix.L2Operator	Pphi2.SpatialField Pphi2.timeCoupling
thm	GaussianField.compact_selfAdjoint_spectral_nat	GaussianField.NuclearSVD	GaussianField.hilbertBasis_fintype_finiteDimensional GaussianField.compact_selfAdjoint_spectral GaussianField.orthonormal_countable'
def	Pphi2.asymCanonicalSmoothInteraction	Pphi2.NelsonEstimate.AsymCovarianceBoundsGJ	GaussianField.AsymLatticeSites Pphi2.AsymCanonicalJoint Pphi2.asymSmoothWickConstant GaussianField.instFintypeAsymLatticeSitesOfNeZeroNat Pphi2.asymCanonicalSmoothFieldFunction Pphi2.wickPolynomial
def	Pphi2.asymCanonicalRoughCovariance	Pphi2.NelsonEstimate.AsymCovarianceBoundsGJ	GaussianField.AsymLatticeSites Pphi2.asymCanonicalBasis Pphi2.asymCanonicalRoughWeight Pphi2.asymCanonicalNormSq
thm	GaussianField.massOperator_offDiag_nonpos	Lattice.FKG	GaussianField.finLatticeDelta GaussianField.FinLatticeSites GaussianField.finiteLaplacianFun GaussianField.finiteLaplacian GaussianField.FinLatticeField GaussianField.massOperatorEntry Lattice.toSemilatticeInf
thm	Pphi2.asym_heat_kernel_trace_factorization	Pphi2.NelsonEstimate.AsymCovarianceBoundsGJ	GaussianField.latticeEigenvalue1d Pphi2.asymCanonicalEigenvalue
def	Pphi2.interactingPartitionFunction	Pphi2.InteractingMeasure.General	Pphi2.interactingBoltzmannWeight GaussianField.Configuration GaussianField.instMeasurableSpaceConfiguration
thm	GaussianField.pair_right_injective	Cylinder.PositiveTime
thm	GaussianField.spectralCLM_smul	HeatKernel.Axioms	GaussianField.DyninMityaginSpace GaussianField.DyninMityaginSpace.coeff GaussianField.spectralCLM_coord GaussianField.spectralCLM GaussianField.ell2' GaussianField.IsBoundedSeq
thm	GaussianField.periodizeSmoothCircle_smul	SchwartzNuclear.Periodization	GaussianField.periodizeFun GaussianField.SmoothMap_Circle.instFunLike GaussianField.SmoothMap_Circle.ext GaussianField.periodize_smooth GaussianField.SmoothMap_Circle.instSMul GaussianField.periodizeFun_periodic GaussianField.SmoothMap_Circle GaussianField.periodizeSmoothCircle
def	GaussianField.massEigenvectorBasisAsym	Lattice.AsymCovariance	GaussianField.AsymLatticeSites GaussianField.massOperatorMatrixAsym GaussianField.massMatrixAsymHerm GaussianField.instFintypeAsymLatticeSitesOfNeZeroNat
def	GaussianField.torusTranslation	Torus.Symmetry	GaussianField.NuclearTensorProduct.instModuleReal GaussianField.circleTranslation GaussianField.NuclearTensorProduct.instTopologicalSpace GaussianField.nuclearTensorProduct_mapCLM GaussianField.SmoothMap_Circle.instAddCommGroup GaussianField.NuclearTensorProduct.instAddCommGroup GaussianField.SmoothMap_Circle.instModule GaussianField.SmoothMap_Circle.instContinuousSMul GaussianField.smoothCircle_dyninMityaginSpace GaussianField.SmoothMap_Circle.instIsTopologicalAddGroup GaussianField.SmoothMap_Circle GaussianField.TorusTestFunction GaussianField.SmoothMap_Circle.instTopologicalSpace
def	GaussianField.evalMapAsymInv	GaussianField.DensityAsym	GaussianField.AsymLatticeSites GaussianField.Configuration GaussianField.AsymLatticeField GaussianField.instFintypeAsymLatticeSitesOfNeZeroNat
thm	Pphi2.canonicalSmoothGamma.congr_simp	Pphi2.NelsonEstimate.FieldDecomposition	GaussianField.FinLatticeSites Pphi2.canonicalSmoothGamma
thm	Pphi2.poly_even_degree_bounded_below	Pphi2.WickOrdering.WickPolynomial	Lattice.toSemilatticeInf
thm	Pphi2.schwinger_rough_interval	Pphi2.NelsonEstimate.HeatKernelBound
def	GaussianHilbert.ouSemigroupAct	GaussianHilbert.OUEigenfunctions	GaussianHilbert.stdGaussianFin GaussianHilbert.wienerChaos GaussianHilbert.chaosCoordEquiv GaussianHilbert.chaosDiagCLM
thm	Pphi2.asymCanonicalJointMeasure_map_stdGaussianEuclidean	Pphi2.NelsonEstimate.AsymFieldDecomposition	Pphi2.AsymCanonicalJointSumIndex Pphi2.AsymCanonicalJoint Pphi2.asymCanonicalJointMeasure Pphi2.AsymCanonicalMode
thm	Pphi2.latticeEuclideanTimeSeparation_val	Pphi2.InteractingMeasure.LatticeEuclideanTime	Pphi2.latticeEuclideanTimeSeparation
thm	GaussianField.sum_cos_zmod_eq_zero	Lattice.CirculantDFT	GaussianField.sin_zmod_succ GaussianField.cos_zmod_succ Lattice.toSemilatticeInf
def	Pphi2.EuclideanOS.OS3_ReflectionPositivity	Pphi2.EuclideanOS	Pphi2.EuclideanPlaneBackground.SpaceTime Pphi2.EuclideanPlaneBackground.RealTestFunction Pphi2.EuclideanPlaneBackground.dim Pphi2.EuclideanTimeStructure.positiveTimeSubmodule Pphi2.EuclideanPlaneBackground Pphi2.EuclideanTimeStructure GaussianField.instMeasurableSpaceConfiguration Pphi2.EuclideanTimeStructure.reflectOnRealTestFunctions Pphi2.EuclideanOS.generatingFunctional Pphi2.EuclideanPlaneBackground.Distribution
def	GaussianField.asymLatticeField_dyninMityaginSpace	Lattice.AsymFiniteField	GaussianField.DyninMityaginSpace GaussianField.AsymLatticeSites GaussianField.asymLatticeCoeffCLM GaussianField.asymLatticeBasisVec GaussianField.AsymLatticeField GaussianField.asymLatticeSeminorm
thm	Pphi2.lattice_volume_eq	Pphi2.InteractingMeasure.UniformBounds	Pphi2.latticeSites_card GaussianField.FinLatticeSites
def	Pphi2.partitionFunction	Pphi2.InteractingMeasure.LatticeMeasure	GaussianField.FinLatticeSites GaussianField.latticeGaussianMeasure GaussianField.Configuration GaussianField.instMeasurableSpaceConfiguration Pphi2.boltzmannWeight GaussianField.FinLatticeField
def	GaussianField.torusEmbedCLMGJ	Torus.Evaluation	GaussianField.NuclearTensorProduct.instModuleReal GaussianField.NuclearTensorProduct.instTopologicalSpace GaussianField.FinLatticeSites GaussianField.NuclearTensorProduct.instIsTopologicalAddGroup GaussianField.NuclearTensorProduct.instAddCommGroup GaussianField.Configuration GaussianField.NuclearTensorProduct.instContinuousSMulReal GaussianField.SmoothMap_Circle GaussianField.evalTorusAtSiteGJ GaussianField.FinLatticeField GaussianField.TorusTestFunction
def	GaussianField.configBasisEval	GaussianField.ConfigurationEmbedding	GaussianField.DyninMityaginSpace GaussianField.Configuration GaussianField.DyninMityaginSpace.basis
thm	GaussianField.gffOrthonormalCoord_independent	GaussianField.StandardGaussianBridge	GaussianField.cross_moment_eq_covariance GaussianField.finLatticeField_dyninMityaginSpace GaussianField.measure GaussianField.ell2_separableSpace GaussianField.FinLatticeSites GaussianField.latticeCovarianceGJ GaussianField.pairing_memLp GaussianField.measure_centered GaussianField.latticeCovarianceGJ_eigenvector_inner_off GaussianField.latticeGaussianMeasure_isProbability GaussianField.gffOrthonormalCoord GaussianField.latticeGaussianMeasure GaussianField.Configuration GaussianField.massEigenvalues GaussianField.massEigenvectorBasis GaussianField.instMeasurableSpaceConfiguration GaussianField.ell2' GaussianField.FinLatticeField
thm	Pphi2.schwinger1_eq_free_expectation	Pphi2.InteractingMeasure.General	Pphi2.interactingBoltzmannWeight_ennreal_measurable Pphi2.interactingPartitionFunction Pphi2.schwinger1 Pphi2.interactingBoltzmannWeight GaussianField.Configuration Pphi2.interactingBoltzmannWeight_pos GaussianField.instMeasurableSpaceConfiguration Pphi2.interactingPartitionFunction_pos
thm	GaussianField.heatMultiplierCLM_reflection_comm	Cylinder.FourierMultiplier	GaussianField.heatSymbol GaussianField.heatSymbol_hasTemperateGrowth GaussianField.heatMultiplierCLM GaussianField.realFourierMultiplierCLM_even_reflection_comm GaussianField.schwartzReflection GaussianField.heatSymbol_even
def	Pphi2.torusEmbeddedTwoPoint	Pphi2.TorusContinuumLimit.TorusEmbedding	GaussianField.NuclearTensorProduct.instModuleReal GaussianField.NuclearTensorProduct.instTopologicalSpace Pphi2.torusContinuumMeasure GaussianField.NuclearTensorProduct.instAddCommGroup GaussianField.Configuration GaussianField.SmoothMap_Circle GaussianField.instMeasurableSpaceConfiguration GaussianField.TorusTestFunction
def	Pphi2.pphi2PairingMeasureModel	Pphi2.FormulationAdapter	Pphi2.EuclideanPlaneBackground.SpaceTime Pphi2.FieldConfig2 Common.QFT.Euclidean.MeasureModel.toPairingMeasureModel Pphi2.EuclideanPlaneBackground.RealTestFunction Pphi2.planeBackground Common.QFT.Euclidean.PairingMeasureModel Pphi2.EuclideanPlaneBackground.dim Pphi2.pphi2Formulation GaussianField.instMeasurableSpaceConfiguration Pphi2.pphi2MeasureModel
thm	Pphi2.interactionFunctional_eq_single	Pphi2.InteractingMeasure.MomentDerivative	GaussianField.finLatticeDelta GaussianField.FinLatticeSites Pphi2.finLatticeDelta_eq_single GaussianField.Configuration Pphi2.wickConstant GaussianField.FinLatticeField Pphi2.interactionFunctional Pphi2.wickPolynomial
def	Pphi2.pphi2TensorSchwingerModel	Pphi2.FormulationAdapter	Pphi2.EuclideanPlaneBackground.SpaceTime Pphi2.FieldConfig2 Pphi2.EuclideanPlaneBackground.RealTestFunction Pphi2.planeBackground Common.QFT.Euclidean.Formulation.TestFunction Common.QFT.Euclidean.TensorSchwingerModel Pphi2.EuclideanPlaneBackground.dim Pphi2.pphi2Formulation GaussianField.instMeasurableSpaceConfiguration
thm	GaussianField.SmoothMap_Circle.contDiffAt_of_smooth	SmoothCircle.Basic	GaussianField.SmoothMap_Circle.instFunLike GaussianField.SmoothMap_Circle.smooth GaussianField.SmoothMap_Circle
thm	GaussianField.RapidDecaySeq.rapidDecaySeminorm_basisVec	Nuclear.NuclearTensorProduct	GaussianField.RapidDecaySeq.rapidDecaySeminorm GaussianField.RapidDecaySeq GaussianField.RapidDecaySeq.val GaussianField.RapidDecaySeq.instSMul GaussianField.RapidDecaySeq.basisVec GaussianField.RapidDecaySeq.instAddCommGroup
thm	GaussianField.cylinderMassOperator_timeTranslation_equivariant	Cylinder.GreenFunction	GaussianField.NuclearTensorProduct.instModuleReal GaussianField.NuclearTensorProduct.instTopologicalSpace GaussianField.cylinderTimeTranslationSym GaussianField.CylinderTestFunction GaussianField.NuclearTensorProduct.instAddCommGroup GaussianField.cylinderMassOperator GaussianField.SmoothMap_Circle GaussianField.cylinderMassOperator_equivariant GaussianField.ell2' GaussianField.cylinderTimeTranslation
def	Pphi2.SpaceTime2	Pphi2.Backgrounds.EuclideanPlane2D	Pphi2.ContinuumSpaceTime
thm	GaussianField.gffPositionCovariance_eq_covarianceGJ	GaussianField.WickMultivariate	GaussianField.covariance GaussianField.FinLatticeSites GaussianField.latticeCovarianceGJ GaussianField.lattice_covariance_GJ_eq_spectral GaussianField.gffPositionCovariance GaussianField.massEigenvalues GaussianField.massEigenvectorBasis GaussianField.massOperatorMatrix_eigenvalues_pos GaussianField.ell2' GaussianField.FinLatticeField
thm	GaussianField.NuclearTensorProduct.lift_pure	Nuclear.NuclearTensorProduct	GaussianField.DyninMityaginSpace GaussianField.NuclearTensorProduct.instModuleReal GaussianField.NuclearTensorProduct.instTopologicalSpace GaussianField.DyninMityaginSpace.coeff GaussianField.RapidDecaySeq.val GaussianField.DyninMityaginSpace.ι GaussianField.NuclearTensorProduct GaussianField.DyninMityaginSpace.hasSum_basis GaussianField.NuclearTensorProduct.instAddCommGroup GaussianField.DyninMityaginSpace.h_with GaussianField.DyninMityaginSpace.basis GaussianField.NuclearTensorProduct.pure GaussianField.NuclearTensorProduct.lift GaussianField.DyninMityaginSpace.p
thm	Pphi2.LatticeSetup.latticeSmoothInteraction_of_pure	Pphi2.NelsonEstimate.LatticeSetup	Pphi2.LatticeSetup.latticeSmoothInteraction Pphi2.smoothWickConstant GaussianField.finLatticeDelta GaussianField.FinLatticeSites Pphi2.LatticeSetup.wickPolynomial_of_pure Pphi2.wickMonomial GaussianField.Configuration GaussianField.FinLatticeField Pphi2.wickPolynomial
def	Pphi2.asymCanonicalSmoothFieldFunction	Pphi2.NelsonEstimate.AsymFieldDecomposition	GaussianField.AsymLatticeSites Pphi2.AsymCanonicalJoint Pphi2.asymCanonicalSmoothModeCoeff GaussianField.AsymLatticeField Pphi2.AsymCanonicalMode
thm	GaussianField.heatMultiplierCLM_comp	Cylinder.FourierMultiplier	GaussianField.heatSymbol_mul GaussianField.heatSymbol GaussianField.heatSymbol_hasTemperateGrowth GaussianField.heatMultiplierCLM GaussianField.realFourierMultiplierCLM GaussianField.realFourierMultiplierCLM_comp GaussianField.heatSymbol_even
thm	Pphi2.asymInteractingVariance_le_freeVariance_lattice	Pphi2.AsymTorus.AsymVarianceBound	Pphi2.partitionFunctionAsym_ge_one GaussianField.AsymLatticeSites GaussianField.measure GaussianField.ell2_separableSpace GaussianField.asymLatticeField_dyninMityaginSpace Pphi2.asymNelson_exponential_estimate_iso GaussianField.pairing_memLp Pphi2.partitionFunctionAsym GaussianField.configuration_eval_measurable GaussianField.Configuration Pphi2.density_transfer_bound_iso GaussianField.gaussian_hypercontractive GaussianField.AsymLatticeField Pphi2.latticeGaussianMeasureAsym Pphi2.interactingLatticeMeasureAsym Pphi2.interactionFunctionalAsym GaussianField.instMeasurableSpaceConfiguration GaussianField.latticeCovarianceAsymGJ GaussianField.ell2' Lattice.toSemilatticeInf
thm	Pphi2.spectralCov_massOperator_inner	Pphi2.InteractingMeasure.LeadingTerm	GaussianField.FinLatticeSites GaussianField.eigenbasis_completeness GaussianField.massOperator GaussianField.spectralLatticeCovariance_inner GaussianField.massEigenvalues GaussianField.spectralLatticeCovariance GaussianField.massEigenvectorBasis GaussianField.massOperatorMatrix_eigenvalues_pos GaussianField.ell2' GaussianField.FinLatticeField GaussianField.massOperator_eigenCoeff_eq_eigenvalues_mul_eigenCoeff
thm	GaussianField.latticeHeatKernelMatrix_commute	Lattice.HeatKernel	GaussianField.FinLatticeSites GaussianField.latticeHeatKernelMatrix GaussianField.negLaplacianMatrix
thm	GaussianField.SmoothMap_Circle.neg_apply	SmoothCircle.Basic	GaussianField.SmoothMap_Circle.instFunLike GaussianField.SmoothMap_Circle GaussianField.SmoothMap_Circle.instNeg
def	GaussianField.circleRestriction	SmoothCircle.Restriction	GaussianField.SmoothMap_Circle.instAddCommGroup GaussianField.SmoothMap_Circle.instModule GaussianField.SmoothMap_Circle GaussianField.circleRestrictionLM GaussianField.SmoothMap_Circle.instTopologicalSpace
def	GaussianField.infiniteLaplacian	Lattice.Laplacian	GaussianField.RapidDecayLattice.instAddCommGroup GaussianField.RapidDecayLattice GaussianField.RapidDecayLattice.instTopologicalSpace GaussianField.RapidDecayLattice.instModule
thm	GaussianField.latticeTranslation_commute_heatKernel	Lattice.Symmetry	GaussianField.FinLatticeSites GaussianField.latticeTranslationMatrix_commute_negLaplacian GaussianField.latticeHeatKernelMatrix_commute GaussianField.latticeHeatKernelMatrix GaussianField.latticeTranslationMatrix
thm	Pphi2.FieldDecomposition.jointProbability	Pphi2.NelsonEstimate.FieldDecomposition	Pphi2.FieldDecomposition.μ_joint Pphi2.FieldDecomposition Pphi2.FieldDecomposition.Joint Pphi2.FieldDecomposition.jointMeasurable
def	Common.QFT.Euclidean.PairingMeasureModel.pairing	Common.QFT.Euclidean.Formulations	Common.QFT.Euclidean.PairingMeasureModel Common.QFT.Euclidean.Formulation.TestFunction Common.QFT.Euclidean.Formulation
def	GaussianField.insertDecompEquiv	Lattice.FKG
thm	Pphi2.asymShift_delta	Pphi2.AsymTorus.AsymWickVariance	GaussianField.AsymLatticeSites Pphi2.asymShift GaussianField.AsymLatticeField GaussianField.asymLatticeDelta
thm	Pphi2.canonicalRoughError_sq_integrable	Pphi2.NelsonEstimate.RoughErrorBound	Pphi2.canonicalJointMeasure Pphi2.canonicalJointStdGaussianMeasurableEquiv GaussianHilbert.stdGaussianFin GaussianHilbert.wienerChaosLE Pphi2.CanonicalJointSumIndex Pphi2.canonicalJointMeasure_map_stdGaussian Pphi2.canonicalRoughError Pphi2.CanonicalJoint
def	GaussianField.IsFieldMonotone	Lattice.FKG	GaussianField.finLatticeDelta GaussianField.FinLatticeSites GaussianField.Configuration GaussianField.FinLatticeField
thm	Pphi2.torusContinuumGreen_pos	Pphi2.TorusContinuumLimit.TorusPropagatorConvergence	Pphi2.torusContinuumGreen GaussianField.NuclearTensorProduct.instModuleReal GaussianField.greenFunctionBilinear_pos GaussianField.NuclearTensorProduct.instTopologicalSpace GaussianField.DyninMityaginSpace.toT1Space GaussianField.circleHasLaplacianEigenvalues GaussianField.NuclearTensorProduct.dyninMityaginSpace GaussianField.SmoothMap_Circle.instAddCommGroup GaussianField.NuclearTensorProduct.instIsTopologicalAddGroup GaussianField.tensorProductHasLaplacianEigenvalues GaussianField.NuclearTensorProduct.instAddCommGroup GaussianField.SmoothMap_Circle.instModule GaussianField.SmoothMap_Circle.instContinuousSMul GaussianField.smoothCircle_dyninMityaginSpace GaussianField.SmoothMap_Circle.instIsTopologicalAddGroup GaussianField.NuclearTensorProduct.instContinuousSMulReal GaussianField.SmoothMap_Circle GaussianField.TorusTestFunction GaussianField.SmoothMap_Circle.instTopologicalSpace
thm	Pphi2.interactingBoltzmannWeight_ennreal_measurable	Pphi2.InteractingMeasure.General	Pphi2.interactingBoltzmannWeight GaussianField.Configuration GaussianField.instMeasurableSpaceConfiguration
def	Pphi2.pphi2MeasureToTensorBridge	Pphi2.FormulationAdapter	Pphi2.EuclideanPlaneBackground.SpaceTime Pphi2.FieldConfig2 Pphi2.EuclideanPlaneBackground.RealTestFunction Pphi2.planeBackground Pphi2.EuclideanPlaneBackground.dim Pphi2.pphi2Formulation Pphi2.pphi2PairingMeasureModel Common.QFT.Euclidean.MeasureToTensorBridge GaussianField.instMeasurableSpaceConfiguration Pphi2.pphi2TensorSchwingerModel
thm	Pphi2.asymCanonicalRoughCovariance_eq_sum_gamma_mul_gamma	Pphi2.NelsonEstimate.AsymCrossTermL2Identity	GaussianField.AsymLatticeSites Pphi2.asymCanonicalBasis Pphi2.asymCanonicalRoughModeCoeff Pphi2.asymCanonicalRoughGamma Pphi2.asymCanonicalRoughGamma.congr_simp GaussianField.latticeFourierNormSq GaussianField.latticeFourierNormSq_pos Pphi2.asymCanonicalRoughWeight Pphi2.AsymCanonicalMode Pphi2.asymCanonicalRoughCovariance Pphi2.asymCanonicalNormSq
thm	Pphi2.latticeEuclideanTimeShift.congr_simp	Pphi2.InteractingMeasure.LatticeEuclideanTime	Pphi2.latticeEuclideanTimeShift
def	Pphi2.interactingLatticeMeasureAsym	Pphi2.AsymTorus.AsymLatticeMeasure	GaussianField.AsymLatticeSites Pphi2.boltzmannWeightAsym Pphi2.partitionFunctionAsym GaussianField.Configuration GaussianField.AsymLatticeField Pphi2.latticeGaussianMeasureAsym GaussianField.instMeasurableSpaceConfiguration
def	GaussianField.multiIndicesOfDegree	GaussianField.WickMultivariate	GaussianField.FinLatticeSites GaussianField.multiIndicesUpToDegree GaussianField.MultiIndexLattice.totalDegree
thm	Pphi2.massParameter_positive	Pphi2.Main	Pphi2.EuclideanPlaneBackground.SpaceTime Pphi2.SatisfiesFullOS Pphi2.planeBackground Pphi2.EuclideanPlaneBackground.dim GaussianField.Configuration GaussianField.instMeasurableSpaceConfiguration Pphi2.ContinuumTestFunction
thm	GaussianField.asymLatticeDelta.congr_simp	Lattice.AsymCovariance	GaussianField.AsymLatticeSites GaussianField.asymLatticeDelta
def	GaussianField.CylinderPositiveTimeTestFunction	Cylinder.PositiveTime	GaussianField.NuclearTensorProduct.instModuleReal GaussianField.cylinderPositiveTimeSubmodule GaussianField.CylinderTestFunction GaussianField.NuclearTensorProduct.instAddCommGroup GaussianField.SmoothMap_Circle
thm	Pphi2.asymTransferWeight_memLp_two	Pphi2.AsymTorus.AsymL2Operator	Pphi2.asymTransferWeight_measurable Pphi2.asymTransferWeight_gaussian_decay Pphi2.SpatialField Pphi2.asymTransferWeight Pphi2.asymTransferWeight_pos Lattice.toSemilatticeInf
thm	GaussianField.fourierFreq_paired	SmoothCircle.HeatEquivariance	GaussianField.SmoothMap_Circle.fourierFreq
def	Pphi2.DynamicalCutoff.degreeDynamicalCutoffScale	Pphi2.NelsonEstimate.DynamicalCutoff	Pphi2.DynamicalCutoff.degreeCutoffPower
thm	Pphi2.pphi2_wightman	Pphi2.Main	Pphi2.EuclideanPlaneBackground.SpaceTime Pphi2.SatisfiesFullOS Pphi2.planeBackground Pphi2.EuclideanPlaneBackground.dim Pphi2.pphi2_exists_os_and_massParameter_positive GaussianField.Configuration GaussianField.instMeasurableSpaceConfiguration Pphi2.ContinuumTestFunction
thm	Pphi2.torusGeneratingFunctional.congr_simp	Pphi2.TorusContinuumLimit.TorusInteractingOS	GaussianField.NuclearTensorProduct.instModuleReal GaussianField.NuclearTensorProduct.instTopologicalSpace GaussianField.NuclearTensorProduct.instIsTopologicalAddGroup Pphi2.torusGeneratingFunctional GaussianField.NuclearTensorProduct.instAddCommGroup GaussianField.Configuration GaussianField.NuclearTensorProduct.instContinuousSMulReal GaussianField.SmoothMap_Circle GaussianField.instMeasurableSpaceConfiguration GaussianField.TorusTestFunction
thm	Pphi2.integral_pow_interactingLatticeMeasure	Pphi2.InteractingMeasure.U4AffineBound	GaussianField.FinLatticeSites Pphi2.partitionFunction Pphi2.interactionFunctional_measurable Pphi2.interactingLatticeMeasure Pphi2.gibbsMoment GaussianField.latticeGaussianMeasure GaussianField.Configuration Pphi2.normalizedMoment GaussianField.instMeasurableSpaceConfiguration Pphi2.boltzmannWeight Pphi2.partitionFn GaussianField.FinLatticeField Pphi2.interactionFunctional Pphi2.partitionFunction_pos Pphi2.boltzmannWeight_pos
thm	GaussianField.gaussianDensityWeightAsym.congr_simp	GaussianField.DensityAsym	GaussianField.gaussianDensityWeightAsym GaussianField.AsymLatticeField
thm	Pphi2.canonicalRoughError_neg_tail_of_stdGaussian	Pphi2.NelsonEstimate.RoughErrorBound	Pphi2.canonicalJointMeasure Pphi2.ChaosTailBridge.chaos_neg_tail_bound Pphi2.canonicalJointStdGaussianMeasurableEquiv GaussianHilbert.stdGaussianFin GaussianHilbert.wienerChaosLE Pphi2.CanonicalJointSumIndex Pphi2.canonicalJointMeasure_map_stdGaussian Pphi2.canonicalRoughError Pphi2.CanonicalJoint
thm	Common.QFT.Euclidean.SchwingerFormulation.instIsTopologicalAddGroupComplexTestFunction	Common.QFT.Euclidean.Formulations	Common.QFT.Euclidean.SchwingerFormulation.instAddCommGroupComplexTestFunction Common.QFT.Euclidean.Formulation.ComplexTestFunction Common.QFT.Euclidean.SchwingerFormulation.toFormulation Common.QFT.Euclidean.SchwingerFormulation Common.QFT.Euclidean.SchwingerFormulation.instTopologicalSpaceComplexTestFunction
def	Pphi2.EuclideanPlaneBackground.translationMotion	Pphi2.Backgrounds.EuclideanPlane	Pphi2.EuclideanPlaneBackground.SpaceTime Pphi2.EuclideanPlaneBackground.dim Pphi2.EuclideanPlaneBackground.Motion Pphi2.EuclideanPlaneBackground
thm	GaussianField.gffSmearedCovariance_single_right	GaussianField.WickMultivariate	GaussianField.FinLatticeSites GaussianField.gffPositionCovariance GaussianField.gffSmearedCovariance_eq_sum_position GaussianField.FinLatticeField GaussianField.gffSmearedCovariance
thm	GaussianField.gaussianDensityNormConst_ne_top	GaussianField.Density	GaussianField.latticeGaussianFieldLaw_univ GaussianField.FinLatticeSites GaussianField.gaussianDensityMeasure GaussianField.gaussianDensityNormConst GaussianField.latticeGaussianFieldLaw GaussianField.latticeGaussianFieldLaw_eq_normalizedGaussianDensityMeasure GaussianField.normalizedGaussianDensityMeasure GaussianField.FinLatticeField
def	Pphi2.euclideanAction2ℂ	Pphi2.Backgrounds.EuclideanPlane2D	Pphi2.EuclideanPlaneBackground.SpaceTime Pphi2.E2 Pphi2.planeBackground Pphi2.EuclideanPlaneBackground.dim Pphi2.continuumEuclideanActionComplex Pphi2.TestFunction2ℂ
def	Common.QFT.Euclidean.Formulation.PositiveTimeTestFunction	Common.QFT.Euclidean.Formulations	Common.QFT.Euclidean.Formulation.positiveTimeTestFunctions Common.QFT.Euclidean.Formulation.TestFunction Common.QFT.Euclidean.Formulation
struct	Common.QFT.Euclidean.GeneratingFunctionalModel	Common.QFT.Euclidean.Formulations	Common.QFT.Euclidean.Formulation
thm	Pphi2.convolution_gaussian_strictly_positive_definite	Pphi2.TransferMatrix.Jentzsch	Pphi2.L2SpatialField Pphi2.SpatialField Pphi2.transferGaussian_memLp Pphi2.gaussian_conv_strictlyPD Pphi2.transferGaussian
thm	GaussianField.nuclear_clm_basis	GaussianField.NuclearSVD	GaussianField.nuclear_clm GaussianField.ell2_basis GaussianField.ell2'
def	Pphi2.TorusOS2_TranslationInvariance	Pphi2.TorusContinuumLimit.TorusOSAxioms	GaussianField.NuclearTensorProduct.instModuleReal GaussianField.NuclearTensorProduct.instTopologicalSpace GaussianField.NuclearTensorProduct.instIsTopologicalAddGroup Pphi2.torusGeneratingFunctional GaussianField.NuclearTensorProduct.instAddCommGroup GaussianField.torusTranslation GaussianField.Configuration GaussianField.NuclearTensorProduct.instContinuousSMulReal GaussianField.SmoothMap_Circle GaussianField.instMeasurableSpaceConfiguration GaussianField.TorusTestFunction
thm	Pphi2.gaussianDensity_translation_invariant	Pphi2.OSProofs.OS2_WardIdentity	Pphi2.latticeTranslation GaussianField.FinLatticeSites GaussianField.massOperator Pphi2.massOperator_translation_commute GaussianField.gaussianDensity GaussianField.FinLatticeField
thm	Pphi2.normalizedMomentDeriv2_abs_le	Pphi2.InteractingMeasure.U4SecondDerivBound	Pphi2.ratio_l2_bound Pphi2.partitionFn_ge_one Pphi2.torus_normConst_field_moment_uniform Pphi2.partitionFnDeriv GaussianField.FinLatticeSites Pphi2.partitionFnDeriv2 Pphi2.gibbsMoment Pphi2.integrable_pow_pairing Pphi2.normalizedMomentDeriv2 Pphi2.torus_free_product_moment_uniform Pphi2.memLp_pairing_pow_mul_interaction_pow GaussianField.latticeGaussianMeasure GaussianField.configuration_eval_measurable GaussianField.Configuration Pphi2.expMoment_two_le_uniform GaussianField.circleSpacing GaussianField.instMeasurableSpaceConfiguration Pphi2.momentDeriv2 Pphi2.partitionFn Pphi2.momentDeriv GaussianField.FinLatticeField Pphi2.interactionFunctional Lattice.toSemilatticeInf GaussianField.circleSpacing_pos
thm	Pphi2.canonicalSumFieldLaw_eq_latticeGaussianFieldLaw	Pphi2.NelsonEstimate.FieldDecomposition	GaussianField.measurable_evalMap GaussianField.latticeGaussianFieldLaw_pairing_is_gaussian GaussianField.evalMap GaussianField.FinLatticeSites GaussianField.latticeCovarianceGJ Pphi2.canonicalSumFieldLaw_isGaussian GaussianField.latticeGaussianFieldLaw GaussianField.latticeGaussianMeasure_isProbability GaussianField.latticeGaussianMeasure GaussianField.cramerWold GaussianField.Configuration GaussianField.instMeasurableSpaceConfiguration Pphi2.canonicalSumFieldLaw GaussianField.ell2' GaussianField.FinLatticeField
thm	GaussianField.SmoothMap_Circle.toRapidDecay_continuous	SmoothCircle.Nuclear	GaussianField.RapidDecaySeq.rapidDecaySeminorm GaussianField.SmoothMap_Circle.smoothCircle_withSeminorms GaussianField.SmoothMap_Circle.fourierCoeffReal_decay GaussianField.RapidDecaySeq GaussianField.SmoothMap_Circle.instAddCommGroup GaussianField.SmoothMap_Circle.fourierCoeffReal GaussianField.RapidDecaySeq.instModule GaussianField.SmoothMap_Circle.instSMul GaussianField.SmoothMap_Circle.toRapidDecayLM GaussianField.SmoothMap_Circle.fourierCoeff_rapid_decay GaussianField.SmoothMap_Circle.instModule GaussianField.RapidDecaySeq.instAddCommGroup GaussianField.SmoothMap_Circle GaussianField.RapidDecaySeq.instTopologicalSpace GaussianField.SmoothMap_Circle.sobolevSeminorm GaussianField.RapidDecaySeq.rapidDecay_withSeminorms GaussianField.SmoothMap_Circle.instTopologicalSpace Lattice.toSemilatticeInf
thm	Pphi2.boltzmannWeight.congr_simp	Pphi2.InteractingMeasure.LatticeMeasure	GaussianField.FinLatticeSites GaussianField.Configuration Pphi2.boltzmannWeight GaussianField.FinLatticeField
thm	Pphi2.os4_lattice	Pphi2.OSProofs.OS4_Ergodicity	Pphi2.massGap_pos Pphi2.massGap
def	Pphi2.TorusInteractingTheoryExists	Pphi2.TorusContinuumLimit.TorusNontriviality	GaussianField.NuclearTensorProduct.instModuleReal GaussianField.NuclearTensorProduct.instTopologicalSpace Pphi2.IsTorusPphi2Limit GaussianField.NuclearTensorProduct.instAddCommGroup GaussianField.Configuration GaussianField.SmoothMap_Circle GaussianField.instMeasurableSpaceConfiguration Pphi2.TorusIsInteracting Pphi2.TorusIsNondegenerate GaussianField.TorusTestFunction
thm	Pphi2.canonicalSmoothWickPower_two_site_marginal_eq_diag	Pphi2.NelsonEstimate.FieldDecomposition	Pphi2.smoothWickConstant Pphi2.canonicalSmoothCovariance GaussianField.FinLatticeSites Pphi2.canonicalSmoothGamma Pphi2.wickPower_two_site_pi_gaussianReal_eq_diag Pphi2.wickMonomial Pphi2.canonicalSmoothFieldFunctionOfFst Pphi2.canonicalSmoothFieldFunctionOfFst_eq_sum_gamma
thm	Pphi2.asymSmoothWickConstant.congr_simp	Pphi2.NelsonEstimate.AsymCovarianceBoundsGJ	Pphi2.asymSmoothWickConstant
def	Pphi2.asymSliceMeasurableEquiv	Pphi2.AsymTorus.AsymMeasureFactorization	GaussianField.AsymLatticeSites Pphi2.sliceReindexMeasurableEquiv Pphi2.SpatialField GaussianField.AsymLatticeField
def	Pphi2.pairing2D	Pphi2.OSProofs.OS3_RP_Lattice
thm	Pphi2.asymCanonicalRoughFieldFunction_pointwise_measurable	Pphi2.NelsonEstimate.AsymFieldDecomposition	GaussianField.AsymLatticeSites Pphi2.asymCanonicalRoughModeCoeff Pphi2.AsymCanonicalJoint Pphi2.asymCanonicalRoughFieldFunction Pphi2.AsymCanonicalMode
def	Pphi2.interactionFunctional	Pphi2.InteractingMeasure.LatticeMeasure	GaussianField.finLatticeDelta GaussianField.FinLatticeSites GaussianField.Configuration Pphi2.wickConstant GaussianField.FinLatticeField Pphi2.wickPolynomial
thm	GaussianField.ahlswede_daykin_one_dim	Lattice.FKG	GaussianField.algebraic_four_functions
thm	GaussianField.greenFunctionBilinear_smul_right	HeatKernel.Bilinear	GaussianField.DyninMityaginSpace GaussianField.HasLaplacianEigenvalues GaussianField.greenFunctionBilinear_smul_left GaussianField.greenFunctionBilinear GaussianField.greenFunctionBilinear_symm
def	Common.QFT.Euclidean.TensorToDistributionalBridge.ctorIdx	Common.QFT.Euclidean.Formulations	Common.QFT.Euclidean.TensorSchwingerModel Common.QFT.Euclidean.TensorToDistributionalBridge Common.QFT.Euclidean.SchwingerFormulation.toFormulation Common.QFT.Euclidean.SchwingerFormulation
thm	Pphi2.wickConstant_antitone_mass	Pphi2.WickOrdering.Counterterm	GaussianField.FinLatticeSites GaussianField.latticeLaplacianEigenvalue GaussianField.latticeEigenvalue_pos Pphi2.wickConstant GaussianField.latticeEigenvalue
thm	Pphi2.AsymTorusSequenceHasUniformGreenMomentBound.of_forall	Pphi2.IRLimit.IRTightness	GaussianField.NuclearTensorProduct.instModuleReal GaussianField.NuclearTensorProduct.instTopologicalSpace GaussianField.NuclearTensorProduct.instIsTopologicalAddGroup Pphi2.AsymTorusSequenceHasUniformGreenMomentBound GaussianField.NuclearTensorProduct.instAddCommGroup GaussianField.Configuration GaussianField.NuclearTensorProduct.instContinuousSMulReal GaussianField.SmoothMap_Circle GaussianField.instMeasurableSpaceConfiguration Pphi2.MeasureHasGreenMomentBound GaussianField.AsymTorusTestFunction
def	Pphi2.EuclideanPlaneBackground.Motion.ctorIdx	Pphi2.Backgrounds.EuclideanPlane	Pphi2.EuclideanPlaneBackground.Motion Pphi2.EuclideanPlaneBackground
def	Pphi2.FieldDecomposition.φ_S	Pphi2.NelsonEstimate.FieldDecomposition	GaussianField.FinLatticeSites Pphi2.FieldDecomposition Pphi2.FieldDecomposition.Joint GaussianField.Configuration GaussianField.FinLatticeField
thm	Pphi2.latticeCovarianceAsymGJ_inner_eq_inv_a_sq_spectral	Pphi2.AsymTorus.AsymWickVariance	GaussianField.spectralLatticeCovarianceAsym GaussianField.AsymLatticeSites GaussianField.AsymLatticeField GaussianField.latticeCovarianceAsymGJ GaussianField.ell2'
thm	Pphi2.TransferGroundExcitedData.hi_ne	Pphi2.TransferMatrix.Positivity	Pphi2.TransferGroundExcitedData.i₀ Pphi2.TransferGroundExcitedData Pphi2.TransferGroundExcitedData.ι Pphi2.TransferGroundExcitedData.i₁
thm	GaussianField.gffPositionCovariance_symm	GaussianField.WickMultivariate	GaussianField.FinLatticeSites GaussianField.gffPositionCovariance
def	Pphi2.PositiveTimeSupported	Pphi2.OSProofs.OS3_RP_Lattice
def	GaussianField.latticeFourierProductBasisFun	Lattice.LatticeFourierProduct	GaussianField.latticeFourierBasisFun GaussianField.FinLatticeSites
def	GaussianField.RapidDecayLattice.instModule	Lattice.RapidDecayLattice	GaussianField.RapidDecayLattice.instAddCommGroup GaussianField.RapidDecayLattice GaussianField.RapidDecayLattice.instSMul
thm	GaussianField.finiteLaplacianFun.congr_simp	Lattice.Laplacian	GaussianField.FinLatticeSites GaussianField.finiteLaplacianFun GaussianField.FinLatticeField
thm	GaussianField.neighbors_card_le	Lattice.Sites	GaussianField.stdBasisInt GaussianField.neighbors
thm	Pphi2.torusGaussianOS_exists	Pphi2.TorusContinuumLimit.TorusOSAxioms	Pphi2.IsTorusGaussianContinuumLimit GaussianField.NuclearTensorProduct.instModuleReal GaussianField.NuclearTensorProduct.instTopologicalSpace Pphi2.torusGaussianLimit_satisfies_OS Pphi2.torusGaussianLimit_converges GaussianField.NuclearTensorProduct.instIsTopologicalAddGroup Pphi2.torusContinuumMeasure GaussianField.NuclearTensorProduct.instAddCommGroup Pphi2.SatisfiesTorusOS GaussianField.Configuration GaussianField.NuclearTensorProduct.instContinuousSMulReal GaussianField.SmoothMap_Circle GaussianField.instMeasurableSpaceConfiguration GaussianField.TorusTestFunction
thm	Pphi2.integrable_sum_mul_sum_of_pairwise	Pphi2.NelsonEstimate.RoughErrorBound
def	Pphi2.E2.act	Pphi2.Backgrounds.EuclideanPlane2D	Pphi2.EuclideanPlaneBackground.SpaceTime Pphi2.E2 Pphi2.EuclideanPlaneBackground.Motion.t Pphi2.EuclideanPlaneBackground.Motion.R Pphi2.planeBackground Pphi2.EuclideanPlaneBackground.dim Pphi2.SpaceTime2
thm	GaussianField.heatSingularValue_le_one	HeatKernel.Axioms	GaussianField.qftEigenvalue GaussianField.heatSingularValue GaussianField.qftEigenvalue_pos
def	GaussianField.schwartz_slice	SchwartzNuclear.SchwartzSlicing	GaussianField.euclideanSnoc
thm	GaussianField.evalMapAsymInv_measurable	GaussianField.DensityAsym	GaussianField.evalMapAsymInv_apply GaussianField.AsymLatticeSites GaussianField.configuration_measurable_of_eval_measurable GaussianField.Configuration GaussianField.AsymLatticeField GaussianField.instMeasurableSpaceConfiguration GaussianField.instFintypeAsymLatticeSitesOfNeZeroNat GaussianField.evalMapAsymInv
def	GaussianField.inverseResolventSymbol	Cylinder.FourierMultiplier
thm	GaussianField.SmoothMap_Circle.fourierBasisFun_smooth	SmoothCircle.Basic	GaussianField.SmoothMap_Circle.fourierBasisFun
def	Lattice.ofIsLUBofIsGLB	Mathlib.Order.Bounds.Basic	Lattice
thm	GaussianField.dft_1d_eigenvalue_pointwise	Lattice.CirculantDFT2d	GaussianField.latticeEigenvalue1d GaussianField.massOperatorMatrix GaussianField.latticeFourierBasisFun GaussianField.FinLatticeSites GaussianField.massOperator GaussianField.massOperator_eq_matrix_mulVec GaussianField.negLaplacian1d_dft_eigenvector GaussianField.finiteLaplacian GaussianField.FinLatticeField Lattice.toSemilatticeInf GaussianField.negLaplacianMatrix
thm	Pphi2.interactingLatticeMeasure.congr_simp	Pphi2.ContinuumLimit.Hypercontractivity	GaussianField.FinLatticeSites Pphi2.interactingLatticeMeasure GaussianField.Configuration GaussianField.instMeasurableSpaceConfiguration GaussianField.FinLatticeField
thm	GaussianField.latticeGaussianMeasure_density_integral	GaussianField.Density	GaussianField.finLatticeDelta GaussianField.FinLatticeSites GaussianField.latticeGaussianMeasure GaussianField.Configuration GaussianField.instMeasurableSpaceConfiguration GaussianField.gaussianDensity GaussianField.latticeGaussianMeasure_density_integral_of_fieldLaw GaussianField.FinLatticeField
def	Pphi2.canonicalStdFieldFunction	Pphi2.NelsonEstimate.FieldDecomposition	GaussianField.FinLatticeSites Pphi2.CanonicalJointSumIndex
def	GaussianField.asymTorusContinuumGreen	Cylinder.MethodOfImages	GaussianField.NuclearTensorProduct.instModuleReal GaussianField.NuclearTensorProduct.instTopologicalSpace GaussianField.circleHasLaplacianEigenvalues GaussianField.NuclearTensorProduct.dyninMityaginSpace GaussianField.SmoothMap_Circle.instAddCommGroup GaussianField.tensorProductHasLaplacianEigenvalues GaussianField.NuclearTensorProduct.instAddCommGroup GaussianField.SmoothMap_Circle.instModule GaussianField.SmoothMap_Circle.instContinuousSMul GaussianField.smoothCircle_dyninMityaginSpace GaussianField.SmoothMap_Circle.instIsTopologicalAddGroup GaussianField.SmoothMap_Circle GaussianField.AsymTorusTestFunction GaussianField.SmoothMap_Circle.instTopologicalSpace GaussianField.greenFunctionBilinear
def	GaussianField.zmodToFin1	Lattice.CirculantDFT	GaussianField.FinLatticeSites
thm	GaussianField.fourierMultiplierCLM_translation_comm	Cylinder.FourierMultiplier	Lattice.toSemilatticeInf
def	GaussianField.resolventMultiplierCLE	Cylinder.FourierMultiplier	GaussianField.resolventMultiplierCLM GaussianField.inverseResolventMultiplierCLM
thm	GaussianField.schwartzTranslation_preserves_positiveTime	Cylinder.Symmetry	GaussianField.schwartzPositiveTimeSubmodule GaussianField.schwartzTranslation
thm	Pphi2.AsymTransferGroundExcitedData.h_sum	Pphi2.AsymTorus.AsymPositivity	Pphi2.L2SpatialField Pphi2.AsymTransferGroundExcitedData.eigenval Pphi2.SpatialField Pphi2.AsymTransferGroundExcitedData Pphi2.AsymTransferGroundExcitedData.b Pphi2.AsymTransferGroundExcitedData.ι Pphi2.asymTransferOperatorCLM
thm	GaussianField.finiteLaplacianAsym_neg_semidefinite	Lattice.AsymCovariance	GaussianField.AsymLatticeSites GaussianField.finiteLaplacianAsym GaussianField.finiteLaplacianAsymFun GaussianField.AsymLatticeField GaussianField.instFintypeAsymLatticeSitesOfNeZeroNat Lattice.toSemilatticeInf
def	Pphi2.asymSliceObsTruncContract	Pphi2.AsymTorus.AsymObsTrunc	Pphi2.asymSliceObsTrunc_measurable Pphi2.asymSliceObsTruncMulCLM_isSelfAdjoint Pphi2.SpatialField Pphi2.asymSliceObsTruncMulCLM Pphi2.asymSliceObsTrunc Pphi2.asymSliceObsTruncMulCLM_coeFn
thm	GaussianField.finiteLaplacian.congr_simp	Lattice.Laplacian	GaussianField.FinLatticeSites GaussianField.finiteLaplacian GaussianField.FinLatticeField
thm	Pphi2.asymSliceObsLinear_measurable	Pphi2.AsymTorus.AsymObsTrunc	Pphi2.asymSliceObsLinear Pphi2.SpatialField
thm	GaussianField.circleRestriction_apply	SmoothCircle.Restriction	GaussianField.SmoothMap_Circle.instFunLike GaussianField.SmoothMap_Circle.instAddCommGroup GaussianField.circleRestriction GaussianField.SmoothMap_Circle.instModule GaussianField.SmoothMap_Circle GaussianField.circleSpacing GaussianField.SmoothMap_Circle.instTopologicalSpace GaussianField.circlePoint
thm	Pphi2.asymTorusInteractingMeasureIso_isProbability	Pphi2.AsymTorus.AsymContinuumLimit	GaussianField.NuclearTensorProduct.instModuleReal GaussianField.NuclearTensorProduct.instTopologicalSpace GaussianField.AsymLatticeSites Pphi2.asymTorusEmbedLiftIso_measurable GaussianField.NuclearTensorProduct.instIsTopologicalAddGroup Pphi2.interactingLatticeMeasureAsym_isProbability Pphi2.asymTorusEmbedLiftIso GaussianField.NuclearTensorProduct.instAddCommGroup Pphi2.asymTorusInteractingMeasureIso GaussianField.Configuration GaussianField.NuclearTensorProduct.instContinuousSMulReal GaussianField.AsymLatticeField GaussianField.SmoothMap_Circle Pphi2.interactingLatticeMeasureAsym GaussianField.instMeasurableSpaceConfiguration GaussianField.AsymTorusTestFunction
thm	Pphi2.transferWeight_bound	Pphi2.TransferMatrix.L2Operator	Pphi2.spatialAction Pphi2.SpatialField Pphi2.transferWeight Pphi2.wickConstant
thm	GaussianField.RapidDecaySeq.instContinuousSMul	Nuclear.NuclearTensorProduct	GaussianField.RapidDecaySeq.rapidDecaySeminorm GaussianField.RapidDecaySeq GaussianField.RapidDecaySeq.instSMul GaussianField.RapidDecaySeq.instModule GaussianField.RapidDecaySeq.instAddCommGroup GaussianField.RapidDecaySeq.instTopologicalSpace GaussianField.RapidDecaySeq.rapidDecay_withSeminorms
thm	Pphi2.latticeEmbed_measurable	Pphi2.ContinuumLimit.Embedding	Pphi2.EuclideanPlaneBackground.SpaceTime Pphi2.latticeEmbed Pphi2.planeBackground GaussianField.FinLatticeSites Pphi2.evalAtSite Pphi2.EuclideanPlaneBackground.dim GaussianField.configuration_measurable_of_eval_measurable GaussianField.Configuration GaussianField.instMeasurableSpaceConfiguration Pphi2.ContinuumTestFunction GaussianField.FinLatticeField
thm	Pphi2.asymCanonicalSmoothGamma_sq_sum_eq_asymSmoothWickConstant	Pphi2.NelsonEstimate.AsymCrossTermL2Identity	GaussianField.AsymLatticeSites Pphi2.asymCanonicalBasis Pphi2.asymCanonicalSmoothModeCoeff GaussianField.latticeFourierNormSq GaussianField.latticeFourierNormSq_pos Pphi2.asymCanonicalSmoothGamma Pphi2.asymSmoothWickConstant Pphi2.asymCanonicalSmoothWeight Pphi2.AsymCanonicalMode Pphi2.asymCanonicalNormSq
thm	Pphi2.AsymTransferGroundExcitedData.h_eigen	Pphi2.AsymTorus.AsymPositivity	Pphi2.L2SpatialField Pphi2.AsymTransferGroundExcitedData.eigenval Pphi2.SpatialField Pphi2.AsymTransferGroundExcitedData Pphi2.AsymTransferGroundExcitedData.b Pphi2.AsymTransferGroundExcitedData.ι Pphi2.asymTransferOperatorCLM
thm	Pphi2.wickConstant.congr_simp	Pphi2.NelsonEstimate.CovarianceSplit	Pphi2.wickConstant
def	Pphi2.finToAsymSite	Pphi2.AsymTorus.AsymTorusEmbedding	GaussianField.AsymLatticeSites GaussianField.FinLatticeSites
thm	Pphi2.transferOperatorCLM.congr_simp	Pphi2.TransferMatrix.Jentzsch	Pphi2.L2SpatialField Pphi2.SpatialField Pphi2.transferOperatorCLM
def	Pphi2.torusGeneratingFunctionalℂ	Pphi2.TorusContinuumLimit.TorusOSAxioms	GaussianField.NuclearTensorProduct.instModuleReal GaussianField.NuclearTensorProduct.instTopologicalSpace GaussianField.NuclearTensorProduct.instIsTopologicalAddGroup GaussianField.NuclearTensorProduct.instAddCommGroup GaussianField.Configuration GaussianField.NuclearTensorProduct.instContinuousSMulReal GaussianField.SmoothMap_Circle GaussianField.instMeasurableSpaceConfiguration GaussianField.TorusTestFunction
def	Pphi2.momentDeriv2	Pphi2.InteractingMeasure.U4DerivativeClosedForm	GaussianField.FinLatticeSites GaussianField.latticeGaussianMeasure GaussianField.Configuration GaussianField.instMeasurableSpaceConfiguration GaussianField.FinLatticeField Pphi2.interactionFunctional
thm	GaussianField.measurable_sitePairing	GaussianField.Density	GaussianField.FinLatticeSites GaussianField.FinLatticeField
thm	GaussianField.NuclearTensorProduct.pure_continuous_left	Nuclear.NuclearTensorProduct	GaussianField.DyninMityaginSpace GaussianField.NuclearTensorProduct.ext GaussianField.NuclearTensorProduct.instModuleReal GaussianField.NuclearTensorProduct.instTopologicalSpace GaussianField.DyninMityaginSpace.coeff GaussianField.RapidDecaySeq.rapidDecaySeminorm GaussianField.RapidDecaySeq GaussianField.RapidDecaySeq.instSMul GaussianField.RapidDecaySeq.instModule GaussianField.DyninMityaginSpace.ι GaussianField.NuclearTensorProduct GaussianField.NuclearTensorProduct.instAddCommGroup GaussianField.DyninMityaginSpace.h_with GaussianField.NuclearTensorProduct.pure GaussianField.RapidDecaySeq.instAddCommGroup GaussianField.RapidDecaySeq.instTopologicalSpace GaussianField.DyninMityaginSpace.p GaussianField.NuclearTensorProduct.pureLin GaussianField.RapidDecaySeq.rapidDecay_withSeminorms GaussianField.NuclearTensorProduct.pure_seminorm_bound
thm	GaussianField.cylinderGreen_continuous_seminorm_bound	Cylinder.MethodOfImages	GaussianField.NuclearTensorProduct.instModuleReal GaussianField.NuclearTensorProduct.instTopologicalSpace GaussianField.CylinderTestFunction GaussianField.cylinderGreen GaussianField.NuclearTensorProduct.instAddCommGroup GaussianField.cylinderMassOperator GaussianField.SmoothMap_Circle GaussianField.ell2'
thm	GaussianField.gaussianDensityMeasure.congr_simp	GaussianField.Density	GaussianField.FinLatticeSites GaussianField.gaussianDensityMeasure GaussianField.FinLatticeField
thm	GaussianField.RapidDecayLattice.instIsTopologicalAddGroup	Lattice.RapidDecayLattice	GaussianField.RapidDecayLattice.latticeRapidDecaySeminorm GaussianField.RapidDecayLattice.instAddCommGroup GaussianField.RapidDecayLattice GaussianField.RapidDecayLattice.lattice_withSeminorms GaussianField.RapidDecayLattice.instTopologicalSpace GaussianField.RapidDecayLattice.instModule
thm	Pphi2.asymCanonicalRoughModeCoeff.congr_simp	Pphi2.NelsonEstimate.AsymFieldDecomposition	GaussianField.AsymLatticeSites Pphi2.asymCanonicalRoughModeCoeff Pphi2.AsymCanonicalMode
thm	Pphi2.torusInteracting_os0	Pphi2.TorusContinuumLimit.TorusInteractingOS	Pphi2.torusContinuumGreen GaussianField.NuclearTensorProduct.instModuleReal GaussianField.NuclearTensorProduct.instTopologicalSpace GaussianField.NuclearTensorProduct.instIsTopologicalAddGroup Pphi2.TorusOS0_Analyticity GaussianField.NuclearTensorProduct.instAddCommGroup GaussianField.configuration_eval_measurable GaussianField.Configuration Pphi2.torusInteracting_exponentialMomentBound GaussianField.NuclearTensorProduct.instContinuousSMulReal GaussianField.SmoothMap_Circle GaussianField.instMeasurableSpaceConfiguration Pphi2.torusGeneratingFunctionalℂ Pphi2.torusInteractingMeasure GaussianField.TorusTestFunction Lattice.toSemilatticeInf
thm	GaussianHilbert.hermiteMultiLp_inner_eq_zero_of_totalDegree_ne	GaussianHilbert.WienerChaos	GaussianHilbert.MultiIndex.totalDegree GaussianHilbert.hermiteMultiLp_coeFn GaussianHilbert.stdGaussianFin GaussianHilbert.hermiteMulti_orthogonality GaussianHilbert.hermiteMultiLp GaussianHilbert.hermiteMultiEval
thm	Pphi2.canonicalSmoothFieldFunction_self_moment_eq_smoothWickConstant	Pphi2.NelsonEstimate.FieldDecomposition	Pphi2.smoothWickConstant Pphi2.canonicalJointMeasure Pphi2.canonicalSmoothWeight GaussianField.FinLatticeSites GaussianField.latticeFourierProductBasisFun Pphi2.canonicalSmoothFieldFunction_self_moment_diag Pphi2.canonicalSmoothFieldFunction GaussianField.latticeFourierProductNormSq Pphi2.CanonicalJoint
thm	Pphi2.periodizeCLM_tendsto_uniformlyOn_symmetricCompact	Pphi2.IRLimit.Periodization	Pphi2.periodizeCLM_eq_on_symmetric_large_period GaussianField.SmoothMap_Circle.instAddCommGroup GaussianField.periodizeCLM GaussianField.SmoothMap_Circle.toFun GaussianField.SmoothMap_Circle.instModule GaussianField.SmoothMap_Circle GaussianField.SmoothMap_Circle.instTopologicalSpace
thm	GaussianField.hypercontractive_1d	GaussianField.HypercontractiveNat	GaussianField.hypercontractive_1d_even
thm	Pphi2.EuclideanPlaneBackground.action_apply	Pphi2.Backgrounds.EuclideanPlane	Pphi2.EuclideanPlaneBackground.SpaceTime Pphi2.EuclideanPlaneBackground.action Pphi2.EuclideanPlaneBackground.RealTestFunction Pphi2.EuclideanPlaneBackground.inversePointAction Pphi2.EuclideanPlaneBackground.dim Pphi2.EuclideanPlaneBackground.Motion Pphi2.EuclideanPlaneBackground
def	GaussianField.resolventQuotientSymbol	SchwartzFourier.ResolventUniformBound
def	GaussianField.latticeLaplacianEigenvalue	Lattice.Laplacian	GaussianField.FinLatticeSites
thm	GaussianHilbert.mehlerFun_const	GaussianHilbert.OUEigenfunctions	GaussianHilbert.stdGaussianFin GaussianHilbert.mehlerFun
thm	GaussianField.derivSC_add	SmoothCircle.Laplacian	GaussianField.SmoothMap_Circle.instFunLike GaussianField.SmoothMap_Circle.ext GaussianField.SmoothMap_Circle.instAdd GaussianField.derivSC GaussianField.SmoothMap_Circle.contDiffAt_of_smooth GaussianField.SmoothMap_Circle
thm	Pphi2.canonicalSumFieldFunction_covariance	Pphi2.NelsonEstimate.FieldDecomposition	Pphi2.canonicalJointMeasure Pphi2.canonicalSmoothWeight Pphi2.canonicalRoughFieldFunction_memLp_two GaussianField.FinLatticeSites Pphi2.canonicalSmoothFieldFunction_memLp_two Pphi2.canonicalEigenvalue Pphi2.canonicalRoughWeight Pphi2.canonicalSumFieldFunction Pphi2.canonicalRoughFieldFunction Pphi2.canonicalSmoothRough_cross_moment_zero GaussianField.latticeFourierProductBasisFun Pphi2.canonicalSmoothFieldFunction GaussianField.latticeFourierProductNormSq_pos GaussianField.latticeFourierProductNormSq Pphi2.CanonicalJoint
thm	Pphi2.GeneralResults.isCompactOperator_of_basis_norm_summable	Pphi2.GeneralResults.HilbertSchmidt
thm	Pphi2.asymTorus_interacting_second_moment_density_transfer	Pphi2.AsymTorus.AsymTorusInteractingLimit	Pphi2.asymTorusInteractingMeasure GaussianField.NuclearTensorProduct.instModuleReal Pphi2.partitionFunction_ge_one GaussianField.NuclearTensorProduct.instTopologicalSpace GaussianField.finLatticeField_dyninMityaginSpace GaussianField.measure GaussianField.ell2_separableSpace GaussianField.FinLatticeSites GaussianField.NuclearTensorProduct.instIsTopologicalAddGroup Pphi2.partitionFunction GaussianField.latticeCovarianceGJ GaussianField.pairing_memLp Pphi2.interactingLatticeMeasure Pphi2.asymTorusEmbedLift_eval_eq Pphi2.asymGeomSpacing_pos GaussianField.NuclearTensorProduct.instAddCommGroup Pphi2.asymTorusEmbedLift_measurable GaussianField.latticeGaussianMeasure GaussianField.configuration_eval_measurable GaussianField.Configuration Pphi2.density_transfer_bound GaussianField.NuclearTensorProduct.instContinuousSMulReal GaussianField.gaussian_hypercontractive GaussianField.SmoothMap_Circle Pphi2.asymLatticeTestFn GaussianField.instMeasurableSpaceConfiguration Pphi2.asymTorusEmbedLift GaussianField.AsymTorusTestFunction GaussianField.ell2' GaussianField.FinLatticeField Pphi2.interactionFunctional Pphi2.asymGeomSpacing Lattice.toSemilatticeInf Pphi2.asymNelson_exponential_estimate
thm	GaussianField.circleHeatSemigroup_fourierBasis	SmoothCircle.HeatSemigroup	GaussianField.RapidDecaySeq GaussianField.SmoothMap_Circle.fourierBasis GaussianField.RapidDecaySeq.val GaussianField.SmoothMap_Circle.smoothCircleRapidDecayEquiv GaussianField.SmoothMap_Circle.instAddCommGroup GaussianField.heatWeight GaussianField.SmoothMap_Circle.fourierCoeffReal_fourierBasis GaussianField.RapidDecaySeq.instSMul GaussianField.RapidDecaySeq.instModule GaussianField.SmoothMap_Circle.instSMul GaussianField.SmoothMap_Circle.toRapidDecayLM GaussianField.RapidDecaySeq.ext GaussianField.SmoothMap_Circle.instModule GaussianField.RapidDecaySeq.instAddCommGroup GaussianField.SmoothMap_Circle GaussianField.RapidDecaySeq.instTopologicalSpace GaussianField.circleHeatSemigroup GaussianField.heatWeight_abs_le_one GaussianField.SmoothMap_Circle.instTopologicalSpace
thm	Pphi2.asymTransferOperator_ground_simple	Pphi2.AsymTorus.AsymJentzsch	Pphi2.L2SpatialField Pphi2.asymTransferOperator_eigenvalues_pos Pphi2.SpatialField Pphi2.asymTransferOperator_isCompact Pphi2.l2SpatialField_hilbertBasis_nontrivial Pphi2.asymTransferOperator_positivityImproving Pphi2.asymTransferOperator_isSelfAdjoint Pphi2.asymTransferOperatorCLM
thm	GaussianField.Configuration.congr_simp	GaussianField.Density	GaussianField.Configuration
thm	GaussianField.SmoothMap_Circle.periodic'	SmoothCircle.Basic	GaussianField.SmoothMap_Circle.toFun GaussianField.SmoothMap_Circle
thm	GaussianField.measure_isProbability	GaussianField.Construction	GaussianField.DyninMityaginSpace GaussianField.measure GaussianField.ell2_separableSpace GaussianField.ell2_not_finiteDimensional GaussianField.Configuration GaussianField.instMeasurableSpaceConfiguration GaussianField.NoiseSpace GaussianField.ell2'
thm	Pphi2.canonicalCrossTerm_l2_sq_le	Pphi2.NelsonEstimate.RoughErrorBound	Pphi2.smoothWickConstant Pphi2.canonicalJointMeasure Pphi2.canonicalCrossTerm_l2_sq_eq_covSum Pphi2.canonicalRoughCovariance Pphi2.canonicalSmoothCovariance Pphi2.smoothWickConstant_le_log_uniform_in_aN GaussianField.FinLatticeSites Pphi2.canonicalRoughCovariance_pow_sum_le_uniform_in_aN GaussianField.latticeEigenvalue_pos Pphi2.abs_canonicalSmoothCovariance_le_smoothWickConstant Pphi2.smoothCovEigenvalue GaussianField.latticeEigenvalue Pphi2.canonicalCrossTerm Lattice.toSemilatticeInf Pphi2.CanonicalJoint
def	GaussianField.MultiIndexLattice.totalDegree	GaussianField.WickMultivariate	GaussianField.FinLatticeSites
thm	Pphi2.canonicalSmoothWickPower_two_site_marginal_integrable	Pphi2.NelsonEstimate.FieldDecomposition	Pphi2.smoothWickConstant GaussianField.FinLatticeSites Pphi2.canonicalSmoothGamma Pphi2.wickPower_two_site_pi_gaussianReal_integrable Pphi2.wickMonomial Pphi2.canonicalSmoothFieldFunctionOfFst Pphi2.canonicalSmoothFieldFunctionOfFst_eq_sum_gamma
thm	GaussianField.latticeFourierNormSq_eq_one	Lattice.CirculantDFT	GaussianField.latticeFourierBasisFun GaussianField.latticeFourierNormSq GaussianField.sum_cos_zmod_eq_zero GaussianField.SmoothMap_Circle.fourierFreq
def	GaussianField.derivSCLM	SmoothCircle.Laplacian	GaussianField.SmoothMap_Circle.instAddCommGroup GaussianField.derivSC GaussianField.SmoothMap_Circle.instModule GaussianField.SmoothMap_Circle GaussianField.derivSC_add GaussianField.derivSC_smul
thm	Pphi2.torusInteracting_os2_D4	Pphi2.TorusContinuumLimit.TorusInteractingOS	GaussianField.torusTimeReflection GaussianField.NuclearTensorProduct.instModuleReal GaussianField.NuclearTensorProduct.instTopologicalSpace Pphi2.torusInteractingMeasure_gf_swap_invariant GaussianField.NuclearTensorProduct.instIsTopologicalAddGroup Pphi2.torusGeneratingFunctional GaussianField.torusSwap GaussianField.NuclearTensorProduct.instAddCommGroup GaussianField.Configuration GaussianField.NuclearTensorProduct.instContinuousSMulReal Pphi2.TorusOS2_D4Invariance GaussianField.SmoothMap_Circle Pphi2.torusInteractingMeasure_gf_timeReflection_invariant GaussianField.instMeasurableSpaceConfiguration Pphi2.torusInteractingMeasure_isProbability Pphi2.torusInteractingMeasure GaussianField.TorusTestFunction
def	Pphi2.interactingBoltzmannWeight	Pphi2.InteractingMeasure.General	GaussianField.Configuration
thm	Pphi2.asymCanonicalSmoothFieldFunction_add	Pphi2.NelsonEstimate.AsymFieldDecomposition	GaussianField.AsymLatticeSites Pphi2.AsymCanonicalJoint Pphi2.asymCanonicalSmoothModeCoeff Pphi2.asymCanonicalSmoothFieldFunction Pphi2.AsymCanonicalMode
def	GaussianHilbert.chaosProjection	GaussianHilbert.WienerChaos	GaussianHilbert.stdGaussianFin GaussianHilbert.wienerChaos GaussianHilbert.wienerChaos_hasOrthogonalProjection
def	GaussianField.AsymTorusTestFunction	Torus.AsymmetricTorus	GaussianField.NuclearTensorProduct GaussianField.SmoothMap_Circle
def	Common.QFT.Euclidean.TensorSchwingerModel.ctorIdx	Common.QFT.Euclidean.Formulations	Common.QFT.Euclidean.TensorSchwingerModel Common.QFT.Euclidean.Formulation
thm	GaussianField.ntpExtractSliceLM_isBounded	Cylinder.PositiveTime	GaussianField.ntpExtractSliceFun GaussianField.RapidDecaySeq.rapidDecaySeminorm GaussianField.RapidDecaySeq GaussianField.RapidDecaySeq.val GaussianField.RapidDecaySeq.instModule GaussianField.RapidDecaySeq.instAddCommGroup GaussianField.pair_right_injective GaussianField.RapidDecaySeq.weight_nonneg GaussianField.RapidDecaySeq.rapid_decay GaussianField.pair_weight_le GaussianField.ntpExtractSliceLM Lattice.toSemilatticeInf
thm	GaussianField.fourierMultiplierCLM_even_reflection_comm	Cylinder.FourierMultiplier
thm	GaussianField.inverseResolventSymbol_pos	Cylinder.FourierMultiplier	GaussianField.inverseResolventSymbol Lattice.toSemilatticeInf
thm	Pphi2.asymTransferOperator_isCompact	Pphi2.AsymTorus.AsymL2Operator	Pphi2.asymTransferWeight_measurable Pphi2.L2SpatialField Pphi2.asymTransferWeight_memLp_two Pphi2.hilbert_schmidt_isCompact Pphi2.transferGaussian_norm_le_one Pphi2.SpatialField Pphi2.asymTransferWeight Pphi2.transferGaussian_memLp Pphi2.asymTransferWeight_bound Pphi2.asymTransferOperatorCLM Pphi2.transferGaussian
thm	Pphi2.canonicalEigenvalue.congr_simp	Pphi2.NelsonEstimate.FieldDecomposition	Pphi2.canonicalEigenvalue
def	GaussianField.modePartner	HeatKernel.GreenInvariance
thm	GaussianField.config_apply_eq_sum_evalMap	GaussianField.Density	GaussianField.finLatticeDelta GaussianField.evalMap GaussianField.FinLatticeSites GaussianField.Configuration GaussianField.config_apply_eq_sum_delta GaussianField.FinLatticeField
thm	Pphi2.torusUrsell4_diag	Pphi2.TorusContinuumLimit.TorusNontriviality	GaussianField.NuclearTensorProduct.instModuleReal GaussianField.NuclearTensorProduct.instTopologicalSpace GaussianField.NuclearTensorProduct.instIsTopologicalAddGroup Pphi2.torusConnectedFourPoint Pphi2.torusUrsell4 GaussianField.NuclearTensorProduct.instAddCommGroup GaussianField.Configuration GaussianField.NuclearTensorProduct.instContinuousSMulReal GaussianField.SmoothMap_Circle GaussianField.instMeasurableSpaceConfiguration GaussianField.TorusTestFunction
def	GaussianField.euclideanInit	SchwartzNuclear.SchwartzSlicing
def	GaussianField.IsSubmodular	Lattice.FKG
def	Pphi2.boltzmannWeightAsym	Pphi2.AsymTorus.AsymLatticeMeasure	GaussianField.AsymLatticeSites GaussianField.Configuration GaussianField.AsymLatticeField Pphi2.interactionFunctionalAsym
thm	GaussianField.gaussian_ibp	GaussianField.Wick	GaussianField.DyninMityaginSpace GaussianField.measure GaussianField.Configuration GaussianField.instMeasurableSpaceConfiguration
thm	Pphi2.interactionFunctional_integral_nonpos	Pphi2.InteractingMeasure.UniformBounds	GaussianField.finLatticeDelta GaussianField.FinLatticeSites GaussianField.latticeGaussianMeasure GaussianField.Configuration Pphi2.wickConstant GaussianField.instMeasurableSpaceConfiguration GaussianField.FinLatticeField Pphi2.interactionFunctional Pphi2.wickPolynomial_integral_eq_coeff_zero Pphi2.wickPolynomial
thm	Pphi2.canonicalRoughCovariance_pow_sum_le_uniform_in_aN	Pphi2.NelsonEstimate.CovarianceBoundsGJ	Pphi2.canonicalRoughCovariance GaussianField.FinLatticeSites Pphi2.canonicalRoughCovariance_pow_two_sum_le_uniform_in_aN_proved Pphi2.canonicalRoughCovariance_pow_one_sum_le_uniform_in_aN_proved Pphi2.canonicalRoughCovariance_pow_sum_le_uniform_in_aN_of_three_le
thm	Pphi2.smoothWickConstant_le_log_uniform_in_aN_proved	Pphi2.NelsonEstimate.HeatKernelBound	Pphi2.smoothWickConstant GaussianField.FinLatticeSites Pphi2.schwinger_smooth_Ioi Pphi2.heat_kernel_trace_bound_uniform GaussianField.latticeEigenvalue_pos Pphi2.smoothCovEigenvalue GaussianField.latticeEigenvalue Lattice.toSemilatticeInf
struct	GaussianField.HasPointEval	Nuclear.PointEval
thm	Pphi2.asymTransferOperator_isSelfAdjoint	Pphi2.AsymTorus.AsymL2Operator	Pphi2.asymTransferWeight_measurable Pphi2.L2SpatialField Pphi2.SpatialField Pphi2.asymTransferWeight Pphi2.transferGaussian_memLp Pphi2.asymTransferWeight_bound Pphi2.asymTransferOperatorCLM Pphi2.transferGaussian Pphi2.transferGaussian_neg
thm	Pphi2.canonicalLeading_perCoeff_inner_eq_zero	Pphi2.NelsonEstimate.RoughErrorBound	Pphi2.canonicalJointMeasure Pphi2.integral_sum_mul_sum_eq_zero_of_orth Pphi2.canonicalCrossTerm Pphi2.CanonicalJoint
def	GaussianField.latticeEigenvalue1d	Lattice.HeatKernelConvergence1d	GaussianField.SmoothMap_Circle.fourierFreq
thm	GaussianField.integrable_mul_gaussianDensity	GaussianField.Density	GaussianField.measurable_evalMap GaussianField.integrable_mul_gaussianDensity_of_fieldLaw GaussianField.finLatticeDelta GaussianField.evalMap GaussianField.FinLatticeSites GaussianField.latticeGaussianFieldLaw GaussianField.latticeGaussianMeasure GaussianField.Configuration GaussianField.instMeasurableSpaceConfiguration GaussianField.gaussianDensity GaussianField.FinLatticeField
thm	GaussianField.massOperator.congr_simp	Lattice.SpectralCovariance	GaussianField.FinLatticeSites GaussianField.massOperator GaussianField.FinLatticeField
def	GaussianField.massOperatorMatrixAsym	Lattice.AsymCovariance	GaussianField.AsymLatticeSites GaussianField.massOperatorEntryAsym
thm	GaussianField.ahlswede_daykin_ennreal	Lattice.FKG	GaussianField.ad_marginal_preservation_ennreal GaussianField.measurable_marginal_lintegral GaussianField.fubini_pi_decomp_lintegral
thm	Pphi2.two_point_clustering_lattice	Pphi2.OSProofs.OS4_MassGap	Pphi2.latticeEuclideanTimeSeparation GaussianField.finLatticeDelta GaussianField.FinLatticeSites Pphi2.interactingLatticeMeasure GaussianField.Configuration Pphi2.two_point_clustering_from_spectral_gap GaussianField.instMeasurableSpaceConfiguration Pphi2.massGap GaussianField.FinLatticeField
def	Pphi2.FieldDecomposition.φ_R	Pphi2.NelsonEstimate.FieldDecomposition	GaussianField.FinLatticeSites Pphi2.FieldDecomposition Pphi2.FieldDecomposition.Joint GaussianField.Configuration GaussianField.FinLatticeField
thm	Pphi2.torusEmbedLift.congr_simp	Pphi2.TorusContinuumLimit.TorusPropagatorConvergence	GaussianField.NuclearTensorProduct.instModuleReal GaussianField.NuclearTensorProduct.instTopologicalSpace GaussianField.FinLatticeSites GaussianField.NuclearTensorProduct.instIsTopologicalAddGroup Pphi2.torusEmbedLift GaussianField.NuclearTensorProduct.instAddCommGroup GaussianField.Configuration GaussianField.NuclearTensorProduct.instContinuousSMulReal GaussianField.SmoothMap_Circle GaussianField.FinLatticeField GaussianField.TorusTestFunction
def	Pphi2.momentDeriv	Pphi2.InteractingMeasure.U4DerivativeClosedForm	GaussianField.FinLatticeSites GaussianField.latticeGaussianMeasure GaussianField.Configuration GaussianField.instMeasurableSpaceConfiguration GaussianField.FinLatticeField Pphi2.interactionFunctional
thm	Pphi2.bounded_integrable_interacting	Pphi2.InteractingMeasure.Normalization	GaussianField.FinLatticeSites Pphi2.interactingLatticeMeasure_isProbability Pphi2.interactingLatticeMeasure GaussianField.Configuration GaussianField.instMeasurableSpaceConfiguration GaussianField.FinLatticeField
thm	Pphi2.massOperatorAsym_quadratic_form_slice	Pphi2.AsymTorus.AsymEnergyFactorization	GaussianField.AsymLatticeSites Pphi2.asym_sq_sum_slice Pphi2.SpatialField Pphi2.asymSliceEquiv Pphi2.massOperatorAsym_quadratic_form_bonds GaussianField.AsymLatticeField GaussianField.instFintypeAsymLatticeSitesOfNeZeroNat GaussianField.massOperatorAsym Pphi2.asym_timeBond_sum_slice Pphi2.asym_spaceBond_sum_slice
def	GaussianHilbert.wienerChaos	GaussianHilbert.WienerChaos	GaussianHilbert.MultiIndex.totalDegree GaussianHilbert.stdGaussianFin GaussianHilbert.hermiteMultiLp
thm	Pphi2.torus_interacting_fourth_moment_tendsto	Pphi2.TorusContinuumLimit.TorusInteractingMoments	GaussianField.NuclearTensorProduct.instModuleReal GaussianField.NuclearTensorProduct.instTopologicalSpace GaussianField.NuclearTensorProduct.instIsTopologicalAddGroup GaussianField.NuclearTensorProduct.instAddCommGroup Pphi2.torus_interacting_fourth_moment_uniform GaussianField.configuration_eval_measurable GaussianField.Configuration Pphi2.moment_tendsto_of_uniform GaussianField.NuclearTensorProduct.instContinuousSMulReal GaussianField.SmoothMap_Circle GaussianField.instMeasurableSpaceConfiguration Pphi2.torus_interacting_abs_pow_integrable Pphi2.limit_le_of_uniform_bound Pphi2.torus_interacting_eighth_moment_uniform Pphi2.torusInteractingMeasure GaussianField.TorusTestFunction Pphi2.sub_min_le_sq_div Lattice.toSemilatticeInf
thm	GaussianHilbert.hermiteMultiLp_mem_wienerChaos	GaussianHilbert.WienerChaos	GaussianHilbert.MultiIndex.totalDegree GaussianHilbert.stdGaussianFin GaussianHilbert.wienerChaos GaussianHilbert.hermiteMultiLp
def	Pphi2.IsTorusPphi2Limit	Pphi2.TorusContinuumLimit.TorusNontriviality	GaussianField.NuclearTensorProduct.instModuleReal GaussianField.NuclearTensorProduct.instTopologicalSpace GaussianField.NuclearTensorProduct.instIsTopologicalAddGroup GaussianField.NuclearTensorProduct.instAddCommGroup GaussianField.Configuration GaussianField.NuclearTensorProduct.instContinuousSMulReal GaussianField.SmoothMap_Circle GaussianField.instMeasurableSpaceConfiguration Pphi2.torusInteractingMeasure GaussianField.TorusTestFunction
thm	GaussianField.greenFunctionBilinear_timeReflection_invariant	HeatKernel.GreenInvariance	GaussianField.NuclearTensorProduct.instModuleReal GaussianField.NuclearTensorProduct.instTopologicalSpace GaussianField.nuclearTensorProduct_mapCLM GaussianField.circleHasLaplacianEigenvalues GaussianField.NuclearTensorProduct.dyninMityaginSpace GaussianField.SmoothMap_Circle.instAddCommGroup GaussianField.NuclearTensorProduct.instIsTopologicalAddGroup GaussianField.nuclearTensorProduct_mapCLM_pure GaussianField.greenFunctionBilinear_invariant_of_pure GaussianField.tensorProductHasLaplacianEigenvalues GaussianField.NuclearTensorProduct GaussianField.smoothCircle_coeff_basis GaussianField.NuclearTensorProduct.instAddCommGroup GaussianField.greenFunctionBilinear_reflection_pure GaussianField.circleReflection GaussianField.SmoothMap_Circle.instModule GaussianField.SmoothMap_Circle.instContinuousSMul GaussianField.smoothCircle_dyninMityaginSpace GaussianField.SmoothMap_Circle.instIsTopologicalAddGroup GaussianField.NuclearTensorProduct.instContinuousSMulReal GaussianField.NuclearTensorProduct.pure GaussianField.SmoothMap_Circle GaussianField.SmoothMap_Circle.instTopologicalSpace GaussianField.greenFunctionBilinear
thm	GaussianField.sum_cos_mul_sin_zmod_eq_zero	Lattice.CirculantDFT	GaussianField.sum_sin_zmod_int_eq_zero
thm	Pphi2.asym_heat_kernel_trace_bound_uniform	Pphi2.NelsonEstimate.AsymCovarianceBoundsGJ	GaussianField.latticeEigenvalue1d Pphi2.asym_heat_kernel_trace_factorization Pphi2.heat_kernel_1d_bound_uniform Pphi2.asymCanonicalEigenvalue
def	Pphi2.BoundarySupported	Pphi2.OSProofs.OS3_RP_Lattice
thm	GaussianField.single_coord_sup_inf_sum	Lattice.FKG
thm	GaussianField.negLaplacian1d_sin_eigenvalue	Lattice.CirculantDFT	GaussianField.massOperatorMatrix GaussianField.FinLatticeSites GaussianField.massOperator GaussianField.massOperator_eq_matrix_mulVec GaussianField.finiteLaplacian GaussianField.FinLatticeField GaussianField.negLaplacianMatrix
thm	GaussianField.finLatticeSeminorm.congr_simp	Lattice.FiniteField	GaussianField.FinLatticeSites GaussianField.finLatticeSeminorm GaussianField.FinLatticeField
thm	Pphi2.integrable_powMul_wickMonomial_mulWickPoly	Pphi2.InteractingMeasure.MomentIntegrability	GaussianField.FinLatticeSites Pphi2.wickMonomial GaussianField.latticeGaussianMeasure GaussianField.Configuration GaussianField.instMeasurableSpaceConfiguration Pphi2.integrable_powMul_wickMonomial_mul GaussianField.FinLatticeField Pphi2.wickPolynomial
def	Pphi2.OS4_Clustering	Pphi2.OSAxioms	Pphi2.EuclideanPlaneBackground.SpaceTime Pphi2.FieldConfig2 Pphi2.EuclideanPlaneBackground.RealTestFunction Pphi2.planeBackground Pphi2.EuclideanOS.OS4_Clustering Pphi2.EuclideanPlaneBackground.dim Pphi2.plane2Background GaussianField.instMeasurableSpaceConfiguration
thm	Pphi2.latticeAction_translation_invariant	Pphi2.OSProofs.OS2_WardIdentity	Pphi2.latticeTranslation GaussianField.FinLatticeSites Pphi2.wickConstant GaussianField.FinLatticeField Pphi2.wickPolynomial Pphi2.latticeInteraction
thm	GaussianField.NuclearTensorProduct.pure_seminorm_bound	Nuclear.NuclearTensorProduct	GaussianField.DyninMityaginSpace GaussianField.DyninMityaginSpace.coeff GaussianField.RapidDecaySeq.rapidDecaySeminorm GaussianField.RapidDecaySeq GaussianField.DyninMityaginSpace.coeff_decay GaussianField.RapidDecaySeq.val GaussianField.RapidDecaySeq.instSMul GaussianField.DyninMityaginSpace.ι GaussianField.NuclearTensorProduct.pure GaussianField.RapidDecaySeq.instAddCommGroup GaussianField.DyninMityaginSpace.p GaussianField.RapidDecaySeq.rapid_decay Lattice.toSemilatticeInf
thm	GaussianField.fkg_truncation_dct_prod	Lattice.FKG	GaussianField.abs_sup_neg_nat_le_abs Lattice.toSemilatticeInf
thm	GaussianField.fkg_truncation_dct	Lattice.FKG	GaussianField.abs_sup_neg_nat_le_abs Lattice.toSemilatticeInf
def	Pphi2.schwinger1	Pphi2.InteractingMeasure.General	Pphi2.interactingMeasure GaussianField.Configuration GaussianField.instMeasurableSpaceConfiguration
def	Common.QFT.Euclidean.ReconstructionHypothesis	Common.QFT.Euclidean.Formulations	Common.QFT.Euclidean.DistributionalSchwingerModel Common.QFT.Euclidean.SchwingerFormulation
thm	Pphi2.latticeEmbed.congr_simp	Pphi2.ContinuumLimit.Embedding	Pphi2.EuclideanPlaneBackground.SpaceTime Pphi2.latticeEmbed Pphi2.planeBackground Pphi2.EuclideanPlaneBackground.dim GaussianField.Configuration Pphi2.ContinuumTestFunction GaussianField.FinLatticeField
thm	Pphi2.canonicalRoughCovariance_eq_sum_gamma_mul_gamma	Pphi2.NelsonEstimate.FieldDecomposition	Pphi2.canonicalRoughCovariance GaussianField.FinLatticeSites Pphi2.canonicalRoughWeight GaussianField.latticeFourierProductBasisFun GaussianField.latticeFourierProductNormSq_pos Pphi2.canonicalRoughGamma GaussianField.latticeFourierProductNormSq
def	Pphi2.interactionFunctionalAsym	Pphi2.AsymTorus.AsymLatticeMeasure	GaussianField.AsymLatticeSites Pphi2.wickConstantAsym GaussianField.Configuration GaussianField.AsymLatticeField GaussianField.instFintypeAsymLatticeSitesOfNeZeroNat GaussianField.asymLatticeDelta Pphi2.wickPolynomial
thm	Pphi2.torusConnectedFourPoint_eq_u4_one	Pphi2.TorusContinuumLimit.TorusU4Pullback	Pphi2.connectedFourPoint_interactingLatticeMeasure_eq_u4_one GaussianField.FinLatticeSites Pphi2.connectedFourPoint Pphi2.torusConnectedFourPoint Pphi2.interactingLatticeMeasure GaussianField.circleSpacing Pphi2.torusConnectedFourPoint_eq_lattice Pphi2.latticeTestFn Pphi2.u4 Pphi2.torusInteractingMeasure GaussianField.FinLatticeField GaussianField.TorusTestFunction GaussianField.circleSpacing_pos
thm	Pphi2.continuum_exponential_moments	Pphi2.ContinuumLimit.AxiomInheritance	Pphi2.EuclideanPlaneBackground.SpaceTime Pphi2.FieldConfig2 Pphi2.EuclideanPlaneBackground.RealTestFunction Pphi2.planeBackground Pphi2.EuclideanPlaneBackground.dim Pphi2.IsPphi2Limit GaussianField.Configuration Pphi2.continuum_exponential_moment_bound GaussianField.instMeasurableSpaceConfiguration Pphi2.continuumGreenBilinear Pphi2.TestFunction2
thm	Pphi2.wickPolynomial_continuous₂	Pphi2.WickOrdering.WickPolynomial	Pphi2.wickMonomial Pphi2.wickMonomial_continuous₂ Pphi2.wickPolynomial
thm	GaussianHilbert.zero_mem_interior_integrableExpSet_coord_of_subGaussian	GaussianHilbert.PolynomialDensity	GaussianHilbert.IsSubGaussianMeasure
thm	GaussianField.massEigenbasis_quadratic_sum_reprSymm	Lattice.SpectralCovariance	GaussianField.FinLatticeSites GaussianField.massEigenvalues GaussianField.massEigenvectorBasis GaussianField.massEigenbasis_coeff_reprSymm
def	GaussianField.measure	GaussianField.Construction	GaussianField.DyninMityaginSpace GaussianField.ell2_separableSpace GaussianField.ell2_not_finiteDimensional GaussianField.Configuration GaussianField.instMeasurableSpaceConfiguration GaussianField.NoiseSpace GaussianField.ell2'
def	GaussianField.cylinderSpatialTranslation	Cylinder.Symmetry	GaussianField.NuclearTensorProduct.instModuleReal GaussianField.circleTranslation GaussianField.NuclearTensorProduct.instTopologicalSpace GaussianField.nuclearTensorProduct_mapCLM GaussianField.schwartz_dyninMityaginSpace_1D GaussianField.SmoothMap_Circle.instAddCommGroup GaussianField.CylinderTestFunction GaussianField.NuclearTensorProduct.instAddCommGroup GaussianField.SmoothMap_Circle.instModule GaussianField.SmoothMap_Circle.instContinuousSMul GaussianField.smoothCircle_dyninMityaginSpace GaussianField.SmoothMap_Circle.instIsTopologicalAddGroup GaussianField.SmoothMap_Circle GaussianField.SmoothMap_Circle.instTopologicalSpace
thm	Pphi2.asymCanonicalCrossTerm_l2_sq_eq_covSum	Pphi2.NelsonEstimate.AsymCrossTermL2Identity	Pphi2.asymCanonicalSmoothCovariance Pphi2.asymCanonicalRoughFieldFunctionOfSnd GaussianField.AsymLatticeSites Pphi2.asymCanonicalRoughWickConstant Pphi2.asymCanonicalCrossTerm Pphi2.AsymCanonicalJoint Pphi2.asymCanonicalRoughWickPower_two_site_marginal_integrable Pphi2.wickMonomial Pphi2.asymCanonicalSmoothWickPower_two_site_marginal_integrable Pphi2.asymCanonicalRoughFieldFunction Pphi2.asymCanonicalSmoothFieldFunctionOfFst Pphi2.asymSmoothWickConstant GaussianField.instFintypeAsymLatticeSitesOfNeZeroNat Pphi2.asymCanonicalSmoothWickPower_two_site_marginal_eq_diag Pphi2.asymCanonicalRoughWickPower_two_site_marginal_eq_diag Pphi2.asymCanonicalSmoothFieldFunction Pphi2.asymCanonicalJointMeasure Pphi2.AsymCanonicalMode Pphi2.asymCanonicalRoughCovariance
def	GaussianHilbert.mehlerFun	GaussianHilbert.OUEigenfunctions	GaussianHilbert.ouAffine GaussianHilbert.stdGaussianFin
def	GaussianField.torusEmbedCLM	Torus.Evaluation	GaussianField.NuclearTensorProduct.instModuleReal GaussianField.NuclearTensorProduct.instTopologicalSpace GaussianField.FinLatticeSites GaussianField.NuclearTensorProduct.instIsTopologicalAddGroup GaussianField.NuclearTensorProduct.instAddCommGroup GaussianField.evalTorusAtSite GaussianField.Configuration GaussianField.NuclearTensorProduct.instContinuousSMulReal GaussianField.SmoothMap_Circle GaussianField.FinLatticeField GaussianField.TorusTestFunction
def	Pphi2.latticeTranslation	Pphi2.OSProofs.OS2_WardIdentity	GaussianField.FinLatticeSites GaussianField.FinLatticeField
thm	GaussianField.NuclearTensorProduct.smul_val	Nuclear.NuclearTensorProduct	GaussianField.NuclearTensorProduct.instModuleReal GaussianField.RapidDecaySeq.val GaussianField.NuclearTensorProduct GaussianField.NuclearTensorProduct.instAddCommGroup
thm	GaussianField.heatSymbol_zero	Cylinder.FourierMultiplier	GaussianField.heatSymbol
thm	Pphi2.torus_interacting_second_moment_continuous	Pphi2.TorusContinuumLimit.TorusInteractingOS	Pphi2.torusEmbeddedTwoPoint_eq_lattice_second_moment GaussianField.NuclearTensorProduct.instModuleReal Pphi2.partitionFunction_ge_one GaussianField.NuclearTensorProduct.instTopologicalSpace GaussianField.finLatticeField_dyninMityaginSpace Pphi2.nelson_exponential_estimate GaussianField.measure GaussianField.ell2_separableSpace Pphi2.torusEmbeddedTwoPoint GaussianField.FinLatticeSites GaussianField.NuclearTensorProduct.instIsTopologicalAddGroup Pphi2.torusEmbedLift Pphi2.partitionFunction GaussianField.latticeCovarianceGJ GaussianField.pairing_memLp Pphi2.torusEmbedLift_measurable Pphi2.interactingLatticeMeasure GaussianField.NuclearTensorProduct.instAddCommGroup GaussianField.latticeGaussianMeasure GaussianField.configuration_eval_measurable GaussianField.Configuration Pphi2.density_transfer_bound GaussianField.NuclearTensorProduct.instContinuousSMulReal GaussianField.gaussian_hypercontractive GaussianField.SmoothMap_Circle GaussianField.circleSpacing GaussianField.instMeasurableSpaceConfiguration Pphi2.latticeTestFn Pphi2.torusEmbedLift_eval_eq GaussianField.ell2' Pphi2.torusInteractingMeasure GaussianField.FinLatticeField Pphi2.interactionFunctional GaussianField.TorusTestFunction Lattice.toSemilatticeInf GaussianField.circleSpacing_pos
thm	Pphi2.u4_hasDerivWithinAt	Pphi2.InteractingMeasure.U4Derivative	Pphi2.wickFourth_interaction_inner_quartic Pphi2.partitionFn_zero Pphi2.interactionFunctional_eq_single Pphi2.normalizedMoment_hasDerivWithinAt GaussianField.FinLatticeSites Pphi2.integrable_powMul_interaction Pphi2.latticeFourthMoment_eq GaussianField.gffPositionCovariance GaussianField.latticeGaussianMeasure GaussianField.Configuration Pphi2.wickConstant GaussianField.instMeasurableSpaceConfiguration Pphi2.latticeSecondMoment_eq_smearedCovariance Pphi2.wickMonomial_four_eq GaussianField.FinLatticeField Pphi2.interactionFunctional GaussianField.gffSmearedCovariance Pphi2.wickPolynomial
def	GaussianField.schwartz_partial_hermiteCoeff	SchwartzNuclear.SchwartzSlicing	GaussianField.schwartz_slice
thm	Pphi2.wickConstant_split	Pphi2.NelsonEstimate.CovarianceSplit	Pphi2.smoothWickConstant Pphi2.roughCovEigenvalue GaussianField.FinLatticeSites Pphi2.wickConstant Pphi2.smoothCovEigenvalue Pphi2.covariance_split Pphi2.roughWickConstant GaussianField.latticeEigenvalue
thm	Pphi2.integrable_powMul_wickPolynomial	Pphi2.InteractingMeasure.MomentIntegrability	GaussianField.FinLatticeSites Pphi2.wickMonomial GaussianField.latticeGaussianMeasure GaussianField.Configuration Pphi2.integrable_powMul_wickMonomial' GaussianField.instMeasurableSpaceConfiguration GaussianField.FinLatticeField Pphi2.wickPolynomial
thm	Pphi2.interactingBoltzmannWeight_integrable	Pphi2.InteractingMeasure.General	Pphi2.interactingBoltzmannWeight GaussianField.Configuration Pphi2.interactingBoltzmannWeight_pos GaussianField.instMeasurableSpaceConfiguration
def	GaussianField.schwartzRapidDecayEquivFin	SchwartzNuclear.HermiteTensorProduct	GaussianField.schwartzDomCongr GaussianField.RapidDecaySeq GaussianField.schwartzRapidDecayEquivNd GaussianField.RapidDecaySeq.instModule GaussianField.RapidDecaySeq.instAddCommGroup GaussianField.RapidDecaySeq.instTopologicalSpace GaussianField.euclideanFin1Equiv GaussianField.schwartzRapidDecayEquiv1D
def	GaussianField.normalizedGaussianDensityMeasureAsym	GaussianField.DensityAsym	GaussianField.AsymLatticeSites GaussianField.gaussianDensityNormConstAsym GaussianField.gaussianDensityMeasureAsym GaussianField.AsymLatticeField
thm	GaussianField.NuclearTensorProduct.fromPairIndex_toPairIndex	Nuclear.NuclearTensorProduct	GaussianField.NuclearTensorProduct.toPairIndex GaussianField.NuclearTensorProduct.fromPairIndex
thm	GaussianField.gaussianDensityAsym.congr_simp	GaussianField.DensityAsym	GaussianField.gaussianDensityAsym GaussianField.AsymLatticeField
def	Pphi2.ContinuumFieldConfig	Pphi2.Backgrounds.EuclideanPlane	Pphi2.planeBackground Pphi2.EuclideanPlaneBackground.Distribution
thm	Pphi2.DynamicalCutoff.dynamicalCutoffScale_eq_exp	Pphi2.NelsonEstimate.DynamicalCutoff	Pphi2.DynamicalCutoff.dynamicalCutoffScale
thm	GaussianField.massOperator_eq_matrix_mulVec	Lattice.SpectralCovariance	GaussianField.massOperatorMatrix GaussianField.finLatticeDelta GaussianField.FinLatticeSites GaussianField.massOperator GaussianField.FinLatticeField GaussianField.massOperatorEntry
def	GaussianField.CylinderSpacetimeSymmetry.ctorIdx	Cylinder.GreenFunction	GaussianField.CylinderSpacetimeSymmetry
def	Pphi2.AsymTorusSequenceHasUniformGreenMomentBound	Pphi2.IRLimit.IRTightness	GaussianField.NuclearTensorProduct.instModuleReal GaussianField.NuclearTensorProduct.instTopologicalSpace GaussianField.NuclearTensorProduct.instIsTopologicalAddGroup GaussianField.NuclearTensorProduct.instAddCommGroup GaussianField.Configuration GaussianField.NuclearTensorProduct.instContinuousSMulReal GaussianField.SmoothMap_Circle GaussianField.instMeasurableSpaceConfiguration Pphi2.MeasureHasGreenMomentBound GaussianField.AsymTorusTestFunction
thm	Pphi2.weakLimit_centered_gaussianReal	Pphi2.TorusContinuumLimit.TorusGaussianLimit	Lattice.toSemilatticeSup Lattice.toSemilatticeInf
thm	Pphi2.asymTransferOperator_strictly_positive_definite	Pphi2.AsymTorus.AsymJentzsch	Pphi2.asymTransferWeight_measurable Pphi2.L2SpatialField Pphi2.SpatialField Pphi2.asymTransferWeight Pphi2.transferGaussian_memLp Pphi2.asymTransferWeight_pos Pphi2.convolution_gaussian_strictly_positive_definite Pphi2.asymTransferWeight_bound Pphi2.asymTransferOperatorCLM Pphi2.transferGaussian
def	Pphi2.partitionFunctionAsym	Pphi2.AsymTorus.AsymLatticeMeasure	GaussianField.AsymLatticeSites Pphi2.boltzmannWeightAsym GaussianField.Configuration GaussianField.AsymLatticeField Pphi2.latticeGaussianMeasureAsym GaussianField.instMeasurableSpaceConfiguration
thm	Pphi2.asymCanonicalSmoothFieldFunction_eq_of_fst	Pphi2.NelsonEstimate.AsymFieldDecomposition	GaussianField.AsymLatticeSites Pphi2.asymCanonicalSmoothFieldFunctionOfFst Pphi2.asymCanonicalSmoothFieldFunction Pphi2.AsymCanonicalMode
def	Pphi2.asymCanonicalStdFieldFunction	Pphi2.NelsonEstimate.AsymFieldDecomposition	GaussianField.AsymLatticeSites Pphi2.asymCanonicalRoughModeCoeff Pphi2.AsymCanonicalJointSumIndex Pphi2.asymCanonicalSmoothModeCoeff GaussianField.AsymLatticeField Pphi2.AsymCanonicalMode
thm	GaussianField.clm_image_growth	GaussianField.NuclearFactorization	GaussianField.DyninMityaginSpace GaussianField.DyninMityaginSpace.ι GaussianField.DyninMityaginSpace.h_with GaussianField.DyninMityaginSpace.basis GaussianField.DyninMityaginSpace.basis_growth GaussianField.DyninMityaginSpace.p
thm	GaussianField.spectralLatticeCovariance.congr_simp	Pphi2.ContinuumLimit.Hypercontractivity	GaussianField.FinLatticeSites GaussianField.spectralLatticeCovariance GaussianField.ell2' GaussianField.FinLatticeField
thm	Pphi2.torusEmbedLift_eval_eq	Pphi2.TorusContinuumLimit.TorusPropagatorConvergence	GaussianField.NuclearTensorProduct.instModuleReal GaussianField.NuclearTensorProduct.instTopologicalSpace GaussianField.FinLatticeSites GaussianField.NuclearTensorProduct.instIsTopologicalAddGroup Pphi2.torusEmbedLift GaussianField.NuclearTensorProduct.instAddCommGroup GaussianField.Configuration GaussianField.NuclearTensorProduct.instContinuousSMulReal GaussianField.SmoothMap_Circle GaussianField.evalTorusAtSiteGJ Pphi2.latticeTestFn_expand Pphi2.latticeTestFn GaussianField.FinLatticeField GaussianField.TorusTestFunction
thm	Pphi2.EuclideanTimeStructure.reflect_involutive	Pphi2.Backgrounds.EuclideanTime	Pphi2.EuclideanPlaneBackground.SpaceTime Pphi2.EuclideanPlaneBackground.dim Pphi2.EuclideanPlaneBackground Pphi2.EuclideanTimeStructure Pphi2.EuclideanTimeStructure.reflect
thm	GaussianField.normalizedGaussianDensityMeasure_isFinite	GaussianField.Density	GaussianField.FinLatticeSites GaussianField.gaussianDensityMeasure GaussianField.normalizedGaussianDensityMeasure GaussianField.FinLatticeField
thm	Pphi2.asymSliceObsTrunc_abs_le_bound	Pphi2.AsymTorus.AsymObsTrunc	Pphi2.asymSliceObsLinear Pphi2.SpatialField Pphi2.asymSliceObsTrunc Lattice.toSemilatticeInf
thm	Pphi2.asymCanonicalJointMeasure_isProbability	Pphi2.NelsonEstimate.AsymFieldDecomposition	Pphi2.AsymCanonicalJoint Pphi2.asymCanonicalJointMeasure Pphi2.AsymCanonicalMode
thm	GaussianField.resolventFreq_sq	Cylinder.MassOperatorConstruction	GaussianField.resolventFreq GaussianField.SmoothMap_Circle.fourierFreq Lattice.toSemilatticeInf
thm	GaussianField.finiteLaplacian_reflection_commute	Lattice.Symmetry	GaussianField.latticeFullReflectionFun GaussianField.FinLatticeSites GaussianField.finiteLaplacianFun GaussianField.finiteLaplacian GaussianField.FinLatticeField
def	GaussianField.ntpSliceSchwartz	Cylinder.PositiveTime	GaussianField.NuclearTensorProduct.instModuleReal GaussianField.NuclearTensorProduct.instTopologicalSpace GaussianField.ntpExtractSlice GaussianField.RapidDecaySeq GaussianField.CylinderTestFunction GaussianField.RapidDecaySeq.instModule GaussianField.NuclearTensorProduct.instAddCommGroup GaussianField.RapidDecaySeq.instAddCommGroup GaussianField.SmoothMap_Circle GaussianField.RapidDecaySeq.instTopologicalSpace GaussianField.schwartzRapidDecayEquiv1D
thm	GaussianHilbert.memLp_coord_of_subGaussian	GaussianHilbert.PolynomialDensity	GaussianHilbert.zero_mem_interior_integrableExpSet_coord_of_subGaussian GaussianHilbert.IsSubGaussianMeasure
thm	GaussianField.seminorm_le_nuclear_expansion	Nuclear.NuclearSpace	GaussianField.DyninMityaginSpace GaussianField.DyninMityaginSpace.coeff GaussianField.DyninMityaginSpace.coeff_decay GaussianField.DyninMityaginSpace.expansion GaussianField.DyninMityaginSpace.ι GaussianField.finset_sup_poly_bound GaussianField.DyninMityaginSpace.h_with GaussianField.DyninMityaginSpace.basis GaussianField.DyninMityaginSpace.basis_growth GaussianField.exists_CLF_le_seminorm GaussianField.DyninMityaginSpace.p Lattice.toSemilatticeInf
thm	GaussianField.RapidDecaySeq.rapidDecay_hasBiorthogonalBasis	Nuclear.NuclearTensorProduct	GaussianField.DyninMityaginSpace.coeff GaussianField.RapidDecaySeq GaussianField.RapidDecaySeq.instModule GaussianField.DyninMityaginSpace.basis GaussianField.RapidDecaySeq.instAddCommGroup GaussianField.RapidDecaySeq.instIsTopologicalAddGroup GaussianField.RapidDecaySeq.instTopologicalSpace GaussianField.RapidDecaySeq.instContinuousSMul GaussianField.DyninMityaginSpace.HasBiorthogonalBasis GaussianField.RapidDecaySeq.rapidDecay_dyninMityaginSpace
thm	Pphi2.piece3_pathMeasure_bound_to_freeCovariance_sum	Pphi2.AsymTorus.AsymB5bSingleSlice	Pphi2.freeSingleSliceCovarianceSum Pphi2.groundVarianceFreeCovarianceConstant Pphi2.SpatialField Pphi2.asymTransferSystem Pphi2.asymSliceFamilyLinear Pphi2.groundVariance_sum_le_freeCovariance_sum Pphi2.groundSliceVarianceSum
def	Pphi2.asymTransferFirstExcitedEigenvalue	Pphi2.AsymTorus.AsymPositivity	Pphi2.AsymTransferGroundExcitedData.eigenval Pphi2.asymTransferGroundExcitedData Pphi2.AsymTransferGroundExcitedData.i₁ Pphi2.AsymTransferGroundExcitedData
thm	Pphi2.asym_sq_sum_slice	Pphi2.AsymTorus.AsymEnergyFactorization	GaussianField.AsymLatticeSites Pphi2.SpatialField Pphi2.asymSliceEquiv Pphi2.asymSliceEquiv_apply GaussianField.AsymLatticeField GaussianField.instFintypeAsymLatticeSitesOfNeZeroNat
def	GaussianField.finLatticeField_hasPointEval	Lattice.FiniteField	GaussianField.FinLatticeSites GaussianField.HasPointEval GaussianField.FinLatticeField
thm	Pphi2.continuumEuclideanActionComplex_apply	Pphi2.Backgrounds.EuclideanPlane	Pphi2.EuclideanPlaneBackground.SpaceTime Pphi2.planeBackground Pphi2.EuclideanPlaneBackground.inversePointAction Pphi2.ContinuumSpaceTime Pphi2.EuclideanPlaneBackground.dim Pphi2.continuumEuclideanActionComplex Pphi2.ContinuumComplexTestFunction Pphi2.EuclideanPlaneBackground.actionComplex_apply Pphi2.ContinuumMotion
thm	GaussianField.inverseResolventSymbol_even	Cylinder.FourierMultiplier	GaussianField.inverseResolventSymbol
thm	GaussianField.CylinderSpacetimeSymmetry.preserves_T_norm	Cylinder.GreenFunction	GaussianField.NuclearTensorProduct.instModuleReal GaussianField.NuclearTensorProduct.instTopologicalSpace GaussianField.CylinderSpacetimeSymmetry.toCLM GaussianField.CylinderSpacetimeSymmetry GaussianField.CylinderTestFunction GaussianField.NuclearTensorProduct.instAddCommGroup GaussianField.cylinderMassOperator GaussianField.SmoothMap_Circle GaussianField.ell2'
thm	Pphi2.ward_identity_lattice	Pphi2.OSProofs.OS2_WardIdentity	GaussianField.FinLatticeSites Pphi2.interactingLatticeMeasure GaussianField.Configuration GaussianField.instMeasurableSpaceConfiguration GaussianField.FinLatticeField Lattice.toSemilatticeInf
thm	GaussianField.rank1_norm_le	GaussianField.NuclearSVD	GaussianField.ell2_basis GaussianField.ell2'
def	GaussianField.RapidDecayLattice.latticeBasisAt	Lattice.RapidDecayLattice	GaussianField.RapidDecayLattice
thm	Pphi2.transferOperator_ground_simple_spectral	Pphi2.TransferMatrix.Jentzsch	Pphi2.L2SpatialField Pphi2.SpatialField Pphi2.transferOperator_ground_simple Pphi2.transferOperatorCLM Pphi2.transferOperator_spectral
thm	Pphi2.routeBPrime_cylinder_OS	Pphi2.IRLimit.CylinderOS	Pphi2.cylinderIRLimit_exists GaussianField.NuclearTensorProduct.instModuleReal GaussianField.NuclearTensorProduct.instTopologicalSpace GaussianField.cylinderPositiveTimeSubmodule Pphi2.cylinderPullback GaussianField.cylinderSpatialTranslation GaussianField.CylinderTestFunction GaussianField.NuclearTensorProduct.instIsTopologicalAddGroup Pphi2.AsymTorusSequenceHasUniformGreenMomentBound GaussianField.asymTorusTranslation Pphi2.CylinderRPMatrixNonnegative Pphi2.cylinderToTorusEmbed Pphi2.CylinderMeasureReflectionPositive GaussianField.configuration_measurable_of_eval_measurable GaussianField.NuclearTensorProduct.instAddCommGroup Pphi2.cylinderToTorusEmbed_comp_spatialTranslation Pphi2.AsymTorusSequenceHasCylinderOS2Symmetry GaussianField.cylinderTimeReflection Pphi2.cylinderPullbackMeasure Pphi2.cylinderIR_uniform_exponential_moment GaussianField.configuration_eval_measurable GaussianField.Configuration GaussianField.NuclearTensorProduct.instContinuousSMulReal GaussianField.SmoothMap_Circle GaussianField.instMeasurableSpaceConfiguration Pphi2.MeasureHasGreenMomentBound Pphi2.cylinderMeasureReflectionPositive_of_tendsto_cf Pphi2.cylinderPullback_timeTranslation_invariant GaussianField.AsymTorusTestFunction Pphi2.CylinderMeasureSequenceEventuallyReflectionPositive GaussianField.cylinderTranslation Pphi2.cylinderPullback_timeReflection_invariant GaussianField.asymTorusTimeReflection Lattice.toSemilatticeInf
thm	GaussianField.spectral_singular_values_bounded	Lattice.SpectralCovariance	GaussianField.FinLatticeSites GaussianField.massEigenvalues Lattice.toSemilatticeInf GaussianField.IsBoundedSeq
thm	Pphi2.torus_propagator_convergence	Pphi2.TorusContinuumLimit.TorusPropagatorConvergence	Pphi2.torusContinuumGreen GaussianField.NuclearTensorProduct.instModuleReal GaussianField.NuclearTensorProduct.instTopologicalSpace GaussianField.latticeCovariance_GJ_eq_inv_smul_bare Pphi2.torusEmbeddedTwoPoint GaussianField.lattice_green_tendsto_continuum GaussianField.covariance GaussianField.latticeCovariance GaussianField.FinLatticeSites GaussianField.latticeCovarianceGJ GaussianField.NuclearTensorProduct.instAddCommGroup GaussianField.evalTorusAtSiteGJ_apply' GaussianField.latticeGaussianMeasure GaussianField.evalTorusAtSite GaussianField.Configuration GaussianField.SmoothMap_Circle Pphi2.torusEmbeddedTwoPoint_eq_lattice_cross_moment GaussianField.lattice_cross_moment GaussianField.circleSpacing GaussianField.instMeasurableSpaceConfiguration GaussianField.evalTorusAtSiteGJ Pphi2.latticeTestFn GaussianField.ell2' GaussianField.FinLatticeField GaussianField.TorusTestFunction GaussianField.circleSpacing_pos
def	Pphi2.timeTranslationVector2	Pphi2.Backgrounds.EuclideanPlane2D	Pphi2.EuclideanTimeStructure.timeTranslation Pphi2.SpaceTime2 Pphi2.plane2Background Pphi2.plane2TimeStructure
thm	GaussianField.coeff_product_paired_translation	HeatKernel.GreenInvariance	GaussianField.circleTranslation GaussianField.modePartner_sin GaussianField.SmoothMap_Circle.instAddCommGroup GaussianField.SmoothMap_Circle.fourierCoeffReal GaussianField.paired_coeff_product_circleTranslation GaussianField.fourierCoeffReal_circleTranslation_zero GaussianField.SmoothMap_Circle.instModule GaussianField.SmoothMap_Circle GaussianField.modePartner_cos GaussianField.SmoothMap_Circle.instTopologicalSpace GaussianField.modePartner Lattice.toSemilatticeInf
thm	Pphi2.asymSliceObsTrunc_pathMeasure_connected_susceptibility_bound_pos_integral	Pphi2.AsymTorus.AsymBridgeInstance	Pphi2.asymSliceObsLinear Pphi2.asymTransferNormalized Pphi2.asymSliceObsTrunc_pathMeasure_connected_susceptibility_bound_pos Pphi2.L2SpatialField Pphi2.SpatialField Pphi2.asymGroundVector Pphi2.asymTransferSystem Pphi2.norm_sq_proj_obsTrunc_omega_le Pphi2.asymSliceObsTruncMulCLM Pphi2.asymTransferGroundEigenvalue Pphi2.asymRemainderHypothesis Pphi2.asymSliceObsTruncContract Pphi2.asymGroundStateRep
thm	Pphi2.normalizedMoment_hasDerivAt	Pphi2.InteractingMeasure.U4DerivativeClosedForm	Pphi2.partitionFn_ge_one Pphi2.partitionFn_hasDerivAt GaussianField.FinLatticeSites Pphi2.moment_hasDerivAt GaussianField.latticeGaussianMeasure GaussianField.Configuration GaussianField.instMeasurableSpaceConfiguration GaussianField.FinLatticeField Pphi2.interactionFunctional
def	Pphi2.asymCanonicalRoughModeCoeff	Pphi2.NelsonEstimate.AsymFieldDecomposition	GaussianField.AsymLatticeSites Pphi2.asymCanonicalBasis Pphi2.asymCanonicalRoughWeight Pphi2.AsymCanonicalMode Pphi2.asymCanonicalNormSq
thm	Pphi2.asymCanonicalSumFieldFunction_covariance_eq_GJ	Pphi2.NelsonEstimate.AsymFieldDecomposition	GaussianField.spectralLatticeCovarianceAsym GaussianField.latticeEigenvalue1d GaussianField.AsymLatticeSites Pphi2.asymCanonicalBasis GaussianField.latticeFourierBasisFun Pphi2.asymCanonicalSumFieldFunction_covariance GaussianField.covariance Pphi2.AsymCanonicalJoint GaussianField.latticeFourierNormSq Pphi2.asymCanonicalSumFieldFunction GaussianField.AsymLatticeField Pphi2.asymCanonicalEigenvalue GaussianField.instFintypeAsymLatticeSitesOfNeZeroNat GaussianField.abstract_spectral_eq_dft_spectral_2d_asym GaussianField.latticeCovarianceAsymGJ GaussianField.ell2' Pphi2.asymCanonicalJointMeasure Pphi2.AsymCanonicalMode Pphi2.asymCanonicalNormSq
thm	GaussianField.negLaplacianMatrix_neg_invariant	Lattice.Symmetry	GaussianField.latticeFullReflectionFun GaussianField.finLatticeDelta GaussianField.FinLatticeSites GaussianField.massOperator GaussianField.finiteLaplacian_reflection_commute GaussianField.finiteLaplacian GaussianField.FinLatticeField GaussianField.negLaplacianMatrix
thm	GaussianField.schwartzRapidDecayEquivNd_norm_summable	SchwartzNuclear.HermiteTensorProduct	GaussianField.schwartzRapidDecayEquivNd_summable GaussianField.RapidDecaySeq GaussianField.RapidDecaySeq.val GaussianField.hermiteFunctionNd GaussianField.MultiIndex GaussianField.multiIndexEquiv
thm	GaussianField.latticeCovariance.congr_simp	Lattice.Covariance	GaussianField.latticeCovariance GaussianField.FinLatticeSites GaussianField.ell2' GaussianField.FinLatticeField
def	Pphi2.firstExcitedEnergyLevel	Pphi2.TransferMatrix.Positivity	Pphi2.transferFirstExcitedEigenvalue
def	GaussianField.AsymLatticeSites	Torus.AsymmetricTorus
thm	GaussianField.finiteLaplacianAsym_selfAdjoint	Lattice.AsymCovariance	GaussianField.AsymLatticeSites GaussianField.finiteLaplacianAsym GaussianField.finiteLaplacianAsymFun GaussianField.AsymLatticeField GaussianField.instFintypeAsymLatticeSitesOfNeZeroNat
thm	GaussianField.SmoothMap_Circle.mk.congr_simp	SmoothCircle.Basic	GaussianField.SmoothMap_Circle
def	Common.QFT.Euclidean.SchwingerFormulation.realToComplex	Common.QFT.Euclidean.Formulations	Common.QFT.Euclidean.Formulation.TestFunction Common.QFT.Euclidean.Formulation.ComplexTestFunction Common.QFT.Euclidean.SchwingerFormulation.toFormulation Common.QFT.Euclidean.SchwingerFormulation
thm	GaussianField.SmoothMap_Circle.hasSum_fourierBasis	SmoothCircle.Nuclear	GaussianField.SmoothMap_Circle.toRapidDecay GaussianField.SmoothMap_Circle.toRapidDecay_fromRapidDecay GaussianField.SmoothMap_Circle.instZero GaussianField.RapidDecaySeq GaussianField.RapidDecaySeq.val GaussianField.SmoothMap_Circle.instAddCommGroup GaussianField.SmoothMap_Circle.fromRapidDecay GaussianField.SmoothMap_Circle.fourierCoeffReal GaussianField.SmoothMap_Circle.fourierCoeffLM GaussianField.SmoothMap_Circle.instSub GaussianField.SmoothMap_Circle.instModule GaussianField.SmoothMap_Circle
thm	GaussianField.gaussianDensityNormConst_eq_ofReal_integral	GaussianField.Density	GaussianField.gaussianDensityNormConst_eq_lintegral GaussianField.integrable_gaussianDensity GaussianField.FinLatticeSites GaussianField.gaussianDensityNormConst GaussianField.gaussianDensity_nonneg GaussianField.gaussianDensityWeight GaussianField.gaussianDensity GaussianField.FinLatticeField
def	GaussianField.torusConfigReflection	Torus.Symmetry	GaussianField.torusTimeReflection GaussianField.NuclearTensorProduct.instModuleReal GaussianField.NuclearTensorProduct.instTopologicalSpace GaussianField.NuclearTensorProduct.instIsTopologicalAddGroup GaussianField.NuclearTensorProduct.instAddCommGroup GaussianField.Configuration GaussianField.NuclearTensorProduct.instContinuousSMulReal GaussianField.SmoothMap_Circle GaussianField.TorusTestFunction
thm	GaussianField.latticeFourierProductNormSq_succ	Lattice.LatticeFourierProduct	GaussianField.latticeFourierNormSq.congr_simp GaussianField.latticeFourierNormSq GaussianField.latticeFourierProductNormSq
thm	GaussianField.negLaplacianMatrix.congr_simp	Lattice.HeatKernel	GaussianField.FinLatticeSites GaussianField.negLaplacianMatrix
thm	GaussianField.latticeFourierProductCoeff_succ	Lattice.LatticeFourierProduct	GaussianField.latticeFourierBasisFun GaussianField.FinLatticeSites GaussianField.sum_finLatticeSites_succ GaussianField.latticeFourierProductBasisFun GaussianField.latticeFourierProductCoeff
def	Pphi2.EuclideanPlaneBackground.action	Pphi2.Backgrounds.EuclideanPlane	Pphi2.EuclideanPlaneBackground.SpaceTime Pphi2.EuclideanPlaneBackground.RealTestFunction Pphi2.EuclideanPlaneBackground.inversePointAction Pphi2.EuclideanPlaneBackground.dim Pphi2.EuclideanPlaneBackground.Motion Pphi2.EuclideanPlaneBackground
thm	GaussianField.ell2_inner_eq_tsum	GaussianField.TargetFactorization	GaussianField.ell2'
thm	GaussianHilbert.integrable_pow_sum_sq_of_subGaussian	GaussianHilbert.PolynomialDensity	GaussianHilbert.IsSubGaussianMeasure GaussianHilbert.zero_mem_interior_integrableExpSet_sum_sq_of_subGaussian
thm	GaussianField.cylinderMassOperator_timeTranslation_norm_eq_proved	Cylinder.MassOperatorEquivariance	GaussianField.NuclearTensorProduct.instModuleReal GaussianField.NuclearTensorProduct.instTopologicalSpace GaussianField.realFourierMultiplierCLM_translation_comm GaussianField.CylinderTestFunction GaussianField.resolventSymbol_hasTemperateGrowth GaussianField.NuclearTensorProduct.instAddCommGroup GaussianField.cylinderMassOperator GaussianField.SmoothMap_Circle GaussianField.schwartzTranslation GaussianField.resolventSymbol GaussianField.ell2' GaussianField.cylinderTimeTranslation GaussianField.cylinderMassOperator_norm_eq_of_temporal_action
thm	Pphi2.latticeTestFn_expand	Pphi2.TorusContinuumLimit.TorusPropagatorConvergence	GaussianField.FinLatticeSites Pphi2.latticeTestFn GaussianField.FinLatticeField GaussianField.TorusTestFunction
def	GaussianField.cylinderToTorusEmbed	Cylinder.MethodOfImages	GaussianField.NuclearTensorProduct.instModuleReal GaussianField.NuclearTensorProduct.instTopologicalSpace GaussianField.schwartz_dyninMityaginSpace_1D GaussianField.nuclearTensorProduct_mapCLM_general GaussianField.SmoothMap_Circle.instAddCommGroup GaussianField.CylinderTestFunction GaussianField.nuclearTensorProduct_swapCLM GaussianField.NuclearTensorProduct GaussianField.NuclearTensorProduct.instAddCommGroup GaussianField.periodizeCLM GaussianField.SmoothMap_Circle.instModule GaussianField.SmoothMap_Circle.instContinuousSMul GaussianField.smoothCircle_dyninMityaginSpace GaussianField.SmoothMap_Circle.instIsTopologicalAddGroup GaussianField.SmoothMap_Circle GaussianField.AsymTorusTestFunction GaussianField.SmoothMap_Circle.instTopologicalSpace
thm	Pphi2.asymCanonicalSmoothInteraction_lower_bound_at_cutoff_uniform	Pphi2.NelsonEstimate.AsymSmoothLowerBound	Pphi2.AsymCanonicalJoint Pphi2.DynamicalCutoff.degreeDynamicalCutoffScale_pos Pphi2.DynamicalCutoff.degreeDynamicalCutoffScale Pphi2.asymCanonicalSmoothInteraction_lower_bound_log_uniform Pphi2.asymCanonicalSmoothInteraction Pphi2.DynamicalCutoff.degreeCutoffPower Pphi2.DynamicalCutoff.degreeDynamicalCutoffScale_log_pow_le
thm	Pphi2.latticeGaussianMeasureAsym.congr_simp	Pphi2.AsymTorus.AsymLatticeMeasure	GaussianField.AsymLatticeSites GaussianField.Configuration GaussianField.AsymLatticeField Pphi2.latticeGaussianMeasureAsym GaussianField.instMeasurableSpaceConfiguration
def	Pphi2.EuclideanPlaneBackground.ctorIdx	Pphi2.Backgrounds.EuclideanPlane	Pphi2.EuclideanPlaneBackground
def	Lattice.toSemilatticeSup	Mathlib.Order.Lattice	Lattice
thm	GaussianField.gaussian_fkg_lattice_condition	Lattice.FKG	GaussianField.gaussianDensity_integrable GaussianField.gaussianDensity_integral_pos GaussianField.finLatticeDelta GaussianField.FinLatticeSites GaussianField.gaussianDensity_fkg_lattice_condition GaussianField.gaussianDensity_measurable GaussianField.integrable_mul_gaussianDensity_of_comp_eval GaussianField.latticeGaussianMeasure GaussianField.IsFieldMonotone GaussianField.Configuration GaussianField.gaussianDensity_nonneg GaussianField.fkg_from_lattice_condition GaussianField.instMeasurableSpaceConfiguration GaussianField.gaussianDensity GaussianField.latticeGaussianMeasure_density_integral_of_fieldLaw GaussianField.FinLatticeField
axiom	Pphi2.asymGroundStateRep_pos_ae	Pphi2.AsymTorus.AsymBridgeInstance	Pphi2.SpatialField Pphi2.asymGroundStateRep
thm	GaussianField.SmoothMap_Circle.continuous	SmoothCircle.Basic	GaussianField.SmoothMap_Circle.instFunLike GaussianField.SmoothMap_Circle.smooth GaussianField.SmoothMap_Circle
thm	GaussianField.RapidDecayLattice.rapid_decay	Lattice.RapidDecayLattice	GaussianField.RapidDecayLattice GaussianField.latticeNorm GaussianField.RapidDecayLattice.val
thm	GaussianField.basisVec_eq_pure	Nuclear.NuclearExtension	GaussianField.DyninMityaginSpace GaussianField.DyninMityaginSpace.coeff GaussianField.RapidDecaySeq GaussianField.RapidDecaySeq.val GaussianField.DyninMityaginSpace.HasBiorthogonalBasis.coeff_basis GaussianField.RapidDecaySeq.basisVec GaussianField.RapidDecaySeq.ext GaussianField.DyninMityaginSpace.basis GaussianField.NuclearTensorProduct.pure GaussianField.DyninMityaginSpace.HasBiorthogonalBasis
thm	GaussianField.fkg_from_lattice_condition	Lattice.FKG	GaussianField.fkg_truncation_dct GaussianField.fkg_truncation_dct_prod GaussianField.integrable_truncation_prod_mul GaussianField.FKGLatticeCondition GaussianField.integrable_truncation_mul GaussianField.fkg_from_lattice_condition_nonneg
def	Pphi2.AsymTransferGroundExcitedData.i₁	Pphi2.AsymTorus.AsymPositivity	Pphi2.AsymTransferGroundExcitedData Pphi2.AsymTransferGroundExcitedData.ι
def	Pphi2.asymCanonicalStdToFieldLinearMap	Pphi2.NelsonEstimate.AsymFieldDecomposition	GaussianField.AsymLatticeSites Pphi2.AsymCanonicalJointSumIndex GaussianField.AsymLatticeField Pphi2.asymCanonicalStdFieldFunction
def	Pphi2.siteEquiv	Pphi2.OSProofs.OS3_RP_Lattice	GaussianField.FinLatticeSites
thm	Pphi2.asymCanonicalSumFieldFunction_smul	Pphi2.NelsonEstimate.AsymFieldDecomposition	GaussianField.AsymLatticeSites Pphi2.asymCanonicalSmoothFieldFunction_smul Pphi2.AsymCanonicalJoint Pphi2.asymCanonicalSumFieldFunction Pphi2.asymCanonicalRoughFieldFunction Pphi2.asymCanonicalRoughFieldFunction_smul Pphi2.asymCanonicalSmoothFieldFunction Pphi2.AsymCanonicalMode
thm	Pphi2.DynamicalCutoff.dynamicalCutoffScale_eq_one	Pphi2.NelsonEstimate.DynamicalCutoff	Pphi2.DynamicalCutoff.dynamicalCutoffScale
thm	GaussianHilbert.ouSemigroupAct_eq_smul_of_mem_wienerChaos	GaussianHilbert.OUEigenfunctions	GaussianHilbert.chaosDiagCLM_apply_single GaussianHilbert.wienerChaos_isHilbertSum GaussianHilbert.stdGaussianFin GaussianHilbert.wienerChaos GaussianHilbert.chaosCoordEquiv GaussianHilbert.ouSemigroupAct GaussianHilbert.chaosDiagCLM
thm	Pphi2.LatticeSetup.latticeRoughError_pure_quartic_chaos2_form	Pphi2.NelsonEstimate.LatticeSetup	Pphi2.smoothWickConstant GaussianField.finLatticeDelta GaussianField.FinLatticeSites Pphi2.LatticeSetup.latticeRoughError Pphi2.wickMonomial Pphi2.LatticeSetup.wickMonomial_two_shift GaussianField.Configuration Pphi2.wickConstant Pphi2.LatticeSetup.latticeRoughError_pure_quartic_summed GaussianField.FinLatticeField
def	Pphi2.asymTransferGroundExcitedData	Pphi2.AsymTorus.AsymPositivity	Pphi2.AsymTransferGroundExcitedData
thm	Pphi2.groundVarianceFreeCovarianceConstant_pos	Pphi2.AsymTorus.AsymB5bSingleSlice	Pphi2.groundSliceVariance Pphi2.groundVarianceFreeCovarianceConstant Pphi2.SpatialField Pphi2.freeSingleSliceCovariance Pphi2.groundVariance_le_freeCovariance
thm	Pphi2.latticeGreenBilinear_tendsto_continuum	Pphi2.GaussianContinuumLimit.PropagatorConvergence	Pphi2.EuclideanPlaneBackground.SpaceTime Pphi2.latticeGreenBilinear_basis_tendsto_continuum Pphi2.planeBackground Pphi2.EuclideanPlaneBackground.dim GaussianField.tendsto_of_symmetric_basis_tendsto GaussianField.DyninMityaginSpace.basis Pphi2.latticeGreenBilinear Pphi2.continuumGreenBilinear Pphi2.ContinuumTestFunction
thm	Pphi2.schwartz_decompose	Pphi2.EuclideanComplex	Pphi2.EuclideanPlaneBackground.SpaceTime Pphi2.schwartzOfReal Pphi2.EuclideanPlaneBackground.dim Pphi2.EuclideanOS.schwartzIm Pphi2.EuclideanOS.schwartzRe Pphi2.EuclideanPlaneBackground Pphi2.EuclideanPlaneBackground.ComplexTestFunction
thm	Pphi2.normConst_second_moment	Pphi2.InteractingMeasure.FreeMomentBound	GaussianField.FinLatticeSites GaussianField.gffPositionCovariance Pphi2.gffPositionCovariance_row_sum GaussianField.latticeGaussianMeasure GaussianField.Configuration GaussianField.instMeasurableSpaceConfiguration Pphi2.latticeSecondMoment_eq_smearedCovariance GaussianField.gffSmearedCovariance_eq_sum_position GaussianField.FinLatticeField GaussianField.gffSmearedCovariance
def	Pphi2.positiveTimeSubmodule2	Pphi2.Backgrounds.EuclideanPlane2D	Pphi2.EuclideanPlaneBackground.SpaceTime Pphi2.planeBackground Pphi2.EuclideanPlaneBackground.dim Pphi2.EuclideanTimeStructure.positiveTimeSubmodule Pphi2.plane2Background Pphi2.TestFunction2 Pphi2.plane2TimeStructure
thm	Pphi2.measurable_configuration_const_smul	Pphi2.InteractingMeasure.FieldRedefinition	GaussianField.configuration_measurable_of_eval_measurable GaussianField.configuration_eval_measurable GaussianField.Configuration GaussianField.instMeasurableSpaceConfiguration
def	GaussianField.schwartz_dyninMityaginSpace_1D	SchwartzNuclear.HermiteNuclear	GaussianField.DyninMityaginSpace GaussianField.DyninMityaginSpace.ofRapidDecayEquiv GaussianField.schwartzRapidDecayEquiv1D
thm	Pphi2.asymChaosCutoffDecomposition	Pphi2.AsymTorus.AsymNelson	Pphi2.asymCanonicalFullInteractionJoint Pphi2.degreeCutoffTail Pphi2.asymCanonicalJointMeasure_map_sumConfig GaussianField.AsymLatticeSites Pphi2.asymCanonicalRoughError_neg_tail_uniform Pphi2.two_div_degree_eq_inv_cutoffPower Pphi2.AsymCanonicalJoint Pphi2.asymCanonicalSmoothInteraction_lower_bound_at_cutoff_uniform Pphi2.DynamicalCutoff.degreeDynamicalCutoffScale_pos Pphi2.asymCanonicalRoughError Pphi2.interactionFunctionalAsym_asymCanonicalSumConfig_eq Pphi2.DynamicalCutoff.degreeDynamicalCutoffScale Pphi2.asymCanonicalSumConfig GaussianField.Configuration GaussianField.AsymLatticeField Pphi2.latticeGaussianMeasureAsym Pphi2.interactionFunctionalAsym GaussianField.instMeasurableSpaceConfiguration Pphi2.asymCanonicalSmoothInteraction Pphi2.ChaosTailBridge.chaosTailConstant Pphi2.DynamicalCutoff.degreeCutoffPower Pphi2.interactionFunctionalAsym_measurable Pphi2.latticeGaussianMeasureAsym_isProbability Pphi2.asymCanonicalJointMeasure Pphi2.asymCanonicalSumConfig_measurable Pphi2.degreePiecewiseTail Pphi2.AsymCanonicalMode Pphi2.degreePiecewiseTail_layerCake_lt_top
thm	GaussianField.lattice_singular_values_bounded	Lattice.Covariance	GaussianField.latticeSingularValue GaussianField.latticeEigenvalue_eq GaussianField.latticeLaplacianEigenvalue GaussianField.latticeLaplacianEigenvalue_nonneg GaussianField.latticeEigenvalue_pos GaussianField.latticeSingularValue_nonneg GaussianField.latticeEigenvalue GaussianField.IsBoundedSeq
thm	GaussianField.fkg_perturbed	Lattice.FKG	GaussianField.fkg_lattice_condition_mul GaussianField.gaussianDensity_integral_pos GaussianField.finLatticeDelta GaussianField.FinLatticeSites GaussianField.gaussianDensity_fkg_lattice_condition GaussianField.IsSingleSite GaussianField.gaussianDensity_measurable GaussianField.integrable_mul_gaussianDensity_of_comp_eval GaussianField.latticeGaussianMeasure GaussianField.fkg_lattice_condition_single_site GaussianField.IsFieldMonotone GaussianField.Configuration GaussianField.gaussianDensity_nonneg GaussianField.FKGLatticeCondition GaussianField.fkg_from_lattice_condition GaussianField.instMeasurableSpaceConfiguration GaussianField.gaussianDensity GaussianField.latticeGaussianMeasure_density_integral_of_fieldLaw GaussianField.FinLatticeField Lattice.toSemilatticeInf
thm	Pphi2.torus_interacting_fourth_moment_uniform	Pphi2.TorusContinuumLimit.TorusInteractingMoments	Pphi2.torusEmbeddedTwoPoint_eq_lattice_second_moment GaussianField.NuclearTensorProduct.instModuleReal Pphi2.partitionFunction_ge_one GaussianField.NuclearTensorProduct.instTopologicalSpace GaussianField.finLatticeField_dyninMityaginSpace Pphi2.nelson_exponential_estimate GaussianField.measure GaussianField.ell2_separableSpace Pphi2.torusEmbeddedTwoPoint GaussianField.FinLatticeSites GaussianField.NuclearTensorProduct.instIsTopologicalAddGroup Pphi2.torusEmbedLift Pphi2.partitionFunction GaussianField.latticeCovarianceGJ GaussianField.pairing_memLp Pphi2.torusEmbedLift_measurable Pphi2.interactingLatticeMeasure GaussianField.NuclearTensorProduct.instAddCommGroup GaussianField.latticeGaussianMeasure GaussianField.configuration_eval_measurable GaussianField.Configuration Pphi2.density_transfer_bound GaussianField.NuclearTensorProduct.instContinuousSMulReal GaussianField.gaussian_hypercontractive GaussianField.SmoothMap_Circle Pphi2.torusEmbeddedTwoPoint_uniform_bound GaussianField.circleSpacing GaussianField.instMeasurableSpaceConfiguration Pphi2.latticeTestFn Pphi2.torusEmbedLift_eval_eq GaussianField.ell2' Pphi2.torusInteractingMeasure GaussianField.FinLatticeField Pphi2.interactionFunctional GaussianField.TorusTestFunction Lattice.toSemilatticeInf GaussianField.circleSpacing_pos
def	GaussianField.latticeSingularValue	Lattice.Covariance	GaussianField.latticeEigenvalue
thm	Pphi2.SchwartzMap.translate_apply	Pphi2.Backgrounds.EuclideanPlane2D	Pphi2.EuclideanPlaneBackground.SpaceTime Pphi2.planeBackground Pphi2.SchwartzMap.translate Pphi2.EuclideanPlaneBackground.dim Pphi2.SpaceTime2 Pphi2.plane2Background Pphi2.TestFunction2 Pphi2.EuclideanPlaneBackground.translate_apply
thm	GaussianField.sq_log_div_le	GaussianField.Hypercontractive	Lattice.toSemilatticeInf
def	Pphi2.groundVarianceFreeCovarianceConstant	Pphi2.AsymTorus.AsymB5bSingleSlice	Pphi2.groundSliceVariance Pphi2.SpatialField Pphi2.freeSingleSliceCovariance Pphi2.groundVariance_le_freeCovariance
thm	GaussianField.charFun	GaussianField.Construction	GaussianField.DyninMityaginSpace GaussianField.measure GaussianField.ell2_separableSpace GaussianField.ell2_not_finiteDimensional GaussianField.configuration_eval_measurable GaussianField.Configuration GaussianField.instMeasurableSpaceConfiguration GaussianField.NoiseSpace GaussianField.ell2'
thm	GaussianHilbert.MemLp.exists_hasCompactSupport_integral_sq_sub_le	GaussianHilbert.PolynomialDensity
def	GaussianField.SmoothMap_Circle.fromRapidDecay	SmoothCircle.Nuclear	GaussianField.RapidDecaySeq GaussianField.RapidDecaySeq.val GaussianField.SmoothMap_Circle.fourierBasisFun GaussianField.SmoothMap_Circle.periodic_fourierSeries GaussianField.SmoothMap_Circle GaussianField.SmoothMap_Circle.contDiff_fourierSeries
thm	GaussianField.cylinderConfigTimeTranslation_continuous	Cylinder.Symmetry	GaussianField.NuclearTensorProduct.instModuleReal GaussianField.NuclearTensorProduct.instTopologicalSpace GaussianField.CylinderTestFunction GaussianField.NuclearTensorProduct.instIsTopologicalAddGroup GaussianField.NuclearTensorProduct.instAddCommGroup GaussianField.Configuration GaussianField.NuclearTensorProduct.instContinuousSMulReal GaussianField.SmoothMap_Circle GaussianField.cylinderTimeTranslation GaussianField.cylinderConfigTimeTranslation
def	Pphi2.asymEvalMap	Pphi2.NelsonEstimate.AsymFieldDecomposition	GaussianField.AsymLatticeSites GaussianField.Configuration GaussianField.AsymLatticeField GaussianField.asymLatticeDelta
thm	GaussianField.SmoothMap_Circle.ext_iff	SmoothCircle.Basic	GaussianField.SmoothMap_Circle.instFunLike GaussianField.SmoothMap_Circle.ext GaussianField.SmoothMap_Circle
def	Pphi2.EuclideanTimeStructure.ctorIdx	Pphi2.Backgrounds.EuclideanTime	Pphi2.EuclideanPlaneBackground Pphi2.EuclideanTimeStructure
thm	GaussianField.realFourierMultiplierCLM_one	Cylinder.FourierMultiplier	GaussianField.realFourierMultiplierCLM GaussianField.schwartzToComplex GaussianField.schwartzToReal
thm	GaussianField.latticeCovarianceGJ.congr_simp	GaussianField.Density	GaussianField.FinLatticeSites GaussianField.latticeCovarianceGJ GaussianField.ell2' GaussianField.FinLatticeField
thm	Pphi2.asymSliceFamilyLinear.congr_simp	Pphi2.AsymTorus.AsymBridgeKLimit	Pphi2.SpatialField Pphi2.asymSliceFamilyLinear
def	GaussianField.cylinderGreen	Cylinder.GreenFunction	GaussianField.NuclearTensorProduct.instModuleReal GaussianField.NuclearTensorProduct.instTopologicalSpace GaussianField.CylinderTestFunction GaussianField.NuclearTensorProduct.instAddCommGroup GaussianField.cylinderMassOperator GaussianField.SmoothMap_Circle GaussianField.ell2'
def	GaussianField.gaussianDensityNormConst	GaussianField.Density	GaussianField.FinLatticeSites GaussianField.gaussianDensityMeasure GaussianField.FinLatticeField
thm	GaussianField.RapidDecaySeq.add_val	Nuclear.NuclearTensorProduct	GaussianField.RapidDecaySeq.instAdd GaussianField.RapidDecaySeq GaussianField.RapidDecaySeq.val
thm	GaussianField.RapidDecaySeq.ext_iff	Nuclear.NuclearTensorProduct	GaussianField.RapidDecaySeq GaussianField.RapidDecaySeq.val GaussianField.RapidDecaySeq.ext
thm	GaussianField.schwartzReflection_positive_to_negative	Cylinder.Symmetry	GaussianField.schwartzPositiveTimeSubmodule GaussianField.schwartzReflection
def	Pphi2.LatticeBridge.LatticeRoughErrorSetup.ctorIdx	Pphi2.NelsonEstimate.LatticeBridge	Pphi2.LatticeBridge.LatticeRoughErrorSetup
thm	Pphi2.wickMonomial_four	Pphi2.WickOrdering.WickPolynomial	Pphi2.wickMonomial
thm	GaussianField.latticeGaussianMeasure_isGaussian	GaussianField.StandardGaussianBridge	GaussianField.finLatticeField_dyninMityaginSpace GaussianField.ell2_separableSpace GaussianField.FinLatticeSites GaussianField.latticeCovarianceGJ GaussianField.latticeGaussianMeasure GaussianField.measure_isGaussian GaussianField.Configuration GaussianField.instMeasurableSpaceConfiguration GaussianField.ell2' GaussianField.FinLatticeField
thm	GaussianField.latticeCovarianceGJ_eigenvector_inner_self	GaussianField.StandardGaussianBridge	GaussianField.covariance GaussianField.FinLatticeSites GaussianField.latticeCovarianceGJ GaussianField.lattice_covariance_GJ_eq_spectral GaussianField.massEigenvalues GaussianField.massEigenvectorBasis GaussianField.ell2' GaussianField.FinLatticeField
thm	GaussianField.fourth_moment_standard_gaussian	GaussianField.Hypercontractive
thm	Pphi2.canonicalJointMeasure_map_stdGaussianEuclidean	Pphi2.NelsonEstimate.FieldDecomposition	Pphi2.canonicalJointMeasure Pphi2.canonicalJointMeasure_map_sum_pi_gaussian Pphi2.CanonicalJointSumIndex Pphi2.CanonicalJoint
thm	Pphi2.latticeEmbedLift_eval_eq	Pphi2.ContinuumLimit.Embedding	Pphi2.EuclideanPlaneBackground.SpaceTime Pphi2.latticeTestField Pphi2.planeBackground GaussianField.FinLatticeSites Pphi2.evalAtSite Pphi2.EuclideanPlaneBackground.dim GaussianField.Configuration Pphi2.latticeEmbedLift Pphi2.ContinuumTestFunction Pphi2.latticeTestField_expand GaussianField.FinLatticeField
thm	Pphi2.LatticeBridge.LatticeRoughErrorSetup.hV_meas	Pphi2.NelsonEstimate.LatticeBridge	GaussianField.FinLatticeSites Pphi2.LatticeBridge.LatticeRoughErrorSetup GaussianField.Configuration GaussianField.instMeasurableSpaceConfiguration GaussianField.FinLatticeField Pphi2.interactionFunctional
thm	GaussianField.wick_bound_factorial	GaussianField.Wick	GaussianField.DyninMityaginSpace GaussianField.wick_bound GaussianField.measure GaussianField.Configuration GaussianField.instMeasurableSpaceConfiguration
def	Pphi2.pphi2Formulation	Pphi2.FormulationAdapter	Pphi2.EuclideanPlaneBackground.SpaceTime Pphi2.planeBackground Pphi2.EuclideanPlaneBackground.dim Pphi2.SpaceTime2 Common.QFT.Euclidean.Formulation Pphi2.TestFunction2ℂ Pphi2.positiveTimeSubmodule2 Pphi2.TestFunction2
thm	Pphi2.cylinderPullback_expMoment_le_green	Pphi2.AsymTorus.MomentBoundOS1	GaussianField.NuclearTensorProduct.instModuleReal GaussianField.NuclearTensorProduct.instTopologicalSpace GaussianField.asymTorusContinuumGreen Pphi2.cylinderPullback_expMoment_eq GaussianField.CylinderTestFunction GaussianField.NuclearTensorProduct.instIsTopologicalAddGroup Pphi2.cylinderToTorusEmbed GaussianField.NuclearTensorProduct.instAddCommGroup Pphi2.cylinderPullbackMeasure GaussianField.Configuration GaussianField.NuclearTensorProduct.instContinuousSMulReal GaussianField.SmoothMap_Circle GaussianField.instMeasurableSpaceConfiguration Pphi2.MeasureHasGreenMomentBound GaussianField.AsymTorusTestFunction
thm	GaussianField.SmoothMap_Circle.add_apply	SmoothCircle.Basic	GaussianField.SmoothMap_Circle.instFunLike GaussianField.SmoothMap_Circle.instAdd GaussianField.SmoothMap_Circle
thm	Pphi2.canonicalStdFieldFunction_eq_canonicalSumFieldFunction	Pphi2.NelsonEstimate.FieldDecomposition	GaussianField.FinLatticeSites Pphi2.canonicalSumFieldFunction Pphi2.CanonicalJointSumIndex Pphi2.canonicalRoughFieldFunction Pphi2.canonicalSmoothFieldFunction Pphi2.canonicalStdFieldFunction Pphi2.CanonicalJoint
thm	Pphi2.os4_clustering_implies_ergodicity	Pphi2.ContinuumLimit.CharacteristicFunctional	Pphi2.EuclideanPlaneBackground.SpaceTime Pphi2.FieldConfig2 Pphi2.EuclideanTimeStructure.timeTranslation Pphi2.EuclideanPlaneBackground.RealTestFunction Pphi2.planeBackground Pphi2.EuclideanPlaneBackground.translate Pphi2.SchwartzMap.translate Pphi2.EuclideanOS.OS4_Clustering Pphi2.timeTranslationVector2 Pphi2.EuclideanPlaneBackground.dim Pphi2.IsPphi2Limit Pphi2.SpaceTime2 Pphi2.norm_generatingFunctional_le_one Pphi2.plane2Background Pphi2.timeTranslationVector2_ofLp_zero GaussianField.instMeasurableSpaceConfiguration Pphi2.TestFunction2 Pphi2.EuclideanOS.OS4_Ergodicity Pphi2.generatingFunctional_translate_continuous Pphi2.EuclideanOS.generatingFunctional Pphi2.pphi2_generating_functional_real Pphi2.plane2TimeStructure
thm	Pphi2.u4_slope_neg	Pphi2.InteractingMeasure.U4Derivative	Pphi2.quartic_kernel_sum_pos GaussianField.FinLatticeSites GaussianField.gffPositionCovariance GaussianField.FinLatticeField
def	Pphi2.asymShift	Pphi2.AsymTorus.AsymWickVariance	GaussianField.AsymLatticeSites GaussianField.AsymLatticeField
thm	GaussianField.instMeasurableSpaceConfiguration_eq_comap	GaussianField.ConfigurationEmbedding	GaussianField.DyninMityaginSpace GaussianField.DyninMityaginSpace.coeff GaussianField.DyninMityaginSpace.hasSum_basis GaussianField.configBasisEval_measurable GaussianField.Configuration GaussianField.DyninMityaginSpace.basis GaussianField.instMeasurableSpaceConfiguration GaussianField.configBasisEval
thm	GaussianField.latticeEigenvalue1d_ge_8m	Lattice.HeatKernelConvergence1d	GaussianField.latticeEigenvalue1d GaussianField.circleSpacing GaussianField.SmoothMap_Circle.fourierFreq Lattice.toSemilatticeInf
thm	Pphi2.asym_interacting_second_moment_eq_pathMeasure_slicePairing	Pphi2.AsymTorus.AsymBridgeInstance	GaussianField.AsymLatticeSites Pphi2.interacting_second_moment_eq_pathMeasure Pphi2.SpatialField Pphi2.asymTransferSystem GaussianField.Configuration GaussianField.AsymLatticeField Pphi2.slicePairing Pphi2.interactingLatticeMeasureAsym GaussianField.instMeasurableSpaceConfiguration
thm	GaussianField.prokhorov_configuration_pushforward	GaussianField.ConfigurationEmbedding	GaussianField.DyninMityaginSpace GaussianField.prokhorov_sequential GaussianField.configBasisEval_measurable GaussianField.Configuration GaussianField.instMeasurableSpaceConfiguration GaussianField.configBasisEval GaussianField.configBasisEval_continuous
thm	Pphi2.asymCanonicalSumFieldFunction_pointwise_measurable	Pphi2.NelsonEstimate.AsymFieldDecomposition	Pphi2.asymCanonicalSmoothFieldFunction_pointwise_measurable GaussianField.AsymLatticeSites Pphi2.AsymCanonicalJoint Pphi2.asymCanonicalRoughFieldFunction_pointwise_measurable Pphi2.asymCanonicalSumFieldFunction Pphi2.asymCanonicalRoughFieldFunction Pphi2.asymCanonicalSmoothFieldFunction Pphi2.AsymCanonicalMode
def	Pphi2.canonicalRoughConfig	Pphi2.NelsonEstimate.FieldDecomposition	GaussianField.FinLatticeSites GaussianField.Configuration Pphi2.canonicalRoughFieldFunction Pphi2.latticeFieldToConfig GaussianField.FinLatticeField Pphi2.CanonicalJoint
def	GaussianHilbert.ouGenerator1D	GaussianHilbert.OUEigenfunctions
thm	GaussianField.latticeFourierNormSq.congr_simp	Lattice.CirculantDFT	GaussianField.latticeFourierNormSq
thm	Pphi2.ContinuumSpaceTime_eq	Pphi2.Backgrounds.EuclideanPlane	Pphi2.ContinuumSpaceTime
def	GaussianField.gaussianDensityWeight	GaussianField.Density	GaussianField.gaussianDensity GaussianField.FinLatticeField
thm	Pphi2.BridgeFromTail.bridgeAxiom_of_setup_real_generic	Pphi2.NelsonEstimate.GenericBridge	Pphi2.BridgeFromTail.expSqNeg_lintegral_le_of_dynamical_cutoff Lattice.toSemilatticeInf
thm	Pphi2.canonicalRoughCovariance.congr_simp	Pphi2.NelsonEstimate.FieldDecomposition	Pphi2.canonicalRoughCovariance GaussianField.FinLatticeSites
thm	GaussianField.resolventSymbol_even	Cylinder.FourierMultiplier	GaussianField.resolventSymbol
thm	GaussianField.massEigenbasis_sum_mul_sum_eq_site_inner	Lattice.SpectralCovariance	GaussianField.FinLatticeSites GaussianField.massEigenvectorBasis GaussianField.FinLatticeField
thm	Pphi2.canonicalRoughCovariance_sq_row_sum_eq_double_integral	Pphi2.NelsonEstimate.FieldDecomposition	GaussianField.latticeEigenvalue1d Pphi2.canonicalRoughCovariance GaussianField.FinLatticeSites Pphi2.canonicalRoughCovariance_eq_integral_Icc_heatKernel Pphi2.heatKernel_row_pairing_eq_diagonal GaussianField.latticeFourierProductBasisFun GaussianField.latticeFourierProductNormSq GaussianField.latticeHeatKernelMatrix
def	GaussianField.massOperatorAsym	Lattice.AsymCovariance	GaussianField.AsymLatticeSites GaussianField.finiteLaplacianAsym GaussianField.AsymLatticeField
thm	GaussianHilbert.integrable_exp_coord_of_subGaussian	GaussianHilbert.PolynomialDensity	GaussianHilbert.IsSubGaussianMeasure Lattice.toSemilatticeInf
thm	GaussianField.cylinderGreen_continuous_diag	Cylinder.GreenFunction	GaussianField.NuclearTensorProduct.instModuleReal GaussianField.NuclearTensorProduct.instTopologicalSpace GaussianField.CylinderTestFunction GaussianField.cylinderGreen GaussianField.NuclearTensorProduct.instAddCommGroup GaussianField.cylinderMassOperator GaussianField.SmoothMap_Circle GaussianField.ell2'
thm	Pphi2.expMoment_bound_of_cutoff_quartic_tail	Pphi2.NelsonEstimate.RoughErrorBound	Pphi2.LatticeSetup.latticeSmoothInteraction Pphi2.canonicalJointMeasure Pphi2.canonicalSumConfig Pphi2.canonicalSmoothConfig Pphi2.canonicalFullInteractionJoint_eq_interactionFunctional GaussianField.FinLatticeSites Pphi2.canonicalFullInteractionJoint Pphi2.canonicalSumConfig_measurable Pphi2.DynamicalCutoff.dynamicalCutoffScale_pos Pphi2.canonicalSmoothInteraction_eq_latticeSmoothInteraction Pphi2.canonicalSmoothInteraction GaussianField.latticeGaussianMeasure GaussianField.Configuration Pphi2.DynamicalCutoff.dynamicalCutoffScale GaussianField.instMeasurableSpaceConfiguration Pphi2.canonicalJointMeasure_map_canonicalSumConfig Pphi2.LatticeBridge.bridgeAxiom_of_varying_coupled_setup_real Pphi2.canonicalJointMeasure_isProbability GaussianField.FinLatticeField Pphi2.canonicalRoughError Pphi2.interactionFunctional Pphi2.CanonicalJoint
thm	Pphi2.asymInteracting_expMoment_volume_uniform_proof	Pphi2.AsymTorus.AsymExpMomentDischarge	GaussianField.NuclearTensorProduct.instModuleReal Lattice.toSemilatticeSup GaussianField.NuclearTensorProduct.instTopologicalSpace GaussianField.AsymLatticeSites Pphi2.asymTorusEmbedLiftIso_measurable Pphi2.asymInteractingVariance_le_freeVariance_Lt_uniform Pphi2.asymTorusEmbedLiftIso_eval_eq GaussianField.NuclearTensorProduct.instIsTopologicalAddGroup Pphi2.asymInteracting_mgf_gaussianDominated Pphi2.asymLatticeTestFnIso Pphi2.asymTorusEmbedLiftIso GaussianField.NuclearTensorProduct.instAddCommGroup Pphi2.asymTorusInteractingMeasureIso GaussianField.configuration_eval_measurable GaussianField.Configuration GaussianField.NuclearTensorProduct.instContinuousSMulReal GaussianField.AsymLatticeField GaussianField.SmoothMap_Circle Pphi2.latticeGaussianMeasureAsym Pphi2.interactingLatticeMeasureAsym GaussianField.instMeasurableSpaceConfiguration GaussianField.AsymTorusTestFunction
thm	Pphi2.latticeEmbedEval.congr_simp	Pphi2.ContinuumLimit.Embedding	Pphi2.latticeEmbedEval Pphi2.ContinuumTestFunction GaussianField.FinLatticeField
thm	Pphi2.asymGroundVector_coeFn_eq_groundStateRep	Pphi2.AsymTorus.AsymBridgeInstance	Pphi2.SpatialField Pphi2.asymGroundVector Pphi2.asymGroundStateRep
def	GaussianField.ntpExtractSliceFun	Cylinder.PositiveTime	GaussianField.RapidDecaySeq GaussianField.RapidDecaySeq.val
def	GaussianField.SmoothMap_Circle.toRapidDecayCLM	SmoothCircle.Nuclear	GaussianField.RapidDecaySeq GaussianField.SmoothMap_Circle.instAddCommGroup GaussianField.RapidDecaySeq.instModule GaussianField.SmoothMap_Circle.toRapidDecayLM GaussianField.SmoothMap_Circle.instModule GaussianField.RapidDecaySeq.instAddCommGroup GaussianField.SmoothMap_Circle GaussianField.RapidDecaySeq.instTopologicalSpace GaussianField.SmoothMap_Circle.instTopologicalSpace GaussianField.SmoothMap_Circle.toRapidDecay_continuous
def	GaussianField.asymTorusTimeReflection	Torus.AsymmetricTorus	GaussianField.NuclearTensorProduct.instModuleReal GaussianField.NuclearTensorProduct.instTopologicalSpace GaussianField.nuclearTensorProduct_mapCLM GaussianField.SmoothMap_Circle.instAddCommGroup GaussianField.NuclearTensorProduct.instAddCommGroup GaussianField.circleReflection GaussianField.SmoothMap_Circle.instModule GaussianField.SmoothMap_Circle.instContinuousSMul GaussianField.smoothCircle_dyninMityaginSpace GaussianField.SmoothMap_Circle.instIsTopologicalAddGroup GaussianField.SmoothMap_Circle GaussianField.AsymTorusTestFunction GaussianField.SmoothMap_Circle.instTopologicalSpace
thm	Pphi2.asymTorusEmbedLift.congr_simp	Pphi2.AsymTorus.AsymTorusInteractingLimit	GaussianField.NuclearTensorProduct.instModuleReal GaussianField.NuclearTensorProduct.instTopologicalSpace GaussianField.FinLatticeSites GaussianField.NuclearTensorProduct.instIsTopologicalAddGroup GaussianField.NuclearTensorProduct.instAddCommGroup GaussianField.Configuration GaussianField.NuclearTensorProduct.instContinuousSMulReal GaussianField.SmoothMap_Circle Pphi2.asymTorusEmbedLift GaussianField.AsymTorusTestFunction GaussianField.FinLatticeField
thm	GaussianHilbert.mehlerOp_apply	GaussianHilbert.OUEigenfunctions	GaussianHilbert.mehlerFun_memLp GaussianHilbert.stdGaussianFin GaussianHilbert.mehlerFun GaussianHilbert.mehlerOp
thm	GaussianField.cylinderMassOperator_normSq_eq_sum_perMode	Cylinder.MassOperatorEquivariance	GaussianField.NuclearTensorProduct.instModuleReal GaussianField.NuclearTensorProduct.instTopologicalSpace GaussianField.cylinderMassOperator_formula GaussianField.DyninMityaginSpace.coeff GaussianField.schwartz_dyninMityaginSpace_1D GaussianField.CylinderTestFunction GaussianField.NuclearTensorProduct.instAddCommGroup GaussianField.resolventFreq_pos GaussianField.resolventFreq GaussianField.cylinderMassOperator GaussianField.SmoothMap_Circle GaussianField.ntpSliceSchwartz GaussianField.resolventMultiplierCLM GaussianField.ell2' GaussianField.perModeL2SqNorm
thm	Pphi2.asymGroundStateRep_norm_integral_eq_one	Pphi2.AsymTorus.AsymBridgeInstance	Pphi2.L2SpatialField Pphi2.SpatialField Pphi2.asymGroundVector Pphi2.asymGroundVector_norm_eq_one Pphi2.asymGroundVector_coeFn_eq_groundStateRep Pphi2.asymGroundStateRep
thm	Pphi2.interactionFunctionalAsym_mean_nonpos	Pphi2.AsymTorus.AsymWickMean	GaussianField.AsymLatticeSites Pphi2.wickConstantAsym Pphi2.wickPolynomialAsym_integral_eq_coeff_zero GaussianField.Configuration GaussianField.AsymLatticeField Pphi2.latticeGaussianMeasureAsym Pphi2.interactionFunctionalAsym GaussianField.instMeasurableSpaceConfiguration GaussianField.instFintypeAsymLatticeSitesOfNeZeroNat GaussianField.asymLatticeDelta Pphi2.wickPolynomial
thm	Pphi2.canonicalSumFieldFunction_pointwise_measurable	Pphi2.NelsonEstimate.FieldDecomposition	GaussianField.FinLatticeSites Pphi2.canonicalRoughFieldFunction_pointwise_measurable Pphi2.canonicalSumFieldFunction Pphi2.canonicalRoughFieldFunction Pphi2.canonicalSmoothFieldFunction_pointwise_measurable Pphi2.canonicalSmoothFieldFunction Pphi2.CanonicalJoint
thm	GaussianField.product_integrable	GaussianField.Wick	GaussianField.DyninMityaginSpace GaussianField.measure GaussianField.Configuration GaussianField.instMeasurableSpaceConfiguration
thm	Pphi2.transferKernel_pos	Pphi2.TransferMatrix.TransferMatrix	Pphi2.spatialAction Pphi2.SpatialField Pphi2.transferKernel Pphi2.wickConstant Pphi2.timeCoupling
thm	Pphi2.canonicalRoughFieldFunction_self_moment_const	Pphi2.NelsonEstimate.FieldDecomposition	GaussianField.FinLatticeSites Pphi2.canonicalRoughFieldFunction_self_moment_eq_roughWickConstant Pphi2.canonicalRoughFieldFunction_self_moment_diag Pphi2.roughWickConstant
def	GaussianField.SmoothMap_Circle.fourierCoeffCLM	SmoothCircle.Basic	GaussianField.SmoothMap_Circle.instAddCommGroup GaussianField.SmoothMap_Circle.fourierCoeffLM GaussianField.SmoothMap_Circle.instModule GaussianField.SmoothMap_Circle GaussianField.SmoothMap_Circle.instTopologicalSpace
thm	Pphi2.integrable_powMul_wickMonomial'	Pphi2.InteractingMeasure.MomentIntegrability	GaussianField.FinLatticeSites Pphi2.wickMonomial GaussianField.latticeGaussianMeasure GaussianField.Configuration GaussianField.instMeasurableSpaceConfiguration Pphi2.integrable_powMul_wickMonomial GaussianField.FinLatticeField
thm	Pphi2.transferGaussian_sub_comm	Pphi2.TransferMatrix.L2Operator	Pphi2.SpatialField Pphi2.transferGaussian Pphi2.transferGaussian_neg
thm	Pphi2.canonicalJointMeasure_map_canonicalSumConfig	Pphi2.NelsonEstimate.FieldDecomposition	Pphi2.canonicalJointMeasure GaussianField.measurable_evalMap Pphi2.canonicalSumConfig GaussianField.evalMap GaussianField.FinLatticeSites Pphi2.canonicalSumFieldFunction_measurable GaussianField.evalMapInv GaussianField.latticeGaussianFieldLaw GaussianField.latticeGaussianMeasure GaussianField.Configuration Pphi2.canonicalSumFieldFunction GaussianField.evalMapInv_evalMap GaussianField.evalMapInv_measurable Pphi2.canonicalSumFieldLaw_eq_map_canonicalSumFieldFunction Pphi2.latticeFieldToConfig GaussianField.instMeasurableSpaceConfiguration Pphi2.canonicalSumFieldLaw_eq_latticeGaussianFieldLaw Pphi2.latticeFieldToConfig_eq_evalMapInv Pphi2.canonicalSumFieldLaw GaussianField.FinLatticeField Pphi2.CanonicalJoint
thm	GaussianField.gaussianDensity_fkg_lattice_condition	Lattice.FKG	GaussianField.massOperator_offDiag_nonpos GaussianField.FinLatticeSites GaussianField.quadraticForm_submodular_of_nonpos_offDiag GaussianField.massOperator GaussianField.FKGLatticeCondition GaussianField.gaussianDensity GaussianField.FinLatticeField GaussianField.massOperatorEntry
def	GaussianField.latticeFullReflectionMatrix	Lattice.Symmetry	GaussianField.FinLatticeSites
thm	Pphi2.massOperatorAsym_quadratic_form_bonds	Pphi2.AsymTorus.AsymEnergyFactorization	Pphi2.asym_sbp_direction GaussianField.AsymLatticeSites GaussianField.finiteLaplacianAsym GaussianField.finiteLaplacianAsymFun GaussianField.AsymLatticeField GaussianField.instFintypeAsymLatticeSitesOfNeZeroNat GaussianField.massOperatorAsym
def	GaussianField.qftSingularValue	HeatKernel.Axioms	GaussianField.qftEigenvalue
thm	Pphi2.torusInteractingMeasure_gf_timeReflection_invariant	Pphi2.TorusContinuumLimit.TorusInteractingOS	GaussianField.torusTimeReflection GaussianField.NuclearTensorProduct.instModuleReal GaussianField.NuclearTensorProduct.instTopologicalSpace GaussianField.evalTorusAtSite_timeReflection GaussianField.nuclearTensorProduct_mapCLM GaussianField.SmoothMap_Circle.instAddCommGroup GaussianField.FinLatticeSites GaussianField.NuclearTensorProduct.instIsTopologicalAddGroup Pphi2.torusEmbedLift Pphi2.torusGeneratingFunctional Pphi2.torusEmbedLift_measurable Pphi2.interactingLatticeMeasure GaussianField.NuclearTensorProduct.instAddCommGroup GaussianField.evalTorusAtSiteGJ_apply' GaussianField.circleReflection GaussianField.evalTorusAtSite GaussianField.SmoothMap_Circle.instModule GaussianField.configuration_eval_measurable GaussianField.SmoothMap_Circle.instContinuousSMul GaussianField.Configuration GaussianField.smoothCircle_dyninMityaginSpace GaussianField.SmoothMap_Circle.instIsTopologicalAddGroup GaussianField.NuclearTensorProduct.instContinuousSMulReal GaussianField.SmoothMap_Circle GaussianField.circleSpacing GaussianField.instMeasurableSpaceConfiguration Pphi2.latticeTestFn Pphi2.torusEmbedLift_eval_eq Pphi2.torusInteractingMeasure_isProbability Pphi2.torusInteractingMeasure GaussianField.FinLatticeField GaussianField.TorusTestFunction GaussianField.SmoothMap_Circle.instTopologicalSpace GaussianField.circleSpacing_pos GaussianField.timeReflectSites
thm	Pphi2.connectedFourPoint_gaussianMeasure_eq_zero	Pphi2.InteractingMeasure.FieldRedefinition	GaussianField.DyninMityaginSpace GaussianField.measure Pphi2.connectedFourPoint GaussianField.integral_pow4_gaussianReal GaussianField.pairing_is_gaussian GaussianField.configuration_eval_measurable GaussianField.Configuration GaussianField.integral_sq_gaussianReal GaussianField.instMeasurableSpaceConfiguration
thm	GaussianField.gaussianDensity_nonneg	Lattice.SpectralCovariance	GaussianField.FinLatticeSites GaussianField.massOperator GaussianField.gaussianDensity GaussianField.FinLatticeField
def	Pphi2.MeasureHasGreenMomentBound	Pphi2.AsymTorus.MomentBoundOS1	GaussianField.NuclearTensorProduct.instModuleReal GaussianField.NuclearTensorProduct.instTopologicalSpace GaussianField.asymTorusContinuumGreen GaussianField.NuclearTensorProduct.instIsTopologicalAddGroup GaussianField.NuclearTensorProduct.instAddCommGroup GaussianField.Configuration GaussianField.NuclearTensorProduct.instContinuousSMulReal GaussianField.SmoothMap_Circle GaussianField.instMeasurableSpaceConfiguration GaussianField.AsymTorusTestFunction
thm	GaussianField.schwartz_partial_hermiteCoeff_eq_1D	SchwartzNuclear.SchwartzSlicing	GaussianField.schwartz_slice GaussianField.schwartz_partial_hermiteCoeff
thm	GaussianField.cylinderGreen_timeTranslation_invariant	Cylinder.GreenFunction	GaussianField.NuclearTensorProduct.instModuleReal GaussianField.NuclearTensorProduct.instTopologicalSpace GaussianField.CylinderTestFunction GaussianField.cylinderGreen GaussianField.cylinderMassOperator_timeTranslation_equivariant GaussianField.NuclearTensorProduct.instAddCommGroup GaussianField.cylinderMassOperator GaussianField.SmoothMap_Circle GaussianField.ell2' GaussianField.cylinderTimeTranslation
thm	Pphi2.torusContinuumGreen_translation_invariant	Pphi2.TorusContinuumLimit.TorusOSAxioms	Pphi2.torusContinuumGreen GaussianField.NuclearTensorProduct.instModuleReal GaussianField.NuclearTensorProduct.instTopologicalSpace GaussianField.greenFunctionBilinear_translation_invariant GaussianField.NuclearTensorProduct.instAddCommGroup GaussianField.torusTranslation GaussianField.SmoothMap_Circle GaussianField.TorusTestFunction
thm	Pphi2.integrable_powMul_interaction_sq	Pphi2.InteractingMeasure.MomentDerivative	Pphi2.interactionFunctional_eq_single GaussianField.FinLatticeSites GaussianField.latticeGaussianMeasure GaussianField.Configuration Pphi2.wickConstant GaussianField.instMeasurableSpaceConfiguration Pphi2.integrable_powMul_wickPolynomial_mul GaussianField.FinLatticeField Pphi2.interactionFunctional Pphi2.wickPolynomial
thm	GaussianField.gaussianDensityNormConst_eq_lintegral	GaussianField.Density	GaussianField.FinLatticeSites GaussianField.gaussianDensityNormConst GaussianField.gaussianDensityWeight GaussianField.FinLatticeField
thm	GaussianField.rapidDecaySeq_separableSpace	SchwartzNuclear.HermiteNuclear	GaussianField.RapidDecaySeq GaussianField.RapidDecaySeq.val GaussianField.RapidDecaySeq.hasSum_basisVec GaussianField.RapidDecaySeq.instSMul GaussianField.RapidDecaySeq.instModule GaussianField.RapidDecaySeq.basisVec GaussianField.RapidDecaySeq.instAddCommGroup GaussianField.RapidDecaySeq.instIsTopologicalAddGroup GaussianField.RapidDecaySeq.instTopologicalSpace GaussianField.RapidDecaySeq.instContinuousSMul
thm	Pphi2.wickFourth_smeared_site_inner	Pphi2.InteractingMeasure.SmearedWickVertex	GaussianField.gffSmearedCovariance_self GaussianField.FinLatticeSites GaussianField.gffSmearedCoeff GaussianField.gffPositionCovariance GaussianField.latticeGaussianMeasure GaussianField.Configuration GaussianField.gff_wickPower_two_smeared_inner GaussianField.instMeasurableSpaceConfiguration GaussianField.FinLatticeField GaussianField.gffSmearedCovariance GaussianField.gffSmearedCovariance_single_right
def	GaussianField.resolventFreq	Cylinder.MassOperatorConstruction	GaussianField.SmoothMap_Circle.fourierFreq
thm	GaussianField.greenFunctionBilinear_finset_sum_left	HeatKernel.Bilinear	GaussianField.DyninMityaginSpace GaussianField.HasLaplacianEigenvalues GaussianField.greenFunctionBilinear_add_left GaussianField.greenFunctionBilinear_smul_left GaussianField.greenFunctionBilinear_zero_left GaussianField.greenFunctionBilinear
thm	GaussianField.fourierCoeffReal_circleReflection_sin	SmoothCircle.FourierTranslation	GaussianField.SmoothMap_Circle.instFunLike GaussianField.SmoothMap_Circle.continuous GaussianField.SmoothMap_Circle.periodic GaussianField.SmoothMap_Circle.instAddCommGroup GaussianField.SmoothMap_Circle.fourierBasisFun_smooth GaussianField.SmoothMap_Circle.fourierCoeffReal GaussianField.SmoothMap_Circle.fourierBasisFun GaussianField.circleReflection GaussianField.SmoothMap_Circle.instModule GaussianField.SmoothMap_Circle GaussianField.SmoothMap_Circle.fourierBasisFun_periodic GaussianField.SmoothMap_Circle.instTopologicalSpace
thm	Pphi2.torusGaussianMeasure_z2_symmetric	Pphi2.TorusContinuumLimit.TorusGaussianLimit	GaussianField.NuclearTensorProduct.instModuleReal GaussianField.NuclearTensorProduct.instTopologicalSpace Pphi2.torusEmbeddedTwoPoint GaussianField.NuclearTensorProduct.instIsTopologicalAddGroup Pphi2.torusContinuumMeasure GaussianField.NuclearTensorProduct.instAddCommGroup GaussianField.configuration_eval_measurable GaussianField.Configuration GaussianField.NuclearTensorProduct.instContinuousSMulReal Pphi2.torusContinuumMeasure_isProbability GaussianField.SmoothMap_Circle GaussianField.instMeasurableSpaceConfiguration Pphi2.gaussian_measure_unique_of_covariance GaussianField.TorusTestFunction Pphi2.torusGaussianMeasure_isGaussian
def	Pphi2.torusEmbedLift	Pphi2.TorusContinuumLimit.TorusEmbedding	GaussianField.NuclearTensorProduct.instModuleReal GaussianField.NuclearTensorProduct.instTopologicalSpace GaussianField.FinLatticeSites GaussianField.NuclearTensorProduct.instIsTopologicalAddGroup GaussianField.NuclearTensorProduct.instAddCommGroup GaussianField.Configuration GaussianField.NuclearTensorProduct.instContinuousSMulReal GaussianField.SmoothMap_Circle GaussianField.torusEmbedCLMGJ GaussianField.FinLatticeField GaussianField.TorusTestFunction
thm	GaussianField.configuration_measurable_of_eval_measurable	GaussianField.Construction	GaussianField.Configuration GaussianField.instMeasurableSpaceConfiguration
thm	GaussianField.latticeEigenvalue1d_tendsto	Lattice.HeatKernelConvergence1d
thm	GaussianField.massOperator_surjective	Lattice.LatticeFourierProduct	GaussianField.FinLatticeSites GaussianField.massOperator GaussianField.massOperator_pos_def GaussianField.FinLatticeField
thm	GaussianField.hermiteCoeff1D_basis_kronecker	SchwartzNuclear.HermiteTensorProduct
thm	Pphi2.gaussianContinuumMeasures_tight	Pphi2.GaussianContinuumLimit.GaussianTightness	Pphi2.EuclideanPlaneBackground.SpaceTime Pphi2.gaussianContinuumMeasure Pphi2.gaussianContinuumMeasure_isProbability GaussianField.schwartz_dyninMityaginSpace Pphi2.gaussian_second_moment_uniform Pphi2.planeBackground Pphi2.EuclideanPlaneBackground.dim GaussianField.Configuration GaussianField.instMeasurableSpaceConfiguration Pphi2.ContinuumTestFunction GaussianField.configuration_tight_of_uniform_second_moments
def	Pphi2.asymGroundGapData	Pphi2.AsymTorus.AsymBridgeInstance	Pphi2.asymTransferNormalized Pphi2.L2SpatialField Pphi2.SpatialField Pphi2.asymGroundVector Pphi2.asymGroundStateRep_measurable Pphi2.asymGroundSemigroupData Pphi2.asymGroundSemigroup_intertwines Pphi2.asymGappedTransfer Pphi2.asymGroundStateRep_isProbabilityMeasure Pphi2.asymGroundStateRep
def	Pphi2.asymCanonicalSmoothModeCoeff	Pphi2.NelsonEstimate.AsymFieldDecomposition	GaussianField.AsymLatticeSites Pphi2.asymCanonicalBasis Pphi2.asymCanonicalSmoothWeight Pphi2.AsymCanonicalMode Pphi2.asymCanonicalNormSq
thm	Pphi2.massOperatorAsym_translation_commute	Pphi2.AsymTorus.AsymWickVariance	Pphi2.finiteLaplacianAsym_translation_commute GaussianField.AsymLatticeSites GaussianField.finiteLaplacianAsym Pphi2.asymShift GaussianField.AsymLatticeField GaussianField.massOperatorAsym
thm	GaussianField.nuclearTensorProduct_mapCLM_comp	Nuclear.TensorProductFunctorAxioms	GaussianField.DyninMityaginSpace GaussianField.NuclearTensorProduct.ext GaussianField.mapImage GaussianField.NuclearTensorProduct.instModuleReal GaussianField.NuclearTensorProduct.instTopologicalSpace GaussianField.RapidDecaySeq GaussianField.nuclearTensorProduct_mapCLM GaussianField.RapidDecaySeq.val GaussianField.nuclearTensorProduct_mapCLM_pure GaussianField.RapidDecaySeq.instModule GaussianField.NuclearTensorProduct GaussianField.RapidDecaySeq.basisVec GaussianField.NuclearTensorProduct.instAddCommGroup GaussianField.RapidDecaySeq.rapidDecay_expansion GaussianField.DyninMityaginSpace.basis GaussianField.NuclearTensorProduct.pure GaussianField.RapidDecaySeq.instAddCommGroup GaussianField.RapidDecaySeq.instTopologicalSpace GaussianField.DyninMityaginSpace.HasBiorthogonalBasis GaussianField.RapidDecaySeq.coeffCLM
def	Pphi2.torusContinuumGreen	Pphi2.TorusContinuumLimit.TorusEmbedding	GaussianField.NuclearTensorProduct.instModuleReal GaussianField.NuclearTensorProduct.instTopologicalSpace GaussianField.circleHasLaplacianEigenvalues GaussianField.NuclearTensorProduct.dyninMityaginSpace GaussianField.SmoothMap_Circle.instAddCommGroup GaussianField.tensorProductHasLaplacianEigenvalues GaussianField.NuclearTensorProduct.instAddCommGroup GaussianField.SmoothMap_Circle.instModule GaussianField.SmoothMap_Circle.instContinuousSMul GaussianField.smoothCircle_dyninMityaginSpace GaussianField.SmoothMap_Circle.instIsTopologicalAddGroup GaussianField.SmoothMap_Circle GaussianField.TorusTestFunction GaussianField.SmoothMap_Circle.instTopologicalSpace GaussianField.greenFunctionBilinear
thm	Pphi2.asymGroundStateRep_measurable	Pphi2.AsymTorus.AsymBridgeInstance	Pphi2.SpatialField Pphi2.asymGroundVector Pphi2.asymGroundStateRep
thm	Pphi2.FieldDecomposition.φ_R_measurable	Pphi2.NelsonEstimate.FieldDecomposition	GaussianField.FinLatticeSites Pphi2.FieldDecomposition Pphi2.FieldDecomposition.φ_R Pphi2.FieldDecomposition.Joint GaussianField.Configuration GaussianField.instMeasurableSpaceConfiguration Pphi2.FieldDecomposition.jointMeasurable GaussianField.FinLatticeField
thm	GaussianField.finiteLaplacian_translation_commute	Lattice.Symmetry	GaussianField.FinLatticeSites GaussianField.latticeTranslationFun GaussianField.finiteLaplacianFun GaussianField.finiteLaplacian GaussianField.FinLatticeField
thm	Pphi2.asymTransferWeight_bound	Pphi2.AsymTorus.AsymL2Operator	Pphi2.spatialAction Pphi2.wickConstantAsym Pphi2.SpatialField Pphi2.asymTransferWeight Lattice.toSemilatticeInf
def	GaussianField.circleHeatSemigroup	SmoothCircle.HeatSemigroup	GaussianField.RapidDecaySeq GaussianField.SmoothMap_Circle.smoothCircleRapidDecayEquiv GaussianField.SmoothMap_Circle.instAddCommGroup GaussianField.heatWeight GaussianField.RapidDecaySeq.instModule GaussianField.SmoothMap_Circle.instModule GaussianField.RapidDecaySeq.instAddCommGroup GaussianField.SmoothMap_Circle GaussianField.RapidDecaySeq.instTopologicalSpace GaussianField.heatWeight_abs_le_one GaussianField.SmoothMap_Circle.instTopologicalSpace
def	Pphi2.canonicalEigenvalue	Pphi2.NelsonEstimate.FieldDecomposition	GaussianField.latticeEigenvalue1d
thm	Pphi2.dm_basis_eq_fourierBasis	Pphi2.TorusContinuumLimit.TorusPropagatorConvergence	GaussianField.SmoothMap_Circle.instFunLike GaussianField.SmoothMap_Circle.ext GaussianField.SmoothMap_Circle.fourierBasis GaussianField.RapidDecaySeq.val GaussianField.SmoothMap_Circle.instAddCommGroup GaussianField.SmoothMap_Circle.fromRapidDecay GaussianField.SmoothMap_Circle.fourierBasisFun GaussianField.RapidDecaySeq.basisVec GaussianField.SmoothMap_Circle.instModule GaussianField.SmoothMap_Circle.instContinuousSMul GaussianField.smoothCircle_dyninMityaginSpace GaussianField.SmoothMap_Circle.instIsTopologicalAddGroup GaussianField.DyninMityaginSpace.basis GaussianField.SmoothMap_Circle GaussianField.SmoothMap_Circle.instTopologicalSpace
thm	Pphi2.asymLatticeTestFnIso.congr_simp	Pphi2.AsymTorus.AsymTorusEmbeddingIso	GaussianField.AsymLatticeSites Pphi2.asymLatticeTestFnIso GaussianField.AsymTorusTestFunction
def	GaussianField.TorusTestFunction	Torus.Restriction	GaussianField.NuclearTensorProduct GaussianField.SmoothMap_Circle
thm	Pphi2.latticeEmbed_eval	Pphi2.ContinuumLimit.Embedding	Pphi2.EuclideanPlaneBackground.SpaceTime Pphi2.latticeEmbed Pphi2.planeBackground Pphi2.latticeEmbedEval Pphi2.EuclideanPlaneBackground.dim GaussianField.Configuration Pphi2.ContinuumTestFunction GaussianField.FinLatticeField
thm	GaussianField.gaussianDensityAsym_nonneg	GaussianField.DensityAsym	GaussianField.AsymLatticeSites GaussianField.gaussianDensityAsym GaussianField.AsymLatticeField GaussianField.instFintypeAsymLatticeSitesOfNeZeroNat GaussianField.massOperatorAsym
thm	GaussianField.gffMultiWickMonomial_eq_hermite_product	GaussianField.WickMultivariate	GaussianField.gffMultiWickMonomial GaussianField.FinLatticeSites GaussianField.gffOrthonormalCoord GaussianField.Configuration GaussianField.FinLatticeField
def	GaussianHilbert.polynomialToL2	GaussianHilbert.PolynomialDensity	GaussianHilbert.IsSubGaussianMeasure GaussianHilbert.MvPolynomial_eval_memLp_two_of_subGaussian
thm	Pphi2.embeddedTwoPoint_uniform_bound	Pphi2.GaussianContinuumLimit.PropagatorConvergence	Pphi2.EuclideanPlaneBackground.SpaceTime GaussianField.finLatticeField_dyninMityaginSpace Pphi2.latticeEmbed GaussianField.measure GaussianField.ell2_separableSpace GaussianField.second_moment_eq_covariance Pphi2.planeBackground GaussianField.covariance GaussianField.FinLatticeSites Pphi2.evalAtSite GaussianField.latticeCovarianceGJ Pphi2.EuclideanPlaneBackground.dim Pphi2.embeddedTwoPoint GaussianField.latticeGaussianMeasure GaussianField.Configuration GaussianField.instMeasurableSpaceConfiguration Pphi2.ContinuumTestFunction GaussianField.ell2' GaussianField.FinLatticeField Pphi2.embeddedTwoPoint_eq_covariance
thm	Pphi2.asymTransferOperator_eigenvalues_pos	Pphi2.AsymTorus.AsymJentzsch	Pphi2.asymTransferOperator_strictly_positive_definite Pphi2.L2SpatialField Pphi2.SpatialField Pphi2.asymTransferOperatorCLM
thm	Pphi2.finiteLaplacian_const	Pphi2.InteractingMeasure.LeadingTerm	GaussianField.FinLatticeSites GaussianField.finiteLaplacianFun GaussianField.finiteLaplacian GaussianField.FinLatticeField
thm	GaussianField.gffOrthonormalCoord.congr_simp	GaussianField.WickMultivariate	GaussianField.FinLatticeSites GaussianField.gffOrthonormalCoord GaussianField.Configuration GaussianField.FinLatticeField
thm	Pphi2.SatisfiesTorusOS.os2_translation	Pphi2.TorusContinuumLimit.TorusOSAxioms	GaussianField.NuclearTensorProduct.instModuleReal GaussianField.NuclearTensorProduct.instTopologicalSpace GaussianField.NuclearTensorProduct.instIsTopologicalAddGroup GaussianField.NuclearTensorProduct.instAddCommGroup Pphi2.SatisfiesTorusOS GaussianField.Configuration GaussianField.NuclearTensorProduct.instContinuousSMulReal GaussianField.SmoothMap_Circle GaussianField.instMeasurableSpaceConfiguration GaussianField.TorusTestFunction Pphi2.TorusOS2_TranslationInvariance
def	Pphi2.ContinuumSpaceTime	Pphi2.Backgrounds.EuclideanPlane	Pphi2.EuclideanPlaneBackground.SpaceTime Pphi2.planeBackground
thm	GaussianField.heatWeight_abs_le_one	SmoothCircle.HeatSemigroup	GaussianField.heatWeight GaussianField.heatWeight_nonneg GaussianField.heatWeight_le_one Lattice.toSemilatticeInf
thm	Pphi2.wickPolynomialAsym_integral_eq_coeff_zero	Pphi2.AsymTorus.AsymWickMean	GaussianField.AsymLatticeSites Pphi2.wickConstantAsym Pphi2.wickMonomialAsym_latticeGaussian Pphi2.wickMonomial GaussianField.Configuration GaussianField.AsymLatticeField Pphi2.latticeGaussianMeasureAsym GaussianField.instMeasurableSpaceConfiguration GaussianField.asymLatticeDelta Pphi2.latticeGaussianMeasureAsym_isProbability Pphi2.wickPolynomial
thm	GaussianField.hasSum_pure	Nuclear.NuclearExtension	GaussianField.DyninMityaginSpace GaussianField.NuclearTensorProduct.instModuleReal GaussianField.NuclearTensorProduct.instTopologicalSpace GaussianField.RapidDecaySeq GaussianField.RapidDecaySeq.val GaussianField.RapidDecaySeq.hasSum_basisVec GaussianField.RapidDecaySeq.instSMul GaussianField.NuclearTensorProduct GaussianField.RapidDecaySeq.basisVec GaussianField.NuclearTensorProduct.instAddCommGroup GaussianField.DyninMityaginSpace.basis GaussianField.NuclearTensorProduct.pure GaussianField.RapidDecaySeq.instAddCommGroup GaussianField.RapidDecaySeq.instTopologicalSpace GaussianField.DyninMityaginSpace.HasBiorthogonalBasis GaussianField.basisVec_eq_pure
thm	GaussianField.normalizedGaussianDensityMeasure_eq_normalizedQuadraticGaussianMeasure	GaussianField.Density	GaussianField.quadraticGaussianDensity GaussianField.normalizedQuadraticGaussianMeasure GaussianField.quadraticGaussianMeasure GaussianField.FinLatticeSites GaussianField.gaussianDensityMeasure GaussianField.massOperator GaussianField.gaussianDensityNormConst GaussianField.gaussianDensityWeight GaussianField.normalizedGaussianDensityMeasure GaussianField.gaussianDensity GaussianField.FinLatticeField
def	GaussianField.DyninMityaginSpace.ofRapidDecayEquiv	Nuclear.NuclearTensorProduct	GaussianField.DyninMityaginSpace GaussianField.RapidDecaySeq GaussianField.RapidDecaySeq.instModule GaussianField.RapidDecaySeq.basisVec GaussianField.RapidDecaySeq.instAddCommGroup GaussianField.RapidDecaySeq.instTopologicalSpace GaussianField.RapidDecaySeq.coeffCLM
def	Pphi2.singleSliceLatticeField	Pphi2.AsymTorus.AsymB5bSingleSlice	GaussianField.AsymLatticeSites Pphi2.SpatialField Pphi2.asymSliceEquiv Pphi2.singleSliceFamily GaussianField.AsymLatticeField
thm	GaussianField.normalizedGaussianDensityMeasure.congr_simp	GaussianField.Density	GaussianField.FinLatticeSites GaussianField.normalizedGaussianDensityMeasure GaussianField.FinLatticeField
def	GaussianField.latticeFourierNormSq	Lattice.CirculantDFT	GaussianField.latticeFourierBasisFun
thm	GaussianField.cylinderHeatSemigroup_timeReflection_comm	Cylinder.FreeHeatSemigroup	GaussianField.NuclearTensorProduct.instModuleReal GaussianField.NuclearTensorProduct.instTopologicalSpace GaussianField.nuclearTensorProduct_mapCLM_comp GaussianField.nuclearTensorProduct_mapCLM GaussianField.schwartz_dyninMityaginSpace_1D GaussianField.SmoothMap_Circle.instAddCommGroup GaussianField.CylinderTestFunction GaussianField.NuclearTensorProduct GaussianField.cylinderHeatSemigroup GaussianField.NuclearTensorProduct.instAddCommGroup GaussianField.smoothCircle_hasBiorthogonalBasis GaussianField.freeHeatSemigroup_reflection_comm GaussianField.cylinderTimeReflection GaussianField.SmoothMap_Circle.instModule GaussianField.SmoothMap_Circle.instContinuousSMul GaussianField.smoothCircle_dyninMityaginSpace GaussianField.SmoothMap_Circle.instIsTopologicalAddGroup GaussianField.SmoothMap_Circle GaussianField.freeHeatSemigroup GaussianField.circleHeatSemigroup GaussianField.schwartzReflection GaussianField.SmoothMap_Circle.instTopologicalSpace GaussianField.schwartz_hasBiorthogonalBasis_1D
thm	Pphi2.pphi2_nonGaussian	Pphi2.Main	Pphi2.EuclideanPlaneBackground.SpaceTime Pphi2.planeBackground Pphi2.EuclideanPlaneBackground.dim GaussianField.Configuration Pphi2.pphi2_nonGaussianity GaussianField.instMeasurableSpaceConfiguration Pphi2.ContinuumTestFunction
thm	GaussianField.log_sobolev_1d	GaussianField.Hypercontractive	GaussianField.integral_pow4_gaussianReal GaussianField.integral_sq_gaussianReal GaussianField.sq_log_div_le Lattice.toSemilatticeInf
thm	GaussianField.latticeDFTCoeff1d.congr_simp	Lattice.CirculantDFT	GaussianField.SmoothMap_Circle GaussianField.latticeDFTCoeff1d
thm	GaussianField.l2InnerProduct_summable	HeatKernel.Bilinear	GaussianField.DyninMityaginSpace GaussianField.DyninMityaginSpace.coeff GaussianField.DyninMityaginSpace.coeff_decay GaussianField.DyninMityaginSpace.ι GaussianField.DyninMityaginSpace.p Lattice.toSemilatticeInf
def	GaussianField.finiteLaplacian	Lattice.Laplacian	GaussianField.FinLatticeSites GaussianField.FinLatticeField GaussianField.finiteLaplacianLM
def	Pphi2.asymTorusInteractingMeasure	Pphi2.AsymTorus.AsymTorusEmbedding	GaussianField.NuclearTensorProduct.instModuleReal GaussianField.NuclearTensorProduct.instTopologicalSpace GaussianField.FinLatticeSites GaussianField.NuclearTensorProduct.instIsTopologicalAddGroup Pphi2.interactingLatticeMeasure Pphi2.asymGeomSpacing_pos GaussianField.NuclearTensorProduct.instAddCommGroup GaussianField.Configuration GaussianField.NuclearTensorProduct.instContinuousSMulReal GaussianField.SmoothMap_Circle GaussianField.instMeasurableSpaceConfiguration Pphi2.asymTorusEmbedLift GaussianField.AsymTorusTestFunction GaussianField.FinLatticeField Pphi2.asymGeomSpacing
def	Pphi2.asymGeomSpacing	Pphi2.AsymTorus.AsymTorusEmbedding	Pphi2.asymTimeSpacing Pphi2.asymSpaceSpacing
thm	GaussianField.periodizeSmoothCircle_add	SchwartzNuclear.Periodization	GaussianField.periodizeFun GaussianField.SmoothMap_Circle.instFunLike GaussianField.SmoothMap_Circle.ext GaussianField.SmoothMap_Circle.instAdd GaussianField.periodize_summable GaussianField.periodize_smooth GaussianField.periodizeFun_periodic GaussianField.SmoothMap_Circle GaussianField.periodizeSmoothCircle
thm	Pphi2.wickPolynomial_add_sub_self	Pphi2.NelsonEstimate.WickBinomial	Pphi2.wickMonomial Pphi2.wickMonomial_add_sub_self Pphi2.wickPolynomial
thm	GaussianField.DyninMityaginSpace.h_completeSpace	Nuclear.DyninMityagin	GaussianField.DyninMityaginSpace
thm	Pphi2.wickFourth_smeared_vertex_inner	Pphi2.InteractingMeasure.SmearedWickVertex	GaussianField.gffSmearedCovariance_self GaussianField.FinLatticeSites GaussianField.gffSmearedCoeff GaussianField.gffPositionCovariance GaussianField.latticeGaussianMeasure GaussianField.Configuration GaussianField.gff_wickPower_two_smeared_inner GaussianField.instMeasurableSpaceConfiguration GaussianField.FinLatticeField GaussianField.gffSmearedCovariance GaussianField.gffSmearedCovariance_single_right
thm	Pphi2.asymEvalMapInv_measurable	Pphi2.NelsonEstimate.AsymFieldDecomposition	GaussianField.AsymLatticeSites GaussianField.configuration_measurable_of_eval_measurable GaussianField.Configuration GaussianField.AsymLatticeField Pphi2.asymEvalMapInv_apply GaussianField.instMeasurableSpaceConfiguration GaussianField.instFintypeAsymLatticeSitesOfNeZeroNat Pphi2.asymEvalMapInv
def	Pphi2.AsymTorusOS2_TimeReflectionInvariance	Pphi2.AsymTorus.AsymTorusOS	GaussianField.NuclearTensorProduct.instModuleReal GaussianField.NuclearTensorProduct.instTopologicalSpace GaussianField.NuclearTensorProduct.instIsTopologicalAddGroup GaussianField.NuclearTensorProduct.instAddCommGroup Pphi2.asymTorusGeneratingFunctional GaussianField.Configuration GaussianField.NuclearTensorProduct.instContinuousSMulReal GaussianField.SmoothMap_Circle GaussianField.instMeasurableSpaceConfiguration GaussianField.AsymTorusTestFunction GaussianField.asymTorusTimeReflection
thm	Pphi2.asymCanonicalCrossTermStd.congr_simp	Pphi2.NelsonEstimate.AsymRoughErrorChaosStd	Pphi2.AsymCanonicalJointSumIndex Pphi2.asymCanonicalCrossTermStd Pphi2.AsymCanonicalMode
thm	GaussianField.negLaplacian1d_cos_eigenvector	Lattice.CirculantDFT	Lattice.toSemilatticeInf
thm	GaussianField.integral_massEigenbasis_cexp_GJ	GaussianField.Density	GaussianField.FinLatticeSites GaussianField.integral_cexp_neg_half_sum_mul_sq_add_linear GaussianField.massEigenbasis_quadratic_sum_reprSymm_ofLp GaussianField.massEigenbasis_linear_sum_reprSymm_ofLp GaussianField.massEigenvalues GaussianField.massEigenvectorBasis GaussianField.massOperatorMatrix_eigenvalues_pos
thm	Pphi2.gibbsMoment.congr_simp	Pphi2.InteractingMeasure.U4SecondDerivBound	Pphi2.gibbsMoment GaussianField.FinLatticeField
thm	Pphi2.nelson_exponential_estimate_master	Pphi2.NelsonEstimate.PolynomialChaosBridge	GaussianField.FinLatticeSites Pphi2.polynomial_chaos_exp_moment_bridge GaussianField.latticeGaussianMeasure GaussianField.Configuration GaussianField.instMeasurableSpaceConfiguration GaussianField.FinLatticeField Pphi2.interactionFunctional
thm	Pphi2.IntegrabilityHelpers.lintegral_exp_neg_lt_top	Pphi2.NelsonEstimate.IntegrabilityHelpers
def	Pphi2.EuclideanTimeStructure.timeTranslation	Pphi2.Backgrounds.EuclideanTime	Pphi2.EuclideanPlaneBackground.SpaceTime Pphi2.EuclideanTimeStructure.timeAxis Pphi2.EuclideanPlaneBackground.dim Pphi2.EuclideanPlaneBackground Pphi2.EuclideanTimeStructure
thm	Pphi2.canonicalRoughGamma.congr_simp	Pphi2.NelsonEstimate.FieldDecomposition	GaussianField.FinLatticeSites Pphi2.canonicalRoughGamma
thm	GaussianField.ntpSliceSchwartz_pure	Cylinder.PositiveTime	GaussianField.NuclearTensorProduct.instModuleReal GaussianField.NuclearTensorProduct.instTopologicalSpace GaussianField.DyninMityaginSpace.coeff GaussianField.ntpExtractSlice GaussianField.RapidDecaySeq GaussianField.schwartz_dyninMityaginSpace_1D GaussianField.RapidDecaySeq.val GaussianField.SmoothMap_Circle.instAddCommGroup GaussianField.CylinderTestFunction GaussianField.RapidDecaySeq.instSMul GaussianField.RapidDecaySeq.instModule GaussianField.NuclearTensorProduct.instAddCommGroup GaussianField.RapidDecaySeq.ext GaussianField.SmoothMap_Circle.instModule GaussianField.SmoothMap_Circle.instContinuousSMul GaussianField.smoothCircle_dyninMityaginSpace GaussianField.SmoothMap_Circle.instIsTopologicalAddGroup GaussianField.NuclearTensorProduct.pure GaussianField.RapidDecaySeq.instAddCommGroup GaussianField.SmoothMap_Circle GaussianField.ntpSliceSchwartz GaussianField.RapidDecaySeq.instTopologicalSpace GaussianField.schwartzRapidDecayEquiv1D GaussianField.SmoothMap_Circle.instTopologicalSpace
thm	GaussianField.resolventFreq_nonneg	Cylinder.MassOperatorConstruction	GaussianField.resolventFreq GaussianField.SmoothMap_Circle.fourierFreq
thm	Pphi2.pphi2_nontrivial	Pphi2.Main	Pphi2.EuclideanPlaneBackground.SpaceTime Pphi2.pphi2_nontriviality Pphi2.planeBackground Pphi2.EuclideanPlaneBackground.dim GaussianField.Configuration GaussianField.instMeasurableSpaceConfiguration Pphi2.ContinuumTestFunction
thm	GaussianHilbert.ouAffine_apply	GaussianHilbert.OUEigenfunctions	GaussianHilbert.ouAffine GaussianHilbert.ouNoise GaussianHilbert.ouScale
thm	GaussianField.fkg_lattice_gaussian	Lattice.FKG	GaussianField.gaussian_fkg_lattice_condition GaussianField.FinLatticeSites GaussianField.latticeGaussianMeasure GaussianField.IsFieldMonotone GaussianField.Configuration GaussianField.instMeasurableSpaceConfiguration GaussianField.FinLatticeField
def	GaussianField.gaussianDensityAsym	GaussianField.DensityAsym	GaussianField.AsymLatticeSites GaussianField.AsymLatticeField GaussianField.instFintypeAsymLatticeSitesOfNeZeroNat GaussianField.massOperatorAsym
def	GaussianField.swapSites	Torus.Evaluation	GaussianField.FinLatticeSites
def	Pphi2.timeReflectionCLE	Pphi2.Backgrounds.EuclideanPlane2D	Pphi2.planeBackground Pphi2.EuclideanPlaneBackground.dim Pphi2.SpaceTime2 Pphi2.plane2Background Pphi2.EuclideanTimeStructure.reflectCLE Pphi2.plane2TimeStructure
thm	Pphi2.asymCanonicalRoughErrorStd_mem_wienerChaosLE	Pphi2.NelsonEstimate.AsymRoughErrorChaosStd	Pphi2.asymCanonicalRoughErrorStd Pphi2.asymCanonicalCrossTermLinearCombo_mem_wienerChaosLE Pphi2.AsymCanonicalJointSumIndex Pphi2.asymCanonicalCrossTermStd GaussianHilbert.stdGaussianFin GaussianHilbert.wienerChaosLE Pphi2.AsymCanonicalMode
thm	Pphi2.connectedFourPoint_interactingMeasure_field_rescale	Pphi2.InteractingMeasure.FieldRedefinition	Pphi2.interactingMeasure Pphi2.connectedFourPoint Pphi2.fieldRescaleEquiv Pphi2.interactingMeasure_map_measurableEquiv GaussianField.Configuration GaussianField.instMeasurableSpaceConfiguration Pphi2.connectedFourPoint_map_const_smul
thm	GaussianField.RapidDecayLattice.weight_nonneg	Lattice.RapidDecayLattice	GaussianField.latticeNorm GaussianField.RapidDecayLattice.weight_pos
thm	GaussianField.pairing_product_integrable	GaussianField.Properties	GaussianField.DyninMityaginSpace GaussianField.measure GaussianField.pairing_memLp GaussianField.Configuration GaussianField.instMeasurableSpaceConfiguration
def	Pphi2.canonicalSmoothFieldFunction_self_moment_diag	Pphi2.NelsonEstimate.FieldDecomposition	Pphi2.canonicalJointMeasure GaussianField.FinLatticeSites Pphi2.canonicalSmoothFieldFunction Pphi2.CanonicalJoint
thm	GaussianHilbert.hermiteMultiEval_sq_integrable	GaussianHilbert.WienerChaos	GaussianHilbert.stdGaussianFin GaussianHilbert.hermiteMulti_orthogonality GaussianHilbert.hermiteMultiEval
thm	GaussianField.nuclear_operator_bound	GaussianField.NuclearSVD	GaussianField.nuclear_linearMap GaussianField.ell2'
thm	GaussianField.cylinderMassOperator_injective	Cylinder.GreenFunction	GaussianField.NuclearTensorProduct.ext GaussianField.NuclearTensorProduct.instModuleReal GaussianField.NuclearTensorProduct.instTopologicalSpace GaussianField.cylinderMassOperator_formula GaussianField.DyninMityaginSpace.coeff GaussianField.RapidDecaySeq.instZero GaussianField.ntpExtractSlice GaussianField.RapidDecaySeq GaussianField.schwartz_dyninMityaginSpace_1D GaussianField.RapidDecaySeq.val GaussianField.CylinderTestFunction GaussianField.resolventMultiplierCLM_injective GaussianField.RapidDecaySeq.instModule GaussianField.resolventMultiplierCLM.congr_simp GaussianField.NuclearTensorProduct.instAddCommGroup GaussianField.RapidDecaySeq.ext GaussianField.ntpExtractSlice_val GaussianField.resolventFreq_pos GaussianField.resolventFreq GaussianField.cylinderMassOperator GaussianField.RapidDecaySeq.instAddCommGroup GaussianField.SmoothMap_Circle GaussianField.ntpSliceSchwartz GaussianField.RapidDecaySeq.instTopologicalSpace GaussianField.resolventMultiplierCLM GaussianField.ell2' GaussianField.schwartzRapidDecayEquiv1D
struct	Common.QFT.Euclidean.SchwingerFormulation	Common.QFT.Euclidean.Formulations
thm	GaussianField.cylinderConfigReflection_continuous	Cylinder.Symmetry	GaussianField.NuclearTensorProduct.instModuleReal GaussianField.NuclearTensorProduct.instTopologicalSpace GaussianField.CylinderTestFunction GaussianField.NuclearTensorProduct.instIsTopologicalAddGroup GaussianField.NuclearTensorProduct.instAddCommGroup GaussianField.cylinderTimeReflection GaussianField.Configuration GaussianField.NuclearTensorProduct.instContinuousSMulReal GaussianField.SmoothMap_Circle GaussianField.cylinderConfigReflection
thm	GaussianField.gaussian_abs_moment_std	GaussianField.Hypercontractive
thm	Pphi2.hilbert_schmidt_isCompact	Pphi2.TransferMatrix.L2Operator	Pphi2.GeneralResults.integral_operator_l2_kernel_compact
thm	Pphi2.asymCanonicalSumConfig_measurable	Pphi2.NelsonEstimate.AsymFieldDecomposition	Pphi2.asymLatticeFieldToConfig_eq_evalMapInv GaussianField.AsymLatticeSites Pphi2.AsymCanonicalJoint Pphi2.asymEvalMapInv_measurable Pphi2.asymCanonicalSumFieldFunction Pphi2.asymCanonicalSumConfig GaussianField.Configuration GaussianField.AsymLatticeField GaussianField.instMeasurableSpaceConfiguration Pphi2.asymLatticeFieldToConfig Pphi2.asymCanonicalSumFieldFunction_measurable Pphi2.asymEvalMapInv Pphi2.AsymCanonicalMode
thm	GaussianField.RapidDecayLattice.latticeEnum.congr_simp	Lattice.RapidDecayLattice	GaussianField.RapidDecayLattice.latticeEnum
thm	GaussianHilbert.tendsto_integral_indicator_ge_sum_sq_eval_sq_to_zero_of_subGaussian	GaussianHilbert.PolynomialDensity	GaussianHilbert.tendsto_integral_indicator_ge_sum_sq_to_zero_of_integrable GaussianHilbert.IsSubGaussianMeasure GaussianHilbert.MvPolynomial_eval_memLp_two_of_subGaussian
thm	Pphi2.polynomial_chaos_exp_moment_bridge_bounded_of_tail	Pphi2.NelsonEstimate.PolynomialChaosBridge	Pphi2.canonicalJointMeasure GaussianField.FinLatticeSites Pphi2.canonicalSmoothInteraction GaussianField.latticeGaussianMeasure Pphi2.expMoment_bound_of_cutoff_degree_tail Pphi2.DynamicalCutoff.degreeDynamicalCutoffScale GaussianField.Configuration GaussianField.instMeasurableSpaceConfiguration GaussianField.FinLatticeField Pphi2.canonicalRoughError Pphi2.interactionFunctional Pphi2.CanonicalJoint
thm	GaussianField.tendsto_of_symmetric_basis_tendsto	Pphi2.GeneralResults.DyninMityaginBilinear	GaussianField.DyninMityaginSpace Lattice GaussianField.DyninMityaginSpace.coeff GaussianField.DyninMityaginSpace.expansion GaussianField.DyninMityaginSpace.basis GaussianField.summable_coeff_mul_pow Lattice.toSemilatticeInf
thm	Pphi2.wickMonomial_continuous	Pphi2.InteractingMeasure.LatticeAction	Pphi2.wickMonomial
def	GaussianField.cylinderTranslation	Cylinder.Symmetry	GaussianField.NuclearTensorProduct.instModuleReal GaussianField.circleTranslation GaussianField.NuclearTensorProduct.instTopologicalSpace GaussianField.nuclearTensorProduct_mapCLM GaussianField.schwartz_dyninMityaginSpace_1D GaussianField.SmoothMap_Circle.instAddCommGroup GaussianField.CylinderTestFunction GaussianField.NuclearTensorProduct.instAddCommGroup GaussianField.SmoothMap_Circle.instModule GaussianField.SmoothMap_Circle.instContinuousSMul GaussianField.smoothCircle_dyninMityaginSpace GaussianField.SmoothMap_Circle.instIsTopologicalAddGroup GaussianField.SmoothMap_Circle GaussianField.schwartzTranslation GaussianField.SmoothMap_Circle.instTopologicalSpace
thm	Pphi2.expMoment_bound_of_cutoff_degree_tail	Pphi2.NelsonEstimate.RoughErrorBound	Pphi2.LatticeSetup.latticeSmoothInteraction Pphi2.canonicalJointMeasure Pphi2.canonicalSumConfig Pphi2.canonicalSmoothConfig Pphi2.canonicalFullInteractionJoint_eq_interactionFunctional GaussianField.FinLatticeSites Pphi2.canonicalFullInteractionJoint Pphi2.DynamicalCutoff.degreeDynamicalCutoffScale_pos Pphi2.canonicalSumConfig_measurable Pphi2.canonicalSmoothInteraction_eq_latticeSmoothInteraction Pphi2.canonicalSmoothInteraction GaussianField.latticeGaussianMeasure Pphi2.DynamicalCutoff.degreeDynamicalCutoffScale GaussianField.Configuration GaussianField.instMeasurableSpaceConfiguration Pphi2.canonicalJointMeasure_map_canonicalSumConfig Pphi2.LatticeBridge.bridgeAxiom_of_varying_coupled_setup_real Pphi2.canonicalJointMeasure_isProbability GaussianField.FinLatticeField Pphi2.canonicalRoughError Pphi2.interactionFunctional Pphi2.CanonicalJoint
thm	Pphi2.boltzmannWeightAsym_pos	Pphi2.AsymTorus.AsymLatticeMeasure	GaussianField.AsymLatticeSites Pphi2.boltzmannWeightAsym GaussianField.Configuration GaussianField.AsymLatticeField Pphi2.interactionFunctionalAsym
def	GaussianField.schwartz_hasPointEval	Nuclear.PointEval	GaussianField.HasPointEval
thm	GaussianField.fourierCoeffReal_circleReflection_cos	SmoothCircle.FourierTranslation	GaussianField.SmoothMap_Circle.instFunLike GaussianField.SmoothMap_Circle.continuous GaussianField.SmoothMap_Circle.periodic GaussianField.SmoothMap_Circle.instAddCommGroup GaussianField.SmoothMap_Circle.fourierBasisFun_smooth GaussianField.SmoothMap_Circle.fourierCoeffReal GaussianField.SmoothMap_Circle.fourierBasisFun GaussianField.circleReflection GaussianField.SmoothMap_Circle.instModule GaussianField.SmoothMap_Circle GaussianField.SmoothMap_Circle.fourierBasisFun_periodic GaussianField.SmoothMap_Circle.instTopologicalSpace
thm	GaussianField.latticeFourierProductBasis_sq_sum	Lattice.LatticeFourierProduct	GaussianField.FinLatticeSites GaussianField.latticeFourierProductBasisFun GaussianField.latticeFourierProductNormSq
def	Pphi2.asymTorusInteractingMeasureIso	Pphi2.AsymTorus.AsymTorusEmbeddingIso	GaussianField.NuclearTensorProduct.instModuleReal GaussianField.NuclearTensorProduct.instTopologicalSpace GaussianField.AsymLatticeSites GaussianField.NuclearTensorProduct.instIsTopologicalAddGroup Pphi2.asymTorusEmbedLiftIso GaussianField.NuclearTensorProduct.instAddCommGroup GaussianField.Configuration GaussianField.NuclearTensorProduct.instContinuousSMulReal GaussianField.AsymLatticeField GaussianField.SmoothMap_Circle Pphi2.interactingLatticeMeasureAsym GaussianField.instMeasurableSpaceConfiguration GaussianField.AsymTorusTestFunction
thm	Pphi2.site_interaction_lower_bound	Pphi2.NelsonEstimate.SmoothLowerBound	Pphi2.wickMonomial_four_lower_bound Pphi2.wickMonomial
thm	Pphi2.asymCanonicalJointMeasure_map_stdGaussian	Pphi2.NelsonEstimate.AsymRoughErrorChaosStd	Pphi2.AsymCanonicalJointSumIndex Pphi2.AsymCanonicalJoint Pphi2.asymCanonicalJointMeasure_map_sum_pi_gaussian GaussianHilbert.stdGaussianFin Pphi2.asymCanonicalJointStdGaussianMeasurableEquiv Pphi2.asymCanonicalJointMeasure Pphi2.AsymCanonicalMode
thm	Pphi2.asymSliceObsLinear_sq_integrable_pathMeasure	Pphi2.AsymTorus.AsymBridgeKLimit	Pphi2.asymSliceObsLinear Lattice.toSemilatticeSup Pphi2.SpatialField Pphi2.asymSliceObsLinear_measurable Pphi2.asymTransferSystem Pphi2.asymSliceFamilyLinear Pphi2.asymSliceFamilyAbsLinear Pphi2.asymSliceFamilyLinear_sq_integrable_pathMeasure Lattice.toSemilatticeInf
thm	Pphi2.embeddedTwoPoint_eq_spectral_sum	Pphi2.GaussianContinuumLimit.EmbeddedCovariance	Pphi2.embeddedTwoPoint_eq_latticeGreenBilinear Pphi2.embeddedTwoPoint Pphi2.latticeGreenBilinear Pphi2.ContinuumTestFunction
thm	Pphi2.asymCanonicalRoughErrorStd_eq	Pphi2.NelsonEstimate.AsymRoughErrorChaosStd	Pphi2.asymCanonicalRoughErrorStd Pphi2.asymCanonicalRoughError_eq_sum_over_cross_terms Pphi2.asymCanonicalCrossTermStd_eq Pphi2.AsymCanonicalJointSumIndex Pphi2.asymCanonicalCrossTermStd Pphi2.asymCanonicalCrossTerm Pphi2.AsymCanonicalJoint Pphi2.asymCanonicalRoughError Pphi2.asymCanonicalJointStdGaussianMeasurableEquiv Pphi2.AsymCanonicalMode
thm	GaussianField.cylinderMassOperator_spatialTranslation_normSq_eq_proved	Cylinder.MassOperatorSpatialEquivariance	GaussianField.NuclearTensorProduct.instModuleReal GaussianField.NuclearTensorProduct.instTopologicalSpace GaussianField.cylinderSpatialTranslation GaussianField.CylinderTestFunction GaussianField.NuclearTensorProduct.instAddCommGroup GaussianField.cylinderMassOperator GaussianField.SmoothMap_Circle GaussianField.ell2'
thm	Pphi2.gffSmearedCovariance_single_single	Pphi2.InteractingMeasure.WickConstantBridge	GaussianField.FinLatticeSites GaussianField.gffPositionCovariance GaussianField.gffSmearedCovariance GaussianField.gffSmearedCovariance_single_right
thm	GaussianHilbert.polynomial_chaos_concentration	GaussianHilbert.PolynomialChaosConcentration	GaussianHilbert.stdGaussianFin GaussianHilbert.wienerChaosLE Lattice.toSemilatticeInf
def	GaussianField.cylinderTimeReflection	Cylinder.Symmetry	GaussianField.NuclearTensorProduct.instModuleReal GaussianField.NuclearTensorProduct.instTopologicalSpace GaussianField.nuclearTensorProduct_mapCLM GaussianField.schwartz_dyninMityaginSpace_1D GaussianField.SmoothMap_Circle.instAddCommGroup GaussianField.CylinderTestFunction GaussianField.NuclearTensorProduct.instAddCommGroup GaussianField.SmoothMap_Circle.instModule GaussianField.SmoothMap_Circle.instContinuousSMul GaussianField.smoothCircle_dyninMityaginSpace GaussianField.SmoothMap_Circle.instIsTopologicalAddGroup GaussianField.SmoothMap_Circle GaussianField.schwartzReflection GaussianField.SmoothMap_Circle.instTopologicalSpace
thm	Pphi2.integrable_pow_pairing_mul	Pphi2.InteractingMeasure.MomentIntegrability	GaussianField.FinLatticeSites Pphi2.integrable_pow_pairing GaussianField.latticeGaussianMeasure GaussianField.configuration_eval_measurable GaussianField.Configuration GaussianField.instMeasurableSpaceConfiguration GaussianField.FinLatticeField
thm	GaussianField.sum_cos_mul_cos_zmod_eq_zero	Lattice.CirculantDFT	GaussianField.sum_cos_zmod_eq_zero_of_pos_lt
thm	Pphi2.expMoment_two_le_uniform	Pphi2.TorusContinuumLimit.TorusInteractingLimit	Pphi2.nelson_exponential_estimate GaussianField.FinLatticeSites GaussianField.latticeGaussianMeasure GaussianField.Configuration GaussianField.circleSpacing GaussianField.instMeasurableSpaceConfiguration GaussianField.FinLatticeField Pphi2.interactionFunctional GaussianField.circleSpacing_pos
thm	Pphi2.embeddedTwoPoint_eq_latticeSum	Pphi2.GaussianContinuumLimit.EmbeddedCovariance	Pphi2.EuclideanPlaneBackground.SpaceTime GaussianField.finLatticeField_dyninMityaginSpace Pphi2.latticeEmbed GaussianField.measure GaussianField.ell2_separableSpace Pphi2.planeBackground GaussianField.covariance GaussianField.FinLatticeSites Pphi2.evalAtSite GaussianField.latticeCovarianceGJ Pphi2.EuclideanPlaneBackground.dim Pphi2.embeddedTwoPoint GaussianField.latticeGaussianMeasure GaussianField.Configuration GaussianField.lattice_cross_moment GaussianField.instMeasurableSpaceConfiguration Pphi2.ContinuumTestFunction GaussianField.ell2' GaussianField.FinLatticeField Pphi2.embeddedTwoPoint_eq_covariance GaussianField.pairing_product_integrable
thm	Pphi2.EuclideanPlaneBackground.inversePointAction_translationMotion	Pphi2.Backgrounds.EuclideanPlane	Pphi2.EuclideanPlaneBackground.SpaceTime Pphi2.EuclideanPlaneBackground.inversePointAction Pphi2.EuclideanPlaneBackground.dim Pphi2.EuclideanPlaneBackground.translationMotion Pphi2.EuclideanPlaneBackground
def	Pphi2.asymGroundSemigroupData	Pphi2.AsymTorus.AsymBridgeInstance	Pphi2.asymTransferOperatorCLM_groundVector Pphi2.SpatialField Pphi2.asymGroundVector Pphi2.asymGroundStateRep_measurable Pphi2.asymTransferGroundEigenvalue_pos Pphi2.asymGroundStateRep_eq_groundIsometry_one Pphi2.asymTransferGroundEigenvalue Pphi2.asymGroundStateRep_pos_ae Pphi2.asymTransferNormalized_contract Pphi2.asymGroundVector_coeFn_eq_groundStateRep Pphi2.asymGroundStateRep_norm_integral_eq_one Pphi2.asymGroundStateRep Pphi2.asymTransferOperatorCLM
thm	Pphi2.interactingMeasure_isProbabilityMeasure	Pphi2.InteractingMeasure.General	Pphi2.interactingWithDensity_mass Pphi2.interactingPartitionFunction Pphi2.interactingMeasure Pphi2.interactingBoltzmannWeight GaussianField.Configuration GaussianField.instMeasurableSpaceConfiguration Pphi2.interactingPartitionFunction_pos
thm	Pphi2.exponential_mixing	Pphi2.OSProofs.OS4_Ergodicity	Pphi2.massGap_pos Pphi2.massGap
thm	GaussianField.massEigenbasis_coeff_reprSymm_ofLp	Lattice.SpectralCovariance	GaussianField.FinLatticeSites GaussianField.massEigenvectorBasis GaussianField.massEigenbasis_coeff_reprSymm
thm	GaussianField.latticeHeatKernelBilinear1d.congr_simp	Lattice.CirculantDFT	GaussianField.SmoothMap_Circle GaussianField.latticeHeatKernelBilinear1d
thm	GaussianField.schwartz_slice_eq	SchwartzNuclear.SchwartzSlicing	GaussianField.schwartz_slice GaussianField.euclideanSnoc
def	Pphi2.canonicalRoughFieldFunctionOfSnd	Pphi2.NelsonEstimate.FieldDecomposition	GaussianField.FinLatticeSites
def	Pphi2.asymSliceFamilyAbsLinear	Pphi2.AsymTorus.AsymBridgeKLimit	Pphi2.asymSliceObsLinear Pphi2.SpatialField
def	Pphi2.latticeEmbedLift	Pphi2.ContinuumLimit.Embedding	Pphi2.EuclideanPlaneBackground.SpaceTime Pphi2.latticeEmbed Pphi2.planeBackground GaussianField.FinLatticeSites Pphi2.EuclideanPlaneBackground.dim GaussianField.Configuration Pphi2.ContinuumTestFunction GaussianField.FinLatticeField
thm	Pphi2.transferOperator_eigenvalues_pos	Pphi2.TransferMatrix.Jentzsch	Pphi2.L2SpatialField Pphi2.SpatialField Pphi2.transferOperatorCLM Pphi2.transferOperator_strictly_positive_definite
def	GaussianField.cylinderSpatialTranslationSym	Cylinder.GreenFunction	GaussianField.cylinderHeatSemigroup_spatialTranslation_comm GaussianField.cylinderSpatialTranslation GaussianField.cylinderMassOperator_spatialTranslation_norm_eq GaussianField.CylinderSpacetimeSymmetry GaussianField.CylinderTestFunction
thm	Pphi2.torusContinuumMeasures_tight	Pphi2.TorusContinuumLimit.TorusTightness	GaussianField.NuclearTensorProduct.instModuleReal GaussianField.NuclearTensorProduct.instTopologicalSpace GaussianField.finLatticeField_dyninMityaginSpace GaussianField.measure GaussianField.ell2_separableSpace GaussianField.NuclearTensorProduct.dyninMityaginSpace GaussianField.FinLatticeSites GaussianField.NuclearTensorProduct.instIsTopologicalAddGroup Pphi2.torusEmbedLift Pphi2.torus_second_moment_uniform GaussianField.latticeCovarianceGJ Pphi2.torusContinuumMeasure GaussianField.pairing_memLp Pphi2.torusEmbedLift_measurable GaussianField.NuclearTensorProduct.instAddCommGroup GaussianField.latticeGaussianMeasure GaussianField.configuration_eval_measurable GaussianField.Configuration GaussianField.NuclearTensorProduct.instContinuousSMulReal Pphi2.torusContinuumMeasure_isProbability GaussianField.SmoothMap_Circle GaussianField.circleSpacing GaussianField.instMeasurableSpaceConfiguration Pphi2.latticeTestFn Pphi2.torusEmbedLift_eval_eq GaussianField.ell2' GaussianField.FinLatticeField GaussianField.configuration_tight_of_uniform_second_moments GaussianField.TorusTestFunction GaussianField.circleSpacing_pos
thm	GaussianField.greenFunctionBilinear_reflection_pure	HeatKernel.GreenInvariance	GaussianField.NuclearTensorProduct.instModuleReal GaussianField.NuclearTensorProduct.instTopologicalSpace GaussianField.DyninMityaginSpace.coeff GaussianField.circleHasLaplacianEigenvalues GaussianField.RapidDecaySeq.val GaussianField.NuclearTensorProduct.dyninMityaginSpace GaussianField.SmoothMap_Circle.instAddCommGroup GaussianField.NuclearTensorProduct.instIsTopologicalAddGroup GaussianField.tensorProductHasLaplacianEigenvalues GaussianField.SmoothMap_Circle.fourierCoeffReal GaussianField.NuclearTensorProduct GaussianField.NuclearTensorProduct.instAddCommGroup GaussianField.HasLaplacianEigenvalues.eigenvalue GaussianField.circleReflection GaussianField.SmoothMap_Circle.instModule GaussianField.SmoothMap_Circle.instContinuousSMul GaussianField.smoothCircle_dyninMityaginSpace GaussianField.SmoothMap_Circle.instIsTopologicalAddGroup GaussianField.NuclearTensorProduct.instContinuousSMulReal GaussianField.NuclearTensorProduct.pure GaussianField.SmoothMap_Circle GaussianField.coeff_eq_fourierCoeffReal GaussianField.SmoothMap_Circle.instTopologicalSpace GaussianField.greenFunctionBilinear
thm	Pphi2.delta_massEigenvectorCoeff_asym	Pphi2.AsymTorus.AsymWickVariance	GaussianField.AsymLatticeSites GaussianField.massEigenvectorBasisAsym GaussianField.instFintypeAsymLatticeSitesOfNeZeroNat GaussianField.asymLatticeDelta
axiom	Pphi2.canonical_continuumMeasure_cf_tendsto	Pphi2.ContinuumLimit.AxiomInheritance	Pphi2.EuclideanPlaneBackground.SpaceTime Pphi2.FieldConfig2 Pphi2.EuclideanPlaneBackground.RealTestFunction Pphi2.planeBackground Pphi2.EuclideanPlaneBackground.dim Pphi2.IsPphi2Limit Pphi2.continuumMeasure Pphi2.plane2Background GaussianField.Configuration GaussianField.instMeasurableSpaceConfiguration Pphi2.TestFunction2 Pphi2.ContinuumTestFunction Pphi2.EuclideanOS.generatingFunctional
thm	GaussianField.schwartzRapidDecayEquiv1D_norm_summable	SchwartzNuclear.HermiteTensorProduct	GaussianField.RapidDecaySeq GaussianField.RapidDecaySeq.val GaussianField.schwartzRapidDecayEquiv1D_summable
def	GaussianField.NuclearTensorProduct.toPairIndex	Nuclear.NuclearTensorProduct
def	Common.QFT.Euclidean.DistributionalSchwingerModel.schwinger	Common.QFT.Euclidean.Formulations	Common.QFT.Euclidean.SchwingerFormulation.instAddCommGroupNPointTestFunction Common.QFT.Euclidean.DistributionalSchwingerModel Common.QFT.Euclidean.SchwingerFormulation.NPointTestFunction Common.QFT.Euclidean.SchwingerFormulation.instModuleNPointTestFunction Common.QFT.Euclidean.SchwingerFormulation
thm	GaussianField.schwartzReflection_apply	Cylinder.Symmetry	GaussianField.schwartzReflection
def	Pphi2.gibbsMoment	Pphi2.InteractingMeasure.U4DerivativeClosedForm	GaussianField.FinLatticeSites GaussianField.latticeGaussianMeasure GaussianField.Configuration GaussianField.instMeasurableSpaceConfiguration GaussianField.FinLatticeField Pphi2.interactionFunctional
def	Pphi2.EuclideanOS.OS4_Clustering	Pphi2.EuclideanOS	Pphi2.EuclideanPlaneBackground.SpaceTime Pphi2.EuclideanPlaneBackground.RealTestFunction Pphi2.EuclideanPlaneBackground.translate Pphi2.EuclideanPlaneBackground.dim Pphi2.EuclideanPlaneBackground GaussianField.instMeasurableSpaceConfiguration Pphi2.EuclideanOS.generatingFunctional Pphi2.EuclideanPlaneBackground.Distribution
def	Pphi2.connectedFourPoint	Pphi2.InteractingMeasure.FieldRedefinition	GaussianField.Configuration GaussianField.instMeasurableSpaceConfiguration
thm	Pphi2.LayerCake.lintegral_expSq_neg_le_of_tail	Pphi2.NelsonEstimate.LayerCake	Pphi2.LayerCake.lintegral_expSq_neg_le_layer_cake Lattice.toSemilatticeInf
def	GaussianField.finLatticeDelta	Lattice.FiniteField	GaussianField.FinLatticeSites GaussianField.FinLatticeField
thm	GaussianField.configuration_tight_of_uniform_second_moments	GaussianField.Tightness	GaussianField.DyninMityaginSpace GaussianField.DyninMityaginSpace.ι GaussianField.Configuration GaussianField.DyninMityaginSpace.basis GaussianField.instMeasurableSpaceConfiguration GaussianField.DyninMityaginSpace.p
def	Pphi2.prodCurryLinearEquiv	Pphi2.AsymTorus.AsymTransferInstantiation
thm	GaussianField.weakDual_clm_eq_eval	GaussianField.IsGaussian	Lattice.toSemilatticeInf
thm	Pphi2.wickMonomial_continuous₂	Pphi2.WickOrdering.WickPolynomial	Pphi2.wickMonomial
def	Pphi2.normalizedMoment	Pphi2.InteractingMeasure.U4DerivativeClosedForm	Pphi2.gibbsMoment Pphi2.partitionFn GaussianField.FinLatticeField
def	Pphi2.FieldDecomposition.jointMeasurable	Pphi2.NelsonEstimate.FieldDecomposition	Pphi2.FieldDecomposition Pphi2.FieldDecomposition.Joint
def	GaussianField.hermiteCoeffNd	SchwartzNuclear.HermiteTensorProduct	GaussianField.hermiteFunctionNd GaussianField.MultiIndex
thm	Pphi2.z2_symmetric_of_weakLimit	Pphi2.TorusContinuumLimit.TorusGaussianLimit	GaussianField.NuclearTensorProduct.instModuleReal GaussianField.NuclearTensorProduct.instTopologicalSpace GaussianField.NuclearTensorProduct.dyninMityaginSpace GaussianField.NuclearTensorProduct.instIsTopologicalAddGroup GaussianField.NuclearTensorProduct.instAddCommGroup GaussianField.configBasisEval_measurable GaussianField.Configuration GaussianField.DyninMityaginSpace.basis GaussianField.NuclearTensorProduct.instContinuousSMulReal GaussianField.SmoothMap_Circle GaussianField.instMeasurableSpaceConfiguration GaussianField.instMeasurableSpaceConfiguration_eq_comap GaussianField.configBasisEval GaussianField.configBasisEval_continuous GaussianField.TorusTestFunction
def	GaussianField.NuclearTensorProduct.pureLin	Nuclear.NuclearTensorProduct	GaussianField.DyninMityaginSpace GaussianField.NuclearTensorProduct.instModuleReal GaussianField.NuclearTensorProduct GaussianField.NuclearTensorProduct.instAddCommGroup GaussianField.NuclearTensorProduct.pure
thm	GaussianField.massEigenbasis_linear_sum_reprSymm	Lattice.SpectralCovariance	GaussianField.FinLatticeSites GaussianField.massEigenvectorBasis GaussianField.massEigenbasis_coeff_reprSymm GaussianField.FinLatticeField
def	Pphi2.canonicalSumConfig	Pphi2.NelsonEstimate.FieldDecomposition	GaussianField.FinLatticeSites GaussianField.Configuration Pphi2.canonicalSumFieldFunction Pphi2.latticeFieldToConfig GaussianField.FinLatticeField Pphi2.CanonicalJoint
thm	GaussianField.Matrix.IsHermitian.dotProduct_eigenvectors_eq_zero	Lattice.HeatKernel	GaussianField.Matrix.IsHermitian.dotProduct_mulVec_comm Lattice.toSemilatticeInf
def	Pphi2.asymTorusEmbedLift	Pphi2.AsymTorus.AsymTorusEmbedding	GaussianField.NuclearTensorProduct.instModuleReal GaussianField.NuclearTensorProduct.instTopologicalSpace GaussianField.FinLatticeSites GaussianField.NuclearTensorProduct.instIsTopologicalAddGroup GaussianField.NuclearTensorProduct.instAddCommGroup Pphi2.evalAsymAtFinSiteGJ GaussianField.Configuration GaussianField.NuclearTensorProduct.instContinuousSMulReal GaussianField.SmoothMap_Circle GaussianField.AsymTorusTestFunction GaussianField.FinLatticeField
thm	GaussianField.Matrix.IsHermitian.eigenCoeff_exp_neg_smul	Lattice.HeatKernel	GaussianField.Matrix.IsHermitian.mulVec_exp_neg_smul
thm	GaussianField.RapidDecaySeq.rapidDecaySeminorm_mono	Nuclear.NuclearTensorProduct	GaussianField.RapidDecaySeq.rapidDecaySeminorm GaussianField.RapidDecaySeq GaussianField.RapidDecaySeq.val GaussianField.RapidDecaySeq.instSMul GaussianField.RapidDecaySeq.instAddCommGroup GaussianField.RapidDecaySeq.rapid_decay Lattice.toSemilatticeInf
thm	Pphi2.torusGF_latticeApproximation_error_vanishes	Pphi2.TorusContinuumLimit.TorusInteractingOS	GaussianField.NuclearTensorProduct.instModuleReal GaussianField.NuclearTensorProduct.instTopologicalSpace GaussianField.NuclearTensorProduct.instIsTopologicalAddGroup Pphi2.torusGeneratingFunctional GaussianField.NuclearTensorProduct.instAddCommGroup GaussianField.torusTranslation GaussianField.SmoothMap_Circle GaussianField.circleSpacing Pphi2.torusTranslation_continuous_in_v Pphi2.torusInteractingMeasure_gf_latticeTranslation_invariant Pphi2.torusInteractingMeasure_isProbability Pphi2.torusInteractingMeasure GaussianField.TorusTestFunction Lattice.toSemilatticeInf GaussianField.circleSpacing_pos
thm	GaussianField.NuclearTensorProduct.instIsTopologicalAddGroup	Nuclear.NuclearTensorProduct	GaussianField.NuclearTensorProduct.instTopologicalSpace GaussianField.NuclearTensorProduct GaussianField.NuclearTensorProduct.instAddCommGroup
def	GaussianField.evalMapAsymMeasurableEquiv	GaussianField.DensityAsym	GaussianField.AsymLatticeSites GaussianField.evalMapAsymInv_measurable GaussianField.measurable_evalMapAsym GaussianField.evalMapInv_evalMapAsym GaussianField.Configuration GaussianField.AsymLatticeField GaussianField.evalMapAsym GaussianField.instMeasurableSpaceConfiguration GaussianField.evalMap_evalMapInvAsym GaussianField.evalMapAsymInv
def	GaussianField.SmoothMap_Circle.smoothCircleRapidDecayEquiv	SmoothCircle.Nuclear	GaussianField.SmoothMap_Circle.toRapidDecay_fromRapidDecay GaussianField.RapidDecaySeq GaussianField.SmoothMap_Circle.instAddCommGroup GaussianField.SmoothMap_Circle.fromRapidDecay GaussianField.RapidDecaySeq.instModule GaussianField.SmoothMap_Circle.fromRapidDecay_continuous GaussianField.SmoothMap_Circle.toRapidDecayLM GaussianField.SmoothMap_Circle.instModule GaussianField.RapidDecaySeq.instAddCommGroup GaussianField.SmoothMap_Circle GaussianField.RapidDecaySeq.instTopologicalSpace GaussianField.SmoothMap_Circle.fromRapidDecay_toRapidDecay GaussianField.SmoothMap_Circle.instTopologicalSpace GaussianField.SmoothMap_Circle.toRapidDecay_continuous
def	Common.QFT.Euclidean.DistributionalSchwingerModel.tensorLift	Common.QFT.Euclidean.Formulations	Common.QFT.Euclidean.DistributionalSchwingerModel Common.QFT.Euclidean.SchwingerFormulation.NPointTestFunction Common.QFT.Euclidean.Formulation.TestFunction Common.QFT.Euclidean.SchwingerFormulation.toFormulation Common.QFT.Euclidean.SchwingerFormulation
thm	Pphi2.asymCanonicalFullInteractionJoint.congr_simp	Pphi2.AsymTorus.AsymNelson	Pphi2.asymCanonicalFullInteractionJoint Pphi2.AsymCanonicalJoint
thm	GaussianField.sum_fin1_eq_sum_zmod	Lattice.CirculantDFT	GaussianField.FinLatticeSites GaussianField.zmodToFin1
def	Pphi2.singleSliceFamily	Pphi2.AsymTorus.AsymB5bSingleSlice	Pphi2.SpatialField
thm	GaussianField.ennreal_cancel_two	Lattice.FKG
def	Pphi2.asymCanonicalStdToFieldCLM	Pphi2.NelsonEstimate.AsymFieldDecomposition	GaussianField.AsymLatticeSites Pphi2.AsymCanonicalJointSumIndex GaussianField.AsymLatticeField Pphi2.asymCanonicalStdToFieldLinearMap
thm	GaussianField.evalMapAsym.congr_simp	GaussianField.DensityAsym	GaussianField.AsymLatticeSites GaussianField.Configuration GaussianField.AsymLatticeField GaussianField.evalMapAsym
thm	GaussianField.schwartzRapidDecayEquiv1D_summable	SchwartzNuclear.HermiteTensorProduct	GaussianField.RapidDecaySeq GaussianField.RapidDecaySeq.val Lattice.toSemilatticeInf
thm	GaussianField.cramerWold	GaussianField.CramerWold
thm	GaussianHilbert.one_sub_exp_neg_two_nonneg	GaussianHilbert.OUEigenfunctions
def	GaussianField.SmoothMap_Circle.fromRapidDecayCLM	SmoothCircle.Nuclear	GaussianField.RapidDecaySeq GaussianField.SmoothMap_Circle.instAddCommGroup GaussianField.RapidDecaySeq.instModule GaussianField.SmoothMap_Circle.fromRapidDecay_continuous GaussianField.SmoothMap_Circle.instModule GaussianField.RapidDecaySeq.instAddCommGroup GaussianField.SmoothMap_Circle GaussianField.RapidDecaySeq.instTopologicalSpace GaussianField.SmoothMap_Circle.fromRapidDecayLM GaussianField.SmoothMap_Circle.instTopologicalSpace
thm	GaussianField.lattice_green_tendsto_continuum_asym	Lattice.AsymCovariance	GaussianField.spectralLatticeCovarianceAsym GaussianField.NuclearTensorProduct.instModuleReal GaussianField.NuclearTensorProduct.instTopologicalSpace GaussianField.DyninMityaginSpace.coeff GaussianField.AsymLatticeSites GaussianField.DyninMityaginSpace.coeff_decay GaussianField.covariance GaussianField.circleHasLaplacianEigenvalues GaussianField.NuclearTensorProduct.dyninMityaginSpace GaussianField.SmoothMap_Circle.instAddCommGroup GaussianField.NuclearTensorProduct.instIsTopologicalAddGroup GaussianField.tensorProductHasLaplacianEigenvalues GaussianField.DyninMityaginSpace.expansion GaussianField.DyninMityaginSpace.ι GaussianField.evalAsymTorusAtSite GaussianField.NuclearTensorProduct.instAddCommGroup GaussianField.SmoothMap_Circle.instModule GaussianField.SmoothMap_Circle.instContinuousSMul GaussianField.smoothCircle_dyninMityaginSpace GaussianField.SmoothMap_Circle.instIsTopologicalAddGroup GaussianField.DyninMityaginSpace.basis GaussianField.NuclearTensorProduct.instContinuousSMulReal GaussianField.NuclearTensorProduct.pure GaussianField.AsymLatticeField GaussianField.SmoothMap_Circle GaussianField.DyninMityaginSpace.p GaussianField.AsymTorusTestFunction GaussianField.ell2' GaussianField.SmoothMap_Circle.instTopologicalSpace GaussianField.greenFunctionBilinear Lattice.toSemilatticeInf GaussianField.greenFunctionBilinear_symm
thm	Pphi2.fieldRescaleEquiv_symm_apply	Pphi2.InteractingMeasure.FieldRedefinition	Pphi2.fieldRescaleEquiv GaussianField.Configuration GaussianField.instMeasurableSpaceConfiguration
thm	GaussianField.inner_ell2_basis_eq_coord	GaussianField.NuclearSVD	GaussianField.ell2_basis GaussianField.ell2'
def	GaussianField.circleRestrictionGJ	SmoothCircle.Restriction	GaussianField.SmoothMap_Circle.instAddCommGroup GaussianField.circleRestriction GaussianField.SmoothMap_Circle.instModule GaussianField.SmoothMap_Circle GaussianField.circleSpacing GaussianField.SmoothMap_Circle.instTopologicalSpace
thm	GaussianField.gaussian_exp_abs_moment	Pphi2.GeneralResults.GaussianExpMoment	GaussianField.DyninMityaginSpace Lattice.toSemilatticeSup GaussianField.measure GaussianField.second_moment_eq_covariance GaussianField.pairing_is_gaussian GaussianField.configuration_eval_measurable GaussianField.Configuration GaussianField.instMeasurableSpaceConfiguration Lattice.toSemilatticeInf
thm	Pphi2.wickMonomial_four_lower_bound	Pphi2.NelsonEstimate.WickBinomial	Pphi2.wickMonomial Pphi2.wickMonomial_four Lattice.toSemilatticeInf
thm	GaussianField.RapidDecayLattice.add_val	Lattice.RapidDecayLattice	GaussianField.RapidDecayLattice GaussianField.RapidDecayLattice.val GaussianField.RapidDecayLattice.instAdd
thm	GaussianHilbert.ouGenerator_hermiteMultiEval	GaussianHilbert.OUEigenfunctions	GaussianHilbert.MultiIndex.totalDegree GaussianHilbert.ouGenerator1D_hermiteEval GaussianHilbert.ouGenerator GaussianHilbert.hermiteEval GaussianHilbert.hermiteMultiEval GaussianHilbert.ouGenerator1D
thm	Pphi2.schwinger2_nonneg	Pphi2.InteractingMeasure.General	Pphi2.interactingMeasure GaussianField.Configuration GaussianField.instMeasurableSpaceConfiguration Pphi2.schwinger2 Lattice.toSemilatticeInf
thm	Pphi2.asymCanonicalRoughFieldFunction.congr_simp	Pphi2.NelsonEstimate.AsymFieldDecomposition	GaussianField.AsymLatticeSites Pphi2.AsymCanonicalJoint Pphi2.asymCanonicalRoughFieldFunction
thm	GaussianField.nuclear_bilinear_extension	Nuclear.NuclearExtension	GaussianField.DyninMityaginSpace GaussianField.NuclearTensorProduct.instModuleReal GaussianField.NuclearTensorProduct.instTopologicalSpace GaussianField.NuclearTensorProduct.lift_pure GaussianField.DyninMityaginSpace.ι GaussianField.NuclearTensorProduct GaussianField.NuclearTensorProduct.instAddCommGroup GaussianField.NuclearTensorProduct.pure GaussianField.NuclearTensorProduct.lift GaussianField.DyninMityaginSpace.p
thm	GaussianField.massEigenbasis_coeff_reprSymm	Lattice.SpectralCovariance	GaussianField.FinLatticeSites GaussianField.massEigenvectorBasis
struct	Pphi2.SatisfiesTorusOS	Pphi2.TorusContinuumLimit.TorusOSAxioms	GaussianField.NuclearTensorProduct.instModuleReal GaussianField.NuclearTensorProduct.instTopologicalSpace GaussianField.NuclearTensorProduct.instIsTopologicalAddGroup GaussianField.NuclearTensorProduct.instAddCommGroup GaussianField.Configuration GaussianField.NuclearTensorProduct.instContinuousSMulReal GaussianField.SmoothMap_Circle GaussianField.instMeasurableSpaceConfiguration GaussianField.TorusTestFunction
thm	GaussianField.cylinderMassOperator_range_dense	Cylinder.MassOperatorRangeDense	GaussianField.NuclearTensorProduct.instModuleReal GaussianField.NuclearTensorProduct.instTopologicalSpace GaussianField.CylinderTestFunction GaussianField.NuclearTensorProduct.instAddCommGroup GaussianField.cylinderMassOperator GaussianField.SmoothMap_Circle GaussianField.ell2'
def	GaussianField.gaussianDensityWeightAsym	GaussianField.DensityAsym	GaussianField.gaussianDensityAsym GaussianField.AsymLatticeField
thm	GaussianField.RapidDecaySeq.smul_val	Nuclear.NuclearTensorProduct	GaussianField.RapidDecaySeq GaussianField.RapidDecaySeq.val GaussianField.RapidDecaySeq.instSMul
def	GaussianField.schwartzTranslation	Cylinder.Symmetry
thm	Pphi2.asymLatticeFieldToConfig_apply	Pphi2.NelsonEstimate.AsymFieldDecomposition	GaussianField.AsymLatticeSites GaussianField.Configuration GaussianField.AsymLatticeField GaussianField.instFintypeAsymLatticeSitesOfNeZeroNat Pphi2.asymLatticeFieldToConfig
thm	Pphi2.DynamicalCutoff.dynamicalCutoffScale_le_one	Pphi2.NelsonEstimate.DynamicalCutoff	Pphi2.DynamicalCutoff.dynamicalCutoffScale_eq_exp Pphi2.DynamicalCutoff.dynamicalCutoffScale Pphi2.DynamicalCutoff.dynamicalCutoffScale_eq_one
thm	GaussianField.sum_finLatticeSites_succ	Lattice.LatticeFourierProduct	GaussianField.FinLatticeSites
thm	GaussianField.massOperatorAsym_surjective	Lattice.AsymCovariance	GaussianField.AsymLatticeSites GaussianField.AsymLatticeField GaussianField.massOperatorAsym_pos_def GaussianField.instFintypeAsymLatticeSitesOfNeZeroNat GaussianField.massOperatorAsym
thm	GaussianField.cylinderMassOperator_equivariant	Cylinder.GreenFunction	GaussianField.NuclearTensorProduct.instModuleReal GaussianField.CylinderSpacetimeSymmetry.inverse_comp_toCLM GaussianField.NuclearTensorProduct.instTopologicalSpace GaussianField.CylinderSpacetimeSymmetry.toCLM GaussianField.CylinderSpacetimeSymmetry GaussianField.cylinderMassOperator_range_dense GaussianField.CylinderTestFunction GaussianField.NuclearTensorProduct.instAddCommGroup GaussianField.CylinderSpacetimeSymmetry.toCLM_comp_inverse GaussianField.cylinderMassOperator GaussianField.SmoothMap_Circle GaussianField.CylinderSpacetimeSymmetry.preserves_T_norm GaussianField.CylinderSpacetimeSymmetry.inverse GaussianField.ell2' GaussianField.CylinderSpacetimeSymmetry.preserves_T_norm_inv
thm	Pphi2.asymCanonicalRoughCovariance_pow_one_sum_le_uniform	Pphi2.NelsonEstimate.AsymCovarianceBoundsGJ	GaussianField.latticeEigenvalue1d GaussianField.AsymLatticeSites Pphi2.asymCanonicalBasis Pphi2.schwinger_rough GaussianField.instFintypeAsymLatticeSitesOfNeZeroNat Pphi2.asymCanonicalRoughCovariance Pphi2.asymCanonicalNormSq
thm	GaussianField.resolventFreq_mass_le	Cylinder.MassOperatorConstruction	GaussianField.resolventFreq GaussianField.SmoothMap_Circle.fourierFreq Lattice.toSemilatticeInf
thm	Pphi2.schwartzIm_ofReal_add_real_smul	Pphi2.EuclideanComplex	Pphi2.EuclideanPlaneBackground.SpaceTime Pphi2.EuclideanPlaneBackground.RealTestFunction Pphi2.schwartzOfReal Pphi2.EuclideanPlaneBackground.dim Pphi2.EuclideanOS.schwartzIm Pphi2.EuclideanPlaneBackground Pphi2.EuclideanPlaneBackground.ComplexTestFunction
thm	Pphi2.asymTorusInteractingLimit_exists	Pphi2.AsymTorus.AsymTorusInteractingLimit	Pphi2.asymTorusInteractingMeasure GaussianField.NuclearTensorProduct.instModuleReal GaussianField.NuclearTensorProduct.instTopologicalSpace GaussianField.NuclearTensorProduct.dyninMityaginSpace GaussianField.NuclearTensorProduct.instIsTopologicalAddGroup Pphi2.asymTorus_interacting_tightness GaussianField.NuclearTensorProduct.instAddCommGroup GaussianField.prokhorov_configuration GaussianField.Configuration Pphi2.asymTorusInteractingMeasure_isProbability GaussianField.NuclearTensorProduct.instContinuousSMulReal GaussianField.SmoothMap_Circle GaussianField.instMeasurableSpaceConfiguration GaussianField.AsymTorusTestFunction
thm	Pphi2.torusGaussianLimit_fullConvergence	Pphi2.TorusContinuumLimit.TorusGaussianLimit	Pphi2.torusContinuumGreen GaussianField.NuclearTensorProduct.instModuleReal GaussianField.NuclearTensorProduct.instTopologicalSpace Pphi2.torusEmbeddedTwoPoint GaussianField.NuclearTensorProduct.dyninMityaginSpace GaussianField.NuclearTensorProduct.instIsTopologicalAddGroup Pphi2.torusContinuumMeasure GaussianField.NuclearTensorProduct.instAddCommGroup GaussianField.prokhorov_configuration GaussianField.Configuration Pphi2.torusGaussianLimit_isGaussian GaussianField.NuclearTensorProduct.instContinuousSMulReal Pphi2.torusContinuumMeasure_isProbability GaussianField.SmoothMap_Circle GaussianField.instMeasurableSpaceConfiguration Pphi2.torusLimit_covariance_eq Pphi2.gaussian_measure_unique_of_covariance Pphi2.torusContinuumMeasures_tight GaussianField.TorusTestFunction Pphi2.torusGaussianMeasure_isGaussian
def	GaussianField.evalAsymTorusAtSite	Torus.AsymmetricTorus	GaussianField.NuclearTensorProduct.instModuleReal GaussianField.NuclearTensorProduct.instTopologicalSpace GaussianField.AsymLatticeSites GaussianField.SmoothMap_Circle.instAddCommGroup GaussianField.circleRestriction GaussianField.NuclearTensorProduct.instAddCommGroup GaussianField.SmoothMap_Circle.instModule GaussianField.SmoothMap_Circle.instContinuousSMul GaussianField.smoothCircle_dyninMityaginSpace GaussianField.SmoothMap_Circle.instIsTopologicalAddGroup GaussianField.SmoothMap_Circle GaussianField.AsymTorusTestFunction GaussianField.NuclearTensorProduct.evalCLM GaussianField.SmoothMap_Circle.instTopologicalSpace
def	Pphi2.CylinderMeasureSequenceEventuallyReflectionPositive	Pphi2.IRLimit.CylinderOS	GaussianField.NuclearTensorProduct.instModuleReal GaussianField.NuclearTensorProduct.instTopologicalSpace GaussianField.cylinderPositiveTimeSubmodule GaussianField.CylinderTestFunction GaussianField.NuclearTensorProduct.instIsTopologicalAddGroup Pphi2.CylinderRPMatrixNonnegative GaussianField.NuclearTensorProduct.instAddCommGroup GaussianField.Configuration GaussianField.NuclearTensorProduct.instContinuousSMulReal GaussianField.SmoothMap_Circle GaussianField.instMeasurableSpaceConfiguration
axiom	Pphi2.two_point_clustering_from_spectral_gap	Pphi2.OSProofs.OS4_MassGap	Pphi2.latticeEuclideanTimeSeparation GaussianField.finLatticeDelta GaussianField.FinLatticeSites Pphi2.interactingLatticeMeasure GaussianField.Configuration GaussianField.instMeasurableSpaceConfiguration Pphi2.massGap GaussianField.FinLatticeField
thm	Pphi2.moment_hasDerivAt2	Pphi2.InteractingMeasure.U4DerivativeInterior	GaussianField.FinLatticeSites Pphi2.moment_mul_interaction_hasDerivAt GaussianField.latticeGaussianMeasure GaussianField.Configuration GaussianField.instMeasurableSpaceConfiguration GaussianField.FinLatticeField Pphi2.interactionFunctional
def	GaussianField.fin_hasPointEval	Nuclear.PointEval	GaussianField.HasPointEval
thm	Pphi2.evalAsymTorusAtSiteGJ.congr_simp	Pphi2.AsymTorus.AsymTorusEmbeddingIso	GaussianField.NuclearTensorProduct.instModuleReal GaussianField.NuclearTensorProduct.instTopologicalSpace GaussianField.AsymLatticeSites Pphi2.evalAsymTorusAtSiteGJ GaussianField.NuclearTensorProduct.instAddCommGroup GaussianField.SmoothMap_Circle GaussianField.AsymTorusTestFunction
def	Pphi2.AsymTransferGroundExcitedData.i₀	Pphi2.AsymTorus.AsymPositivity	Pphi2.AsymTransferGroundExcitedData Pphi2.AsymTransferGroundExcitedData.ι
thm	Pphi2.asymCanonicalRoughWickConstant.congr_simp	Pphi2.NelsonEstimate.AsymCrossTermL2Identity	Pphi2.asymCanonicalRoughWickConstant
thm	GaussianField.gaussianDensityNormConst_ne_zero	GaussianField.Density	GaussianField.latticeGaussianFieldLaw_univ GaussianField.FinLatticeSites GaussianField.gaussianDensityMeasure GaussianField.gaussianDensityNormConst GaussianField.latticeGaussianFieldLaw GaussianField.latticeGaussianFieldLaw_eq_normalizedGaussianDensityMeasure GaussianField.normalizedGaussianDensityMeasure GaussianField.FinLatticeField
def	Pphi2.CanonicalJoint	Pphi2.NelsonEstimate.FieldDecomposition
def	Common.QFT.Euclidean.SchwingerFormulation.instAddCommGroupTestFunction	Common.QFT.Euclidean.Formulations	Common.QFT.Euclidean.Formulation.TestFunction Common.QFT.Euclidean.SchwingerFormulation.toFormulation Common.QFT.Euclidean.SchwingerFormulation
thm	Pphi2.interaction_moment_le	Pphi2.InteractingMeasure.InteractionVariance	Pphi2.canonicalJointMeasure Pphi2.canonicalSumConfig Pphi2.canonicalFullInteractionJoint_eq_interactionFunctional GaussianField.FinLatticeSites Pphi2.canonicalFullInteractionJoint Pphi2.interactionFunctional_measurable GaussianField.latticeGaussianMeasure Pphi2.interaction_variance_le GaussianField.Configuration GaussianField.circleSpacing GaussianField.instMeasurableSpaceConfiguration Pphi2.integral_interaction_sq_eq_canonicalJoint Pphi2.canonicalFullInteractionJoint_moment_le Pphi2.integral_comp_canonicalSumConfig GaussianField.FinLatticeField Pphi2.interactionFunctional Lattice.toSemilatticeInf GaussianField.circleSpacing_pos Pphi2.CanonicalJoint
def	GaussianField.SmoothMap_Circle.fromRapidDecayLM	SmoothCircle.Nuclear	GaussianField.RapidDecaySeq GaussianField.SmoothMap_Circle.instAddCommGroup GaussianField.SmoothMap_Circle.fromRapidDecay GaussianField.RapidDecaySeq.instModule GaussianField.SmoothMap_Circle.instModule GaussianField.RapidDecaySeq.instAddCommGroup GaussianField.SmoothMap_Circle
def	Pphi2.canonicalStdToFieldCLM	Pphi2.NelsonEstimate.FieldDecomposition	GaussianField.FinLatticeSites Pphi2.CanonicalJointSumIndex Pphi2.canonicalStdToFieldLinearMap GaussianField.FinLatticeField
thm	GaussianField.RapidDecaySeq.basisVec_val_self	Nuclear.NuclearTensorProduct	GaussianField.RapidDecaySeq.val GaussianField.RapidDecaySeq.basisVec
def	Pphi2.AsymCanonicalMode	Pphi2.NelsonEstimate.AsymFieldDecomposition
def	Pphi2.EuclideanPlaneBackground.RealTestFunction	Pphi2.Backgrounds.EuclideanPlane	Pphi2.EuclideanPlaneBackground.SpaceTime Pphi2.EuclideanPlaneBackground.dim Pphi2.EuclideanPlaneBackground
thm	GaussianField.normalizedGaussianDensityMeasureAsym_isFinite	GaussianField.DensityAsym	GaussianField.AsymLatticeSites GaussianField.normalizedGaussianDensityMeasureAsym GaussianField.gaussianDensityMeasureAsym GaussianField.AsymLatticeField
thm	GaussianField.compact_selfAdjoint_hasEigenvector	GaussianField.SpectralTheorem
def	Pphi2.u4Deriv2	Pphi2.InteractingMeasure.U4DerivativeClosedForm	Pphi2.normalizedMomentDeriv2 Pphi2.normalizedMoment Pphi2.normalizedMomentDeriv GaussianField.FinLatticeField
def	Pphi2.torusContinuumMeasure	Pphi2.TorusContinuumLimit.TorusEmbedding	GaussianField.NuclearTensorProduct.instModuleReal GaussianField.NuclearTensorProduct.instTopologicalSpace GaussianField.FinLatticeSites GaussianField.NuclearTensorProduct.instIsTopologicalAddGroup Pphi2.torusEmbedLift GaussianField.NuclearTensorProduct.instAddCommGroup GaussianField.latticeGaussianMeasure GaussianField.Configuration GaussianField.NuclearTensorProduct.instContinuousSMulReal GaussianField.SmoothMap_Circle GaussianField.circleSpacing GaussianField.instMeasurableSpaceConfiguration GaussianField.FinLatticeField GaussianField.TorusTestFunction GaussianField.circleSpacing_pos
thm	GaussianField.hermiteCoeffNd_eq_hermiteCoeff1D	SchwartzNuclear.HermiteTensorProduct	GaussianField.schwartzDomCongr GaussianField.hermiteFunctionNd GaussianField.hermiteCoeffNd GaussianField.euclideanFin1MeasEquiv_mp GaussianField.euclideanFin1MeasEquiv GaussianField.euclideanFin1MeasEquiv_apply GaussianField.euclideanFin1Equiv
thm	Pphi2.lattice_u4_neg_uniform	Pphi2.InteractingMeasure.U4AffineBound	Pphi2.torus_volume_eq Pphi2.leadingTerm_const_eq GaussianField.FinLatticeSites Pphi2.u4Deriv_le_affine Pphi2.u4Deriv2 Pphi2.u4Deriv_zero_eq Pphi2.u4_at_zero GaussianField.gffPositionCovariance Pphi2.u4_continuousOn Pphi2.u4_hasDerivAt Pphi2.u4Deriv2_abs_le_uniform GaussianField.circleSpacing Pphi2.deriv_affine_bound_neg_of_continuousOn Pphi2.u4 Pphi2.u4Deriv GaussianField.circleSpacing_pos
thm	Pphi2.canonicalCrossTerm_diag_l2_sq_le	Pphi2.InteractingMeasure.InteractionVariance	Pphi2.canonicalJointMeasure Pphi2.canonicalSmoothCovariance_pow_double_sum_le Pphi2.canonicalCrossTerm_l2_sq_eq_covSum Pphi2.canonicalRoughCovariance Pphi2.canonicalSmoothCovariance GaussianField.FinLatticeSites Pphi2.canonicalCrossTerm Pphi2.CanonicalJoint
thm	Pphi2.canonicalSmoothInteraction_eq_latticeSmoothInteraction	Pphi2.NelsonEstimate.RoughErrorBound	Pphi2.LatticeSetup.latticeSmoothInteraction Pphi2.smoothWickConstant Pphi2.canonicalSmoothConfig GaussianField.finLatticeDelta GaussianField.FinLatticeSites Pphi2.canonicalSmoothInteraction GaussianField.Configuration Pphi2.canonicalSmoothFieldFunction GaussianField.FinLatticeField Pphi2.wickPolynomial Pphi2.CanonicalJoint
thm	Pphi2.asymCanonicalCrossTermStd_mem_wienerChaosLE	Pphi2.NelsonEstimate.AsymRoughErrorChaosStd	GaussianField.AsymLatticeSites Pphi2.AsymCanonicalJointSumIndex Pphi2.asymCanonicalCrossTermStd GaussianHilbert.stdGaussianFin GaussianHilbert.wienerChaosLE GaussianField.instFintypeAsymLatticeSitesOfNeZeroNat Pphi2.AsymCanonicalMode
thm	Pphi2.latticeFieldToConfig_eq_evalMapInv	Pphi2.NelsonEstimate.FieldDecomposition	GaussianField.evalMapInv_apply GaussianField.FinLatticeSites GaussianField.evalMapInv GaussianField.Configuration Pphi2.latticeFieldToConfig GaussianField.FinLatticeField
thm	Pphi2.asymTransferOperator_positivityImproving	Pphi2.AsymTorus.AsymJentzsch	Pphi2.asymTransferWeight_measurable Pphi2.L2SpatialField Pphi2.SpatialField Pphi2.asymTransferWeight Pphi2.transferGaussian_pos Pphi2.transferGaussian_memLp Pphi2.transferGaussian_memLp_two Pphi2.asymTransferWeight_pos Pphi2.asymTransferWeight_bound Pphi2.asymTransferOperatorCLM Pphi2.transferGaussian
thm	GaussianField.schwartz_hasBiorthogonalBasis_1D	SchwartzNuclear.HermiteNuclear	GaussianField.schwartz_dyninMityaginSpace_1D GaussianField.DyninMityaginSpace.ofRapidDecayEquiv_hasBiorthogonalBasis GaussianField.DyninMityaginSpace.HasBiorthogonalBasis GaussianField.schwartzRapidDecayEquiv1D
def	GaussianField.latticeTranslationMatrix	Lattice.Symmetry	GaussianField.FinLatticeSites
thm	GaussianField.latticeNorm_triangle	Lattice.Sites	GaussianField.latticeNorm
thm	GaussianField.second_moment_eq_covariance	GaussianField.Properties	GaussianField.DyninMityaginSpace GaussianField.measure GaussianField.measure_centered GaussianField.pairing_is_gaussian GaussianField.configuration_eval_measurable GaussianField.Configuration GaussianField.instMeasurableSpaceConfiguration
thm	Pphi2.transferWeight_measurable	Pphi2.TransferMatrix.L2Operator	Pphi2.SpatialField Pphi2.transferWeight Pphi2.continuous_transferWeight
thm	GaussianField.evalTorusAtSite_swap	Torus.Evaluation	GaussianField.NuclearTensorProduct.instModuleReal GaussianField.NuclearTensorProduct.instTopologicalSpace GaussianField.SmoothMap_Circle.instAddCommGroup GaussianField.FinLatticeSites GaussianField.circleRestriction GaussianField.nuclearTensorProduct_swapCLM GaussianField.NuclearTensorProduct GaussianField.NuclearTensorProduct.instAddCommGroup GaussianField.evalTorusAtSite GaussianField.SmoothMap_Circle.instModule GaussianField.evalCLM_comp_swapCLM GaussianField.SmoothMap_Circle.instContinuousSMul GaussianField.smoothCircle_dyninMityaginSpace GaussianField.SmoothMap_Circle.instIsTopologicalAddGroup GaussianField.SmoothMap_Circle GaussianField.swapSites GaussianField.TorusTestFunction GaussianField.NuclearTensorProduct.evalCLM GaussianField.SmoothMap_Circle.instTopologicalSpace
thm	GaussianField.integrable_truncation_prod_mul	Lattice.FKG	GaussianField.abs_sup_neg_nat_le_abs Lattice.toSemilatticeInf
thm	Pphi2.SatisfiesTorusOS.os2_D4	Pphi2.TorusContinuumLimit.TorusOSAxioms	GaussianField.NuclearTensorProduct.instModuleReal GaussianField.NuclearTensorProduct.instTopologicalSpace GaussianField.NuclearTensorProduct.instIsTopologicalAddGroup GaussianField.NuclearTensorProduct.instAddCommGroup Pphi2.SatisfiesTorusOS GaussianField.Configuration GaussianField.NuclearTensorProduct.instContinuousSMulReal Pphi2.TorusOS2_D4Invariance GaussianField.SmoothMap_Circle GaussianField.instMeasurableSpaceConfiguration GaussianField.TorusTestFunction
thm	GaussianField.periodizeCLM_eq_on_large_period	SchwartzNuclear.Periodization	GaussianField.periodizeCLM_apply GaussianField.SmoothMap_Circle.instAddCommGroup GaussianField.periodizeCLM GaussianField.SmoothMap_Circle.toFun GaussianField.SmoothMap_Circle.instModule GaussianField.SmoothMap_Circle GaussianField.SmoothMap_Circle.instTopologicalSpace
thm	Pphi2.torus_normConst_second_moment	Pphi2.InteractingMeasure.FreeMomentBound	Pphi2.torus_volume_eq GaussianField.FinLatticeSites GaussianField.latticeGaussianMeasure GaussianField.Configuration Pphi2.normConst_second_moment GaussianField.circleSpacing GaussianField.instMeasurableSpaceConfiguration GaussianField.FinLatticeField GaussianField.circleSpacing_pos
thm	Pphi2.massOperator_cross_block_zero	Pphi2.OSProofs.OS3_RP_Lattice	GaussianField.finLatticeDelta GaussianField.FinLatticeSites GaussianField.finiteLaplacianFun GaussianField.finiteLaplacian GaussianField.FinLatticeField GaussianField.massOperatorEntry
thm	Pphi2.AsymTransferGroundExcitedData.htop	Pphi2.AsymTorus.AsymPositivity	Pphi2.AsymTransferGroundExcitedData.eigenval Pphi2.AsymTransferGroundExcitedData.i₀ Pphi2.AsymTransferGroundExcitedData Pphi2.AsymTransferGroundExcitedData.ι
thm	Pphi2.groundSliceVarianceSum.congr_simp	Pphi2.AsymTorus.AsymB5bSingleSlice	Pphi2.SpatialField Pphi2.groundSliceVarianceSum
thm	GaussianField.latticeHeatKernelMatrix_isHermitian	Lattice.HeatKernel	GaussianField.FinLatticeSites GaussianField.latticeHeatKernelMatrix GaussianField.negLaplacianMatrix_isHermitian GaussianField.negLaplacianMatrix
thm	GaussianField.cos_zmod_succ	Lattice.CirculantDFT	Lattice.toSemilatticeInf
thm	GaussianField.prokhorov_configuration	GaussianField.ConfigurationEmbedding	GaussianField.DyninMityaginSpace Lattice.toSemilatticeSup GaussianField.DyninMityaginSpace.coeff GaussianField.prokhorov_configuration_pushforward GaussianField.DyninMityaginSpace.hasSum_basis GaussianField.configBasisEval_injective GaussianField.configBasisEval_measurable GaussianField.Configuration GaussianField.DyninMityaginSpace.basis GaussianField.instMeasurableSpaceConfiguration GaussianField.instMeasurableSpaceConfiguration_eq_comap GaussianField.configBasisEval GaussianField.configBasisEval_continuous Lattice.toSemilatticeInf
thm	GaussianField.massOperator_surjective_2d	Lattice.CirculantDFT2d	GaussianField.FinLatticeSites GaussianField.massOperator GaussianField.massOperator_pos_def GaussianField.FinLatticeField
thm	GaussianField.modePartner_involutive	HeatKernel.GreenInvariance	GaussianField.modePartner
thm	Pphi2.torusEmbeddedTwoPoint.congr_simp	Pphi2.TorusContinuumLimit.TorusPropagatorConvergence	Pphi2.torusEmbeddedTwoPoint GaussianField.TorusTestFunction
def	GaussianField.gaussianDensityNormConstAsym	GaussianField.DensityAsym	GaussianField.AsymLatticeSites GaussianField.gaussianDensityMeasureAsym GaussianField.AsymLatticeField
thm	Pphi2.canonicalRoughWickPower_two_site_marginal_eq_zero_of_ne	Pphi2.NelsonEstimate.FieldDecomposition	Pphi2.canonicalRoughFieldFunctionOfSnd_eq_sum_gamma Pphi2.canonicalRoughFieldFunctionOfSnd GaussianField.FinLatticeSites Pphi2.wickMonomial Pphi2.roughWickConstant Pphi2.canonicalRoughGamma Pphi2.wickPower_two_site_pi_gaussianReal_eq_zero_of_ne
thm	GaussianField.gffSmearedCovariance_eq_sum_position	GaussianField.WickMultivariate	GaussianField.FinLatticeSites GaussianField.gffSmearedCoeff GaussianField.gffPositionCovariance GaussianField.FinLatticeField GaussianField.gffSmearedCovariance
thm	GaussianField.resolventQuotientSymbol_even	SchwartzFourier.ResolventUniformBound	GaussianField.resolventQuotientSymbol
thm	GaussianField.greenFunctionBilinear_nonneg	HeatKernel.Bilinear	GaussianField.DyninMityaginSpace GaussianField.HasLaplacianEigenvalues GaussianField.DyninMityaginSpace.coeff GaussianField.HasLaplacianEigenvalues.eigenvalue GaussianField.HasLaplacianEigenvalues.eigenvalue_nonneg GaussianField.greenFunctionBilinear Lattice.toSemilatticeInf
axiom	Pphi2.asymInteracting_expMoment_volume_uniform	Pphi2.AsymTorus.AsymContinuumLimit	GaussianField.NuclearTensorProduct.instModuleReal GaussianField.NuclearTensorProduct.instTopologicalSpace GaussianField.AsymLatticeSites GaussianField.NuclearTensorProduct.instIsTopologicalAddGroup Pphi2.asymLatticeTestFnIso GaussianField.NuclearTensorProduct.instAddCommGroup Pphi2.asymTorusInteractingMeasureIso GaussianField.Configuration GaussianField.NuclearTensorProduct.instContinuousSMulReal GaussianField.AsymLatticeField GaussianField.SmoothMap_Circle Pphi2.latticeGaussianMeasureAsym GaussianField.instMeasurableSpaceConfiguration GaussianField.AsymTorusTestFunction
thm	GaussianField.sup_inf_mul_add_le	Lattice.FKG
def	GaussianField.gffSmearedCoeff	GaussianField.WickMultivariate	GaussianField.FinLatticeSites GaussianField.FinLatticeField
thm	GaussianField.DyninMityaginSpace.HasBiorthogonalBasis.coeff_basis	Nuclear.DyninMityagin	GaussianField.DyninMityaginSpace GaussianField.DyninMityaginSpace.coeff GaussianField.DyninMityaginSpace.basis GaussianField.DyninMityaginSpace.HasBiorthogonalBasis
thm	Pphi2.wickPolynomial_uniform_bounded_below	Pphi2.WickOrdering.WickPolynomial	Pphi2.wickPolynomial_continuous₂ Lattice.toSemilatticeInf Pphi2.wickPolynomial
def	GaussianField.RapidDecayLattice.latticeBasisVec	Lattice.RapidDecayLattice	GaussianField.RapidDecayLattice.latticeEnum GaussianField.RapidDecayLattice GaussianField.RapidDecayLattice.latticeBasisAt
def	GaussianField.finLatticeBasisVec	Lattice.FiniteField	GaussianField.finLatticeDelta GaussianField.FinLatticeSites GaussianField.FinLatticeField
def	GaussianField.schwartzPositiveTimeSubmodule	Cylinder.Symmetry
def	Pphi2.spatialAction	Pphi2.TransferMatrix.TransferMatrix	Pphi2.SpatialField Pphi2.spatialKinetic Pphi2.spatialPotential
thm	Pphi2.quartic_kernel_sum_pos	Pphi2.InteractingMeasure.U4Derivative	GaussianField.FinLatticeSites GaussianField.gffPositionCovariance GaussianField.FinLatticeField Lattice.toSemilatticeInf
thm	Pphi2.integral_sq_real_sum_of_pairwise_orthogonal	Pphi2.NelsonEstimate.RoughErrorBound
thm	GaussianField.fourierCoeffReal_circleTranslation_cos	SmoothCircle.FourierTranslation	GaussianField.circleTranslation GaussianField.SmoothMap_Circle.instFunLike GaussianField.SmoothMap_Circle.continuous GaussianField.SmoothMap_Circle.periodic GaussianField.SmoothMap_Circle.instAddCommGroup GaussianField.SmoothMap_Circle.fourierBasisFun_smooth GaussianField.SmoothMap_Circle.fourierCoeffReal GaussianField.SmoothMap_Circle.fourierBasisFun GaussianField.SmoothMap_Circle.instModule GaussianField.SmoothMap_Circle GaussianField.SmoothMap_Circle.fourierBasisFun_periodic GaussianField.SmoothMap_Circle.instTopologicalSpace
thm	GaussianField.latticeGaussianMeasure_density_integral_of_fieldLaw	GaussianField.Density	GaussianField.measurable_evalMap GaussianField.evalMap GaussianField.FinLatticeSites GaussianField.latticeGaussianFieldLaw GaussianField.latticeGaussianFieldLaw_density_integral GaussianField.latticeGaussianMeasure GaussianField.Configuration GaussianField.instMeasurableSpaceConfiguration GaussianField.gaussianDensity GaussianField.FinLatticeField
thm	Pphi2.routeBPrimeIso_cylinder_OS	Pphi2.AsymTorus.AsymContinuumLimit	GaussianField.NuclearTensorProduct.instModuleReal GaussianField.NuclearTensorProduct.instTopologicalSpace GaussianField.cylinderPositiveTimeSubmodule GaussianField.AsymLatticeSites GaussianField.cylinderSpatialTranslation GaussianField.CylinderTestFunction GaussianField.NuclearTensorProduct.instIsTopologicalAddGroup Pphi2.AsymTorusSequenceHasUniformGreenMomentBound Pphi2.asymLatticeTestFnIso GaussianField.NuclearTensorProduct.instAddCommGroup Pphi2.AsymTorusSequenceHasCylinderOS2Symmetry GaussianField.cylinderTimeReflection Pphi2.cylinderPullbackMeasure Pphi2.asymTorusInteractingMeasureIso GaussianField.Configuration GaussianField.NuclearTensorProduct.instContinuousSMulReal GaussianField.AsymLatticeField GaussianField.SmoothMap_Circle Pphi2.latticeGaussianMeasureAsym Pphi2.asymTorusIso_cylinderUniformGreenBound Pphi2.routeBPrime_cylinder_OS GaussianField.instMeasurableSpaceConfiguration GaussianField.AsymTorusTestFunction Pphi2.CylinderMeasureSequenceEventuallyReflectionPositive GaussianField.cylinderTranslation
thm	Pphi2.torus_free_product_moment_uniform	Pphi2.InteractingMeasure.FreeMomentBound	Pphi2.interaction_moment_le Pphi2.free_product_moment_cauchy_schwarz Pphi2.torus_normConst_field_moment_uniform GaussianField.FinLatticeSites GaussianField.latticeGaussianMeasure GaussianField.Configuration GaussianField.circleSpacing GaussianField.instMeasurableSpaceConfiguration GaussianField.FinLatticeField Pphi2.interactionFunctional GaussianField.circleSpacing_pos
thm	GaussianField.lattice_covariance_eq_spectral	Lattice.Covariance	GaussianField.covariance GaussianField.latticeCovariance GaussianField.FinLatticeSites GaussianField.spectralLatticeCovariance_inner GaussianField.massEigenvalues GaussianField.massEigenvectorBasis GaussianField.ell2' GaussianField.FinLatticeField
thm	Pphi2.wickConstant_two_eq_dft_eigenvalue_average	Pphi2.WickOrdering.Counterterm	GaussianField.latticeEigenvalue1d GaussianField.sum_latticeEigenvalue_two_eq_sum_latticeEigenvalue1d_pair GaussianField.FinLatticeSites Pphi2.wickConstant GaussianField.latticeEigenvalue
thm	Pphi2.asymSmoothWickConstant_le_log_uniform	Pphi2.NelsonEstimate.AsymCovarianceBoundsGJ	GaussianField.latticeEigenvalue1d GaussianField.AsymLatticeSites Pphi2.asym_heat_kernel_trace_bound_uniform Pphi2.schwinger_smooth_Ioi GaussianField.latticeEigenvalue1d_nonneg Pphi2.asymCanonicalEigenvalue Pphi2.asymSmoothWickConstant GaussianField.instFintypeAsymLatticeSitesOfNeZeroNat Pphi2.asymCanonicalSmoothWeight Lattice.toSemilatticeInf
thm	Pphi2.pi_gaussian_bilinear_moment	Pphi2.NelsonEstimate.FieldDecomposition
thm	Pphi2.moment_hasDerivWithinAt	Pphi2.InteractingMeasure.MomentDerivative	Pphi2.interactionFunctional_eq_single Pphi2.interactionFunctional_bounded_below GaussianField.FinLatticeSites Pphi2.interactionFunctional_measurable Pphi2.integrable_powMul_interaction Pphi2.integrable_pow_pairing GaussianField.latticeGaussianMeasure GaussianField.configuration_eval_measurable GaussianField.Configuration Pphi2.wickConstant GaussianField.instMeasurableSpaceConfiguration GaussianField.FinLatticeField Pphi2.interactionFunctional Lattice.toSemilatticeInf Pphi2.wickPolynomial
thm	Pphi2.CylinderMeasureSequenceEventuallyReflectionPositive.of_eventually_full	Pphi2.IRLimit.CylinderOS	GaussianField.NuclearTensorProduct.instModuleReal GaussianField.NuclearTensorProduct.instTopologicalSpace GaussianField.cylinderPositiveTimeSubmodule GaussianField.CylinderTestFunction GaussianField.NuclearTensorProduct.instIsTopologicalAddGroup Pphi2.CylinderRPMatrixNonnegative Pphi2.CylinderMeasureReflectionPositive GaussianField.NuclearTensorProduct.instAddCommGroup GaussianField.Configuration GaussianField.NuclearTensorProduct.instContinuousSMulReal GaussianField.SmoothMap_Circle GaussianField.instMeasurableSpaceConfiguration Pphi2.CylinderMeasureSequenceEventuallyReflectionPositive
thm	Pphi2.canonicalRoughError_perCoeff_l2_sq	Pphi2.NelsonEstimate.RoughErrorBound	Pphi2.canonicalJointMeasure Pphi2.canonicalCrossTerm_scaled_inner_sum_l2_sq Pphi2.canonicalCrossTerm Pphi2.CanonicalJoint
thm	Pphi2.inner_convCLM_pos_of_fourier_pos	Pphi2.TransferMatrix.GaussianFourier	Pphi2.L2SpatialField Pphi2.SpatialField Lattice.toSemilatticeInf
thm	GaussianField.DyninMityaginSpace.toT1Space	Nuclear.DyninMityagin	GaussianField.DyninMityaginSpace
thm	Pphi2.transferGaussian_memLp_two	Pphi2.TransferMatrix.L2Operator	Pphi2.SpatialField Pphi2.transferGaussian_memLp Pphi2.transferGaussian
thm	Pphi2.asymCanonicalSumFieldFunction_measurable	Pphi2.NelsonEstimate.AsymFieldDecomposition	GaussianField.AsymLatticeSites Pphi2.asymCanonicalSumFieldFunction_pointwise_measurable Pphi2.AsymCanonicalJoint Pphi2.asymCanonicalSumFieldFunction GaussianField.AsymLatticeField Pphi2.AsymCanonicalMode
thm	GaussianField.multiIndexEquiv_growth	SchwartzNuclear.HermiteTensorProduct	GaussianField.MultiIndex GaussianField.MultiIndex.abs GaussianField.multiIndexEquiv
def	Pphi2.canonicalCrossTerm	Pphi2.NelsonEstimate.RoughErrorBound	Pphi2.smoothWickConstant GaussianField.FinLatticeSites Pphi2.wickMonomial Pphi2.canonicalRoughFieldFunction Pphi2.canonicalSmoothFieldFunction Pphi2.roughWickConstant Pphi2.CanonicalJoint
thm	Pphi2.asymTorusGeneratingFunctional.congr_simp	Pphi2.AsymTorus.AsymTorusOS	GaussianField.NuclearTensorProduct.instModuleReal GaussianField.NuclearTensorProduct.instTopologicalSpace GaussianField.NuclearTensorProduct.instIsTopologicalAddGroup GaussianField.NuclearTensorProduct.instAddCommGroup Pphi2.asymTorusGeneratingFunctional GaussianField.Configuration GaussianField.NuclearTensorProduct.instContinuousSMulReal GaussianField.SmoothMap_Circle GaussianField.instMeasurableSpaceConfiguration GaussianField.AsymTorusTestFunction
def	Pphi2.continuumEuclideanActionComplex	Pphi2.Backgrounds.EuclideanPlane	Pphi2.EuclideanPlaneBackground.SpaceTime Pphi2.planeBackground Pphi2.EuclideanPlaneBackground.dim Pphi2.ContinuumComplexTestFunction Pphi2.EuclideanPlaneBackground.actionComplex Pphi2.ContinuumMotion
thm	Pphi2.canonicalSmoothInteraction_lower_bound_at_cutoff_quartic	Pphi2.NelsonEstimate.RoughErrorBound	Pphi2.LatticeSetup.latticeSmoothInteraction Pphi2.canonicalSmoothConfig Pphi2.canonicalSmoothInteraction_eq_latticeSmoothInteraction Pphi2.smoothBoundConstant Pphi2.canonicalSmoothInteraction Pphi2.LatticeSetup.latticeSmoothInteraction_lower_bound_at_cutoff_quartic Pphi2.DynamicalCutoff.dynamicalCutoffScale Pphi2.CanonicalJoint
def	Lattice.inf	Mathlib.Order.Lattice	Lattice
thm	GaussianField.SmoothMap_Circle.ext	SmoothCircle.Basic	GaussianField.SmoothMap_Circle.instFunLike GaussianField.SmoothMap_Circle
def	Common.QFT.Euclidean.GeneratingFunctionalModel.generatingFunctional	Common.QFT.Euclidean.Formulations	Common.QFT.Euclidean.Formulation.TestFunction Common.QFT.Euclidean.GeneratingFunctionalModel Common.QFT.Euclidean.Formulation
thm	GaussianField.compact_selfAdjoint_spectral	GaussianField.SpectralTheorem
thm	Pphi2.torusInteracting_exponentialMomentBound	Pphi2.TorusContinuumLimit.TorusInteractingOS	Pphi2.torus_propagator_convergence Pphi2.torusContinuumGreen GaussianField.NuclearTensorProduct.instModuleReal Lattice.toSemilatticeSup GaussianField.NuclearTensorProduct.instTopologicalSpace Pphi2.torusEmbeddedTwoPoint GaussianField.NuclearTensorProduct.instIsTopologicalAddGroup GaussianField.NuclearTensorProduct.instAddCommGroup Pphi2.torusInteractingMeasure_exponentialMomentBound_cutoff GaussianField.configuration_eval_measurable GaussianField.Configuration GaussianField.NuclearTensorProduct.instContinuousSMulReal GaussianField.SmoothMap_Circle GaussianField.instMeasurableSpaceConfiguration Pphi2.torusInteractingMeasure GaussianField.TorusTestFunction Lattice.toSemilatticeInf
def	GaussianField.SmoothMap_Circle.instTopologicalSpace	SmoothCircle.Basic	GaussianField.SmoothMap_Circle.instAddCommGroup GaussianField.SmoothMap_Circle.instModule GaussianField.SmoothMap_Circle GaussianField.SmoothMap_Circle.sobolevSeminorm
def	GaussianField.RapidDecaySeq.coeffLM	Nuclear.NuclearTensorProduct	GaussianField.RapidDecaySeq GaussianField.RapidDecaySeq.val GaussianField.RapidDecaySeq.instModule GaussianField.RapidDecaySeq.instAddCommGroup
thm	GaussianField.greenFunctionBilinear_swap_pure	HeatKernel.GreenInvariance	GaussianField.NuclearTensorProduct.instModuleReal GaussianField.NuclearTensorProduct.instTopologicalSpace GaussianField.DyninMityaginSpace.coeff GaussianField.circleHasLaplacianEigenvalues GaussianField.NuclearTensorProduct.dyninMityaginSpace GaussianField.SmoothMap_Circle.instAddCommGroup GaussianField.NuclearTensorProduct.instIsTopologicalAddGroup GaussianField.tensorProductHasLaplacianEigenvalues GaussianField.NuclearTensorProduct GaussianField.NuclearTensorProduct.instAddCommGroup GaussianField.HasLaplacianEigenvalues.eigenvalue GaussianField.SmoothMap_Circle.instModule GaussianField.SmoothMap_Circle.instContinuousSMul GaussianField.smoothCircle_dyninMityaginSpace GaussianField.SmoothMap_Circle.instIsTopologicalAddGroup GaussianField.NuclearTensorProduct.instContinuousSMulReal GaussianField.NuclearTensorProduct.pure GaussianField.SmoothMap_Circle GaussianField.NuclearTensorProduct.pure_val GaussianField.SmoothMap_Circle.instTopologicalSpace GaussianField.greenFunctionBilinear
thm	Pphi2.canonicalSmoothInteraction_lower_bound_log_uniform_in_aN	Pphi2.NelsonEstimate.RoughErrorBound	Pphi2.wickPolynomial_lower_bound_general Pphi2.LatticeSetup.latticeSmoothInteraction Pphi2.smoothWickConstant Pphi2.smoothCovEigenvalue_pos Pphi2.canonicalSmoothConfig Pphi2.smoothWickConstant_le_log_uniform_in_aN GaussianField.finLatticeDelta GaussianField.FinLatticeSites Pphi2.canonicalSmoothInteraction_eq_latticeSmoothInteraction Pphi2.canonicalSmoothInteraction GaussianField.Configuration Pphi2.smoothCovEigenvalue Pphi2.DynamicalCutoff.degreeCutoffPower GaussianField.FinLatticeField Lattice.toSemilatticeInf Pphi2.wickPolynomial Pphi2.CanonicalJoint
def	Pphi2.asymCanonicalSmoothWeight	Pphi2.NelsonEstimate.AsymFieldDecomposition	Pphi2.asymCanonicalEigenvalue Pphi2.AsymCanonicalMode
thm	Pphi2.partitionFn_hasDerivAt2	Pphi2.InteractingMeasure.U4DerivativeClosedForm	GaussianField.FinLatticeSites GaussianField.latticeGaussianMeasure GaussianField.Configuration GaussianField.instMeasurableSpaceConfiguration Pphi2.moment_hasDerivAt2 GaussianField.FinLatticeField Pphi2.interactionFunctional
thm	Pphi2.os2_for_continuum_limit	Pphi2.OSProofs.OS2_WardIdentity	Pphi2.EuclideanPlaneBackground.SpaceTime Pphi2.FieldConfig2 Pphi2.E2 Pphi2.generatingFunctional Pphi2.EuclideanPlaneBackground.Motion.t Pphi2.EuclideanPlaneBackground.Motion.R Pphi2.OS2_EuclideanInvariance Pphi2.EuclideanPlaneBackground.RealTestFunction Pphi2.planeBackground Pphi2.SchwartzMap.translate Pphi2.EuclideanPlaneBackground.dim Pphi2.IsPphi2Limit Pphi2.EuclideanPlaneBackground.Motion Pphi2.plane2Background GaussianField.Configuration Pphi2.continuum_exponential_moments GaussianField.instMeasurableSpaceConfiguration Pphi2.TestFunction2 Pphi2.rotation_invariance_continuum Pphi2.ContinuumTestFunction Pphi2.translation_invariance_continuum Pphi2.euclideanAction2 Pphi2.EuclideanPlaneBackground.ComplexTestFunction Pphi2.complex_gf_invariant_of_real_gf_invariant Pphi2.O2
thm	Pphi2.sin_sq_lower_bound	Pphi2.NelsonEstimate.HeatKernelBound	Lattice.toSemilatticeInf
def	Pphi2.asymSliceFamilyTrunc	Pphi2.AsymTorus.AsymBridgeKLimit	Pphi2.SpatialField Pphi2.asymSliceObsTrunc
thm	GaussianField.heatSingularValue_pos	HeatKernel.Axioms	GaussianField.qftEigenvalue GaussianField.heatSingularValue
def	Pphi2.EuclideanOS.OS0_Analyticity	Pphi2.EuclideanOS	Pphi2.EuclideanPlaneBackground.SpaceTime Pphi2.EuclideanPlaneBackground.RealTestFunction Pphi2.EuclideanPlaneBackground.dim Pphi2.EuclideanPlaneBackground Pphi2.EuclideanOS.generatingFunctionalℂ GaussianField.instMeasurableSpaceConfiguration Pphi2.EuclideanPlaneBackground.ComplexTestFunction Pphi2.EuclideanPlaneBackground.Distribution
thm	Pphi2.canonicalRoughWickPower_two_site_marginal_integrable	Pphi2.NelsonEstimate.FieldDecomposition	Pphi2.canonicalRoughFieldFunctionOfSnd_eq_sum_gamma Pphi2.canonicalRoughFieldFunctionOfSnd GaussianField.FinLatticeSites Pphi2.wickPower_two_site_pi_gaussianReal_integrable Pphi2.wickMonomial Pphi2.roughWickConstant Pphi2.canonicalRoughGamma
thm	GaussianField.cylinderHeatSemigroup_spatialTranslation_comm	Cylinder.FreeHeatSemigroup	GaussianField.NuclearTensorProduct.instModuleReal GaussianField.circleTranslation GaussianField.NuclearTensorProduct.instTopologicalSpace GaussianField.nuclearTensorProduct_mapCLM_comp GaussianField.cylinderSpatialTranslation GaussianField.nuclearTensorProduct_mapCLM GaussianField.schwartz_dyninMityaginSpace_1D GaussianField.SmoothMap_Circle.instAddCommGroup GaussianField.CylinderTestFunction GaussianField.NuclearTensorProduct GaussianField.cylinderHeatSemigroup GaussianField.NuclearTensorProduct.instAddCommGroup GaussianField.smoothCircle_hasBiorthogonalBasis GaussianField.SmoothMap_Circle.instModule GaussianField.SmoothMap_Circle.instContinuousSMul GaussianField.smoothCircle_dyninMityaginSpace GaussianField.SmoothMap_Circle.instIsTopologicalAddGroup GaussianField.SmoothMap_Circle GaussianField.freeHeatSemigroup GaussianField.circleHeatSemigroup GaussianField.SmoothMap_Circle.instTopologicalSpace GaussianField.circleHeatSemigroup_translation_comm GaussianField.schwartz_hasBiorthogonalBasis_1D
thm	Pphi2.connectedFourPoint_interactingMeasure_zero_smul	Pphi2.InteractingMeasure.FieldRedefinition	GaussianField.DyninMityaginSpace Pphi2.interactingMeasure GaussianField.measure Pphi2.connectedFourPoint Pphi2.interactingMeasure_zero_smul GaussianField.Configuration GaussianField.instMeasurableSpaceConfiguration Pphi2.connectedFourPoint_gaussianMeasure_eq_zero GaussianField.measure_isProbability
thm	Pphi2.schwartzRe_schwartzOfReal	Pphi2.EuclideanComplex	Pphi2.EuclideanPlaneBackground.SpaceTime Pphi2.EuclideanPlaneBackground.RealTestFunction Pphi2.schwartzOfReal Pphi2.EuclideanPlaneBackground.dim Pphi2.EuclideanOS.schwartzRe Pphi2.EuclideanPlaneBackground
thm	GaussianField.massOperator_quadratic_eq_spectral	Lattice.SpectralCovariance	GaussianField.FinLatticeSites GaussianField.massEigenbasis_sum_mul_sum_eq_site_inner GaussianField.massOperator GaussianField.massEigenvalues GaussianField.massEigenvectorBasis GaussianField.FinLatticeField GaussianField.massOperator_eigenCoeff_eq_eigenvalues_mul_eigenCoeff
thm	Pphi2.normalizedMomentDeriv_abs_le	Pphi2.InteractingMeasure.U4SecondDerivBound	Pphi2.ratio_l2_bound Pphi2.partitionFn_ge_one Pphi2.torus_normConst_field_moment_uniform Pphi2.partitionFnDeriv GaussianField.FinLatticeSites Pphi2.gibbsMoment Pphi2.integrable_pow_pairing Pphi2.torus_free_product_moment_uniform Pphi2.memLp_pairing_pow_mul_interaction_pow GaussianField.latticeGaussianMeasure GaussianField.configuration_eval_measurable GaussianField.Configuration Pphi2.expMoment_two_le_uniform GaussianField.circleSpacing GaussianField.instMeasurableSpaceConfiguration Pphi2.partitionFn Pphi2.normalizedMomentDeriv Pphi2.momentDeriv GaussianField.FinLatticeField Pphi2.interactionFunctional Lattice.toSemilatticeInf GaussianField.circleSpacing_pos
def	Pphi2.roughWickConstant	Pphi2.NelsonEstimate.CovarianceSplit	Pphi2.roughCovEigenvalue GaussianField.FinLatticeSites
thm	Pphi2.pairing_memLp_lattice	Pphi2.InteractingMeasure.MomentIntegrability	GaussianField.finLatticeField_dyninMityaginSpace GaussianField.ell2_separableSpace GaussianField.FinLatticeSites GaussianField.latticeCovarianceGJ GaussianField.pairing_memLp GaussianField.latticeGaussianMeasure GaussianField.Configuration GaussianField.instMeasurableSpaceConfiguration GaussianField.ell2' GaussianField.FinLatticeField
thm	GaussianField.greenFunctionBilinear_continuous_diag	HeatKernel.Bilinear	GaussianField.DyninMityaginSpace GaussianField.HasLaplacianEigenvalues Lattice.toSemilatticeSup GaussianField.DyninMityaginSpace.coeff GaussianField.DyninMityaginSpace.coeff_decay GaussianField.DyninMityaginSpace.ι GaussianField.HasLaplacianEigenvalues.eigenvalue GaussianField.DyninMityaginSpace.h_with GaussianField.HasLaplacianEigenvalues.eigenvalue_nonneg GaussianField.DyninMityaginSpace.p GaussianField.greenFunctionBilinear Lattice.toSemilatticeInf
def	GaussianField.euclideanFin1MeasEquiv	SchwartzNuclear.HermiteTensorProduct
def	Pphi2.cylinderToTorusEmbed	Pphi2.IRLimit.CylinderEmbedding	GaussianField.NuclearTensorProduct.instModuleReal GaussianField.NuclearTensorProduct.instTopologicalSpace GaussianField.schwartz_dyninMityaginSpace_1D GaussianField.nuclearTensorProduct_mapCLM_general GaussianField.SmoothMap_Circle.instAddCommGroup GaussianField.CylinderTestFunction GaussianField.nuclearTensorProduct_swapCLM GaussianField.NuclearTensorProduct GaussianField.NuclearTensorProduct.instAddCommGroup GaussianField.periodizeCLM GaussianField.SmoothMap_Circle.instModule GaussianField.SmoothMap_Circle.instContinuousSMul GaussianField.smoothCircle_dyninMityaginSpace GaussianField.SmoothMap_Circle.instIsTopologicalAddGroup GaussianField.SmoothMap_Circle GaussianField.AsymTorusTestFunction GaussianField.SmoothMap_Circle.instTopologicalSpace
thm	Pphi2.asymCanonicalCrossTerm.congr_simp	Pphi2.NelsonEstimate.AsymCrossTermL2Identity	Pphi2.asymCanonicalCrossTerm Pphi2.AsymCanonicalJoint
thm	Pphi2.LatticeSetup.latticeRoughError_measurable	Pphi2.NelsonEstimate.LatticeSetup	Pphi2.LatticeSetup.latticeSmoothInteraction Pphi2.LatticeSetup.latticeSmoothInteraction_measurable GaussianField.FinLatticeSites Pphi2.interactionFunctional_measurable Pphi2.LatticeSetup.latticeRoughError GaussianField.Configuration GaussianField.instMeasurableSpaceConfiguration GaussianField.FinLatticeField Pphi2.interactionFunctional
thm	GaussianField.heatSymbol_hasTemperateGrowth	Cylinder.FourierMultiplier	Lattice.toSemilatticeSup GaussianField.heatSymbol Lattice.toSemilatticeInf
thm	GaussianField.lattice_covariance_pure_eq_2d_spectral	Lattice.Convergence	GaussianField.NuclearTensorProduct.instModuleReal GaussianField.latticeEigenvalue1d GaussianField.NuclearTensorProduct.instTopologicalSpace GaussianField.SmoothMap_Circle.instFunLike GaussianField.latticeFourierBasisFun GaussianField.covariance GaussianField.latticeCovariance GaussianField.SmoothMap_Circle.instAddCommGroup GaussianField.FinLatticeSites GaussianField.circleRestriction GaussianField.NuclearTensorProduct GaussianField.sum_factor GaussianField.NuclearTensorProduct.instAddCommGroup GaussianField.latticeFourierNormSq GaussianField.evalTorusAtSite GaussianField.SmoothMap_Circle.instModule GaussianField.SmoothMap_Circle.instContinuousSMul GaussianField.smoothCircle_dyninMityaginSpace GaussianField.SmoothMap_Circle.instIsTopologicalAddGroup GaussianField.NuclearTensorProduct.pure GaussianField.SmoothMap_Circle GaussianField.latticeDFTCoeff1d GaussianField.abstract_spectral_eq_dft_spectral_2d GaussianField.circleSpacing GaussianField.NuclearTensorProduct.evalCLM_pure GaussianField.ell2' GaussianField.FinLatticeField GaussianField.TorusTestFunction GaussianField.NuclearTensorProduct.evalCLM GaussianField.SmoothMap_Circle.instTopologicalSpace GaussianField.circlePoint GaussianField.circleSpacing_pos
def	GaussianField.torusTimeReflection	Torus.Symmetry	GaussianField.NuclearTensorProduct.instModuleReal GaussianField.NuclearTensorProduct.instTopologicalSpace GaussianField.nuclearTensorProduct_mapCLM GaussianField.SmoothMap_Circle.instAddCommGroup GaussianField.NuclearTensorProduct.instAddCommGroup GaussianField.circleReflection GaussianField.SmoothMap_Circle.instModule GaussianField.SmoothMap_Circle.instContinuousSMul GaussianField.smoothCircle_dyninMityaginSpace GaussianField.SmoothMap_Circle.instIsTopologicalAddGroup GaussianField.SmoothMap_Circle GaussianField.TorusTestFunction GaussianField.SmoothMap_Circle.instTopologicalSpace
thm	Pphi2.smooth_interaction_lower_bound_volume	Pphi2.NelsonEstimate.SmoothLowerBound	GaussianField.FinLatticeSites Pphi2.wickMonomial Pphi2.smooth_interaction_lower_bound Lattice.toSemilatticeInf
thm	Pphi2.pphi2_main	Pphi2.Main	Pphi2.EuclideanPlaneBackground.SpaceTime Pphi2.SatisfiesFullOS Pphi2.planeBackground Pphi2.EuclideanPlaneBackground.dim Pphi2.IsPphi2Limit Pphi2.continuumLimit_satisfies_fullOS GaussianField.Configuration GaussianField.instMeasurableSpaceConfiguration Pphi2.ContinuumTestFunction
def	GaussianField.cylinderConfigReflection	Cylinder.Symmetry	GaussianField.NuclearTensorProduct.instModuleReal GaussianField.NuclearTensorProduct.instTopologicalSpace GaussianField.CylinderTestFunction GaussianField.NuclearTensorProduct.instIsTopologicalAddGroup GaussianField.NuclearTensorProduct.instAddCommGroup GaussianField.cylinderTimeReflection GaussianField.Configuration GaussianField.NuclearTensorProduct.instContinuousSMulReal GaussianField.SmoothMap_Circle
def	Pphi2.EuclideanOS.OS2_EuclideanInvariance	Pphi2.EuclideanOS	Pphi2.EuclideanPlaneBackground.SpaceTime Pphi2.EuclideanPlaneBackground.RealTestFunction Pphi2.EuclideanPlaneBackground.dim Pphi2.EuclideanPlaneBackground.Motion Pphi2.EuclideanPlaneBackground Pphi2.EuclideanPlaneBackground.actionComplex Pphi2.EuclideanOS.generatingFunctionalℂ GaussianField.instMeasurableSpaceConfiguration Pphi2.EuclideanPlaneBackground.ComplexTestFunction Pphi2.EuclideanPlaneBackground.Distribution
def	GaussianField.cylinderTimeTranslation	Cylinder.Symmetry	GaussianField.NuclearTensorProduct.instModuleReal GaussianField.NuclearTensorProduct.instTopologicalSpace GaussianField.nuclearTensorProduct_mapCLM GaussianField.schwartz_dyninMityaginSpace_1D GaussianField.SmoothMap_Circle.instAddCommGroup GaussianField.CylinderTestFunction GaussianField.NuclearTensorProduct.instAddCommGroup GaussianField.SmoothMap_Circle.instModule GaussianField.SmoothMap_Circle.instContinuousSMul GaussianField.smoothCircle_dyninMityaginSpace GaussianField.SmoothMap_Circle.instIsTopologicalAddGroup GaussianField.SmoothMap_Circle GaussianField.schwartzTranslation GaussianField.SmoothMap_Circle.instTopologicalSpace
def	GaussianField.schwartzHermiteBasisNd	SchwartzNuclear.HermiteTensorProduct	GaussianField.hermiteFunctionNd GaussianField.MultiIndex
def	GaussianField.RapidDecayLattice.ctorIdx	Lattice.RapidDecayLattice	GaussianField.RapidDecayLattice
thm	GaussianField.riemann_sum_periodic_tendsto	Lattice.HeatKernelConvergence1d	Lattice.toSemilatticeSup Lattice.toSemilatticeInf
thm	GaussianField.greenFunctionBilinear_invariant_of_pure	HeatKernel.GreenInvariance	GaussianField.DyninMityaginSpace GaussianField.NuclearTensorProduct.instModuleReal GaussianField.HasLaplacianEigenvalues GaussianField.NuclearTensorProduct.instTopologicalSpace GaussianField.DyninMityaginSpace.coeff GaussianField.NuclearTensorProduct.dyninMityaginSpace GaussianField.NuclearTensorProduct.instIsTopologicalAddGroup GaussianField.tensorProductHasLaplacianEigenvalues GaussianField.DyninMityaginSpace.expansion GaussianField.NuclearTensorProduct GaussianField.NuclearTensorProduct.instAddCommGroup GaussianField.DyninMityaginSpace.basis GaussianField.NuclearTensorProduct.instContinuousSMulReal GaussianField.NuclearTensorProduct.pure GaussianField.greenFunctionBilinear GaussianField.greenFunctionBilinear_symm
thm	Pphi2.groundVarianceFreeCovarianceConstant.congr_simp	Pphi2.AsymTorus.AsymB5bSingleSlice	Pphi2.groundVarianceFreeCovarianceConstant
thm	GaussianField.RapidDecaySeq.weight_pos	Nuclear.NuclearTensorProduct
def	Pphi2.asymSliceEquiv	Pphi2.AsymTorus.AsymTransferInstantiation	GaussianField.AsymLatticeSites Pphi2.SpatialField Pphi2.prodCurryLinearEquiv GaussianField.AsymLatticeField
thm	Pphi2.asymCanonicalRoughFieldFunction_measurable	Pphi2.NelsonEstimate.AsymFieldDecomposition	GaussianField.AsymLatticeSites Pphi2.AsymCanonicalJoint Pphi2.asymCanonicalRoughFieldFunction_pointwise_measurable Pphi2.asymCanonicalRoughFieldFunction GaussianField.AsymLatticeField Pphi2.AsymCanonicalMode
thm	Pphi2.AsymTorusSequenceHasUniformGreenMomentBound.of_forall_ge_one	Pphi2.IRLimit.IRTightness	GaussianField.NuclearTensorProduct.instModuleReal GaussianField.NuclearTensorProduct.instTopologicalSpace GaussianField.NuclearTensorProduct.instIsTopologicalAddGroup Pphi2.AsymTorusSequenceHasUniformGreenMomentBound GaussianField.NuclearTensorProduct.instAddCommGroup GaussianField.Configuration GaussianField.NuclearTensorProduct.instContinuousSMulReal GaussianField.SmoothMap_Circle GaussianField.instMeasurableSpaceConfiguration Pphi2.MeasureHasGreenMomentBound GaussianField.AsymTorusTestFunction
thm	Pphi2.EuclideanTimeStructure.timeShift_zero	Pphi2.Backgrounds.EuclideanTime	Pphi2.EuclideanPlaneBackground.SpaceTime Pphi2.EuclideanTimeStructure.timeTranslation Pphi2.EuclideanTimeStructure.timeShift Pphi2.EuclideanTimeStructure.timeAxis Pphi2.EuclideanPlaneBackground.dim Pphi2.EuclideanPlaneBackground Pphi2.EuclideanTimeStructure
thm	GaussianHilbert.tendsto_integral_indicator_ge_sum_sq_to_zero_of_integrable	GaussianHilbert.PolynomialDensity	Lattice.toSemilatticeInf
def	GaussianField.finLatticeSeminorm	Lattice.FiniteField	GaussianField.FinLatticeSites GaussianField.FinLatticeField
def	GaussianField.nuclear_clm	GaussianField.NuclearSVD	GaussianField.nuclear_linearMap GaussianField.nuclear_operator_bound GaussianField.ell2'
def	GaussianField.DyninMityaginSpace.ctorIdx	Nuclear.DyninMityagin	GaussianField.DyninMityaginSpace
thm	GaussianField.summable_sqrt_eigenvalues	GaussianField.NuclearSVD	GaussianField.ell2_basis GaussianField.ell2' Lattice.toSemilatticeInf
thm	GaussianField.resolventFreq_pos	Cylinder.MassOperatorConstruction	GaussianField.resolventFreq GaussianField.SmoothMap_Circle.fourierFreq Lattice.toSemilatticeInf
thm	GaussianHilbert.mehlerLM.congr_simp	GaussianHilbert.OUEigenfunctions	GaussianHilbert.stdGaussianFin GaussianHilbert.mehlerLM
thm	Common.QFT.Euclidean.SchwingerFormulation.instIsTopologicalAddGroupTestFunction	Common.QFT.Euclidean.Formulations	Common.QFT.Euclidean.SchwingerFormulation.instTopologicalSpaceTestFunction Common.QFT.Euclidean.Formulation.TestFunction Common.QFT.Euclidean.SchwingerFormulation.toFormulation Common.QFT.Euclidean.SchwingerFormulation.instAddCommGroupTestFunction Common.QFT.Euclidean.SchwingerFormulation
thm	Pphi2.generatingFunctional_translate_continuous	Pphi2.ContinuumLimit.CharacteristicFunctional	Pphi2.EuclideanPlaneBackground.SpaceTime Pphi2.FieldConfig2 Pphi2.translate_timeTranslationVector2_eq_timeTranslationSchwartz_neg Pphi2.EuclideanPlaneBackground.RealTestFunction Pphi2.planeBackground Pphi2.SchwartzMap.translate Pphi2.timeTranslationVector2 Pphi2.EuclideanPlaneBackground.dim Pphi2.plane2Background GaussianField.configuration_eval_measurable GaussianField.Configuration GaussianField.instMeasurableSpaceConfiguration Pphi2.TestFunction2 Pphi2.EuclideanOS.generatingFunctional
def	GaussianField.finiteLaplacianAsymFun	Lattice.AsymCovariance	GaussianField.AsymLatticeSites GaussianField.AsymLatticeField
thm	Pphi2.asymTorusGF_latticeApproximation_error_vanishes	Pphi2.AsymTorus.AsymTorusOS	Pphi2.asymTorusInteractingMeasure GaussianField.NuclearTensorProduct.instModuleReal GaussianField.NuclearTensorProduct.instTopologicalSpace Pphi2.asymTorusTranslation_continuous_in_v GaussianField.NuclearTensorProduct.instIsTopologicalAddGroup Pphi2.asymTorusInteractingMeasure_gf_latticeTranslation_invariant GaussianField.asymTorusTranslation GaussianField.NuclearTensorProduct.instAddCommGroup Pphi2.asymTorusGeneratingFunctional Pphi2.asymTorusInteractingMeasure_isProbability GaussianField.SmoothMap_Circle GaussianField.circleSpacing Pphi2.asymGf_sub_norm_le_seminorm GaussianField.AsymTorusTestFunction Lattice.toSemilatticeInf GaussianField.circleSpacing_pos
thm	GaussianField.massOperatorEntryAsym.congr_simp	Lattice.AsymCovariance	GaussianField.AsymLatticeSites GaussianField.massOperatorEntryAsym
thm	Pphi2.evalAsymTorusAtSiteGJ_apply	Pphi2.AsymTorus.AsymTorusEmbeddingIso	GaussianField.NuclearTensorProduct.instModuleReal GaussianField.NuclearTensorProduct.instTopologicalSpace GaussianField.AsymLatticeSites Pphi2.evalAsymTorusAtSiteGJ GaussianField.evalAsymTorusAtSite GaussianField.NuclearTensorProduct.instAddCommGroup GaussianField.SmoothMap_Circle GaussianField.AsymTorusTestFunction
thm	Pphi2.asymCanonicalRoughCovariance_pow_sum_le_uniform	Pphi2.NelsonEstimate.AsymCrossTermL2Identity	GaussianField.AsymLatticeSites Pphi2.asymCanonicalRoughCovariance_pow_two_sum_le_uniform GaussianField.instFintypeAsymLatticeSitesOfNeZeroNat Pphi2.asymCanonicalRoughCovariance_pow_one_sum_le_uniform Pphi2.asymCanonicalRoughCovariance_pow_sum_le_uniform_of_three_le Pphi2.asymCanonicalRoughCovariance
thm	GaussianField.RapidDecaySeq.finset_sup_rapidDecaySeminorm_basisVec_le	Nuclear.NuclearTensorProduct	Lattice.toSemilatticeSup GaussianField.RapidDecaySeq.rapidDecaySeminorm GaussianField.RapidDecaySeq GaussianField.RapidDecaySeq.rapidDecaySeminorm_basisVec GaussianField.RapidDecaySeq.instSMul GaussianField.RapidDecaySeq.instModule GaussianField.RapidDecaySeq.basisVec GaussianField.RapidDecaySeq.instAddCommGroup GaussianField.RapidDecaySeq.finset_sup_rapidDecaySeminorm_le
struct	GaussianField.DyninMityaginSpace.HasBiorthogonalBasis	Nuclear.DyninMityagin	GaussianField.DyninMityaginSpace
thm	GaussianField.sum_latticeEigenvalue_eq_sum_latticeEigenvalue1d_family	Lattice.LatticeFourierIndexing	GaussianField.latticeEigenvalue1d GaussianField.FinLatticeSites GaussianField.latticeLaplacianEigenvalue GaussianField.latticeEigenvalue
thm	Common.QFT.Euclidean.TensorSchwingerModel.ext_iff	Common.QFT.Euclidean.Formulations	Common.QFT.Euclidean.TensorSchwingerModel.ext Common.QFT.Euclidean.Formulation.TestFunction Common.QFT.Euclidean.TensorSchwingerModel Common.QFT.Euclidean.Formulation Common.QFT.Euclidean.TensorSchwingerModel.schwinger
thm	GaussianField.summable_norm_sq_of_summable_norm	GaussianField.NuclearSVD
thm	GaussianField.derivSC_continuous	SmoothCircle.Laplacian	GaussianField.SmoothMap_Circle.instFunLike GaussianField.SmoothMap_Circle.smoothCircle_withSeminorms GaussianField.SmoothMap_Circle.norm_iteratedDeriv_le_sobolevSeminorm GaussianField.SmoothMap_Circle.Icc_nonempty GaussianField.SmoothMap_Circle.instAddCommGroup GaussianField.SmoothMap_Circle.instSMul GaussianField.derivSC GaussianField.SmoothMap_Circle.instModule GaussianField.SmoothMap_Circle GaussianField.derivSCLM GaussianField.SmoothMap_Circle.sobolevSeminorm GaussianField.derivSC_add GaussianField.SmoothMap_Circle.instTopologicalSpace Lattice.toSemilatticeInf GaussianField.derivSC_smul
thm	GaussianHilbert.ouScale_sq_add_ouNoise_sq	GaussianHilbert.OUEigenfunctions	GaussianHilbert.ouNoise GaussianHilbert.ouNoise_sq GaussianHilbert.ouScale GaussianHilbert.ouScale_sq
thm	GaussianField.SmoothMap_Circle.summable_fourierBasis_smul	SmoothCircle.Nuclear	GaussianField.RapidDecaySeq GaussianField.SmoothMap_Circle.fourierBasisFun_abs_le GaussianField.RapidDecaySeq.val GaussianField.SmoothMap_Circle.fourierBasisFun GaussianField.RapidDecaySeq.rapid_decay Lattice.toSemilatticeInf
thm	GaussianField.schwartzReflection_involution	Cylinder.Symmetry	GaussianField.schwartzReflection
def	Pphi2.canonicalSumFieldFunction	Pphi2.NelsonEstimate.FieldDecomposition	GaussianField.FinLatticeSites Pphi2.canonicalRoughFieldFunction Pphi2.canonicalSmoothFieldFunction Pphi2.CanonicalJoint
thm	GaussianField.latticeHeatKernelMatrix_semigroup	Lattice.HeatKernel	GaussianField.FinLatticeSites GaussianField.latticeHeatKernelMatrix GaussianField.negLaplacianMatrix
thm	Pphi2.torusInteractingMeasure.congr_simp	Pphi2.TorusContinuumLimit.TorusInteractingOS	GaussianField.NuclearTensorProduct.instModuleReal GaussianField.NuclearTensorProduct.instTopologicalSpace GaussianField.NuclearTensorProduct.instIsTopologicalAddGroup GaussianField.NuclearTensorProduct.instAddCommGroup GaussianField.Configuration GaussianField.NuclearTensorProduct.instContinuousSMulReal GaussianField.SmoothMap_Circle GaussianField.instMeasurableSpaceConfiguration Pphi2.torusInteractingMeasure GaussianField.TorusTestFunction
thm	Pphi2.latticeEuclideanTimeSeparation_mod	Pphi2.InteractingMeasure.LatticeEuclideanTime	Pphi2.latticeEuclideanTimeSeparation Pphi2.latticeEuclideanTimeSeparation_eq_min
thm	Pphi2.torus_interacting_eighth_moment_uniform	Pphi2.TorusContinuumLimit.TorusInteractingMoments	Pphi2.torusEmbeddedTwoPoint_eq_lattice_second_moment GaussianField.NuclearTensorProduct.instModuleReal Pphi2.partitionFunction_ge_one GaussianField.NuclearTensorProduct.instTopologicalSpace GaussianField.finLatticeField_dyninMityaginSpace Pphi2.nelson_exponential_estimate GaussianField.measure GaussianField.ell2_separableSpace Pphi2.torusEmbeddedTwoPoint GaussianField.FinLatticeSites GaussianField.NuclearTensorProduct.instIsTopologicalAddGroup Pphi2.torusEmbedLift Pphi2.partitionFunction GaussianField.latticeCovarianceGJ GaussianField.pairing_memLp Pphi2.torusEmbedLift_measurable Pphi2.interactingLatticeMeasure GaussianField.NuclearTensorProduct.instAddCommGroup GaussianField.latticeGaussianMeasure GaussianField.configuration_eval_measurable GaussianField.Configuration Pphi2.density_transfer_bound GaussianField.NuclearTensorProduct.instContinuousSMulReal GaussianField.gaussian_hypercontractive GaussianField.SmoothMap_Circle Pphi2.torusEmbeddedTwoPoint_uniform_bound GaussianField.circleSpacing GaussianField.instMeasurableSpaceConfiguration Pphi2.latticeTestFn Pphi2.torusEmbedLift_eval_eq GaussianField.ell2' Pphi2.torusInteractingMeasure GaussianField.FinLatticeField Pphi2.interactionFunctional GaussianField.TorusTestFunction Lattice.toSemilatticeInf GaussianField.circleSpacing_pos
thm	Pphi2.generating_functional_bounded	Pphi2.InteractingMeasure.Normalization	GaussianField.FinLatticeSites Pphi2.interactingLatticeMeasure_isProbability Pphi2.interactingLatticeMeasure GaussianField.Configuration GaussianField.instMeasurableSpaceConfiguration GaussianField.FinLatticeField Lattice.toSemilatticeInf
thm	Pphi2.general_clustering_lattice	Pphi2.OSProofs.OS4_MassGap	Pphi2.latticeEuclideanTimeSeparation Pphi2.general_clustering_from_spectral_gap GaussianField.FinLatticeSites Pphi2.latticeConfigEuclideanTimeShift Pphi2.interactingLatticeMeasure GaussianField.Configuration GaussianField.instMeasurableSpaceConfiguration Pphi2.massGap_pos Pphi2.massGap GaussianField.FinLatticeField
thm	Pphi2.asymGeomSpacing_pos	Pphi2.AsymTorus.AsymTorusEmbedding	Pphi2.asymTimeSpacing Pphi2.asymSpaceSpacing_pos Pphi2.asymSpaceSpacing Pphi2.asymTimeSpacing_pos Pphi2.asymGeomSpacing
thm	Pphi2.spectral_gap_pos	Pphi2.TransferMatrix.SpectralGap	Pphi2.massGap_pos Pphi2.massGap
thm	GaussianField.lattice_covariance_GJ_eq_spectral	Lattice.Covariance	GaussianField.latticeCovariance_GJ_eq_inv_smul_bare GaussianField.lattice_covariance_eq_spectral GaussianField.covariance GaussianField.latticeCovariance GaussianField.FinLatticeSites GaussianField.latticeCovarianceGJ GaussianField.massEigenvalues GaussianField.massEigenvectorBasis GaussianField.ell2' GaussianField.FinLatticeField
def	Pphi2.canonicalSmoothFieldFunctionOfFst	Pphi2.NelsonEstimate.FieldDecomposition	GaussianField.FinLatticeSites
thm	Pphi2.transferGaussian_neg	Pphi2.TransferMatrix.L2Operator	Pphi2.SpatialField Pphi2.timeCoupling Pphi2.transferGaussian
thm	Pphi2.exponential_moment_schwartz_bound	Pphi2.ContinuumLimit.AxiomInheritance	Pphi2.EuclideanPlaneBackground.SpaceTime Pphi2.FieldConfig2 Pphi2.EuclideanPlaneBackground.RealTestFunction Pphi2.planeBackground Pphi2.EuclideanPlaneBackground.dim Pphi2.IsPphi2Limit Pphi2.SpaceTime2 Pphi2.continuumGreenBilinear_le_mass_inv_sq Pphi2.continuum_exponential_moment_bound GaussianField.instMeasurableSpaceConfiguration Pphi2.continuumGreenBilinear Pphi2.TestFunction2 Lattice.toSemilatticeInf
def	GaussianField.SmoothMap_Circle.toRapidDecay	SmoothCircle.Nuclear	GaussianField.RapidDecaySeq GaussianField.SmoothMap_Circle.fourierCoeffReal GaussianField.SmoothMap_Circle.fourierCoeff_rapid_decay GaussianField.SmoothMap_Circle
def	Common.QFT.Euclidean.MeasureModel.ctorIdx	Common.QFT.Euclidean.Formulations	Common.QFT.Euclidean.MeasureModel Common.QFT.Euclidean.Formulation
def	Pphi2.ContinuumMotion	Pphi2.Backgrounds.EuclideanPlane	Pphi2.planeBackground Pphi2.EuclideanPlaneBackground.Motion
thm	GaussianField.circleRestriction.congr_simp	SmoothCircle.Restriction	GaussianField.SmoothMap_Circle.instAddCommGroup GaussianField.circleRestriction GaussianField.SmoothMap_Circle.instModule GaussianField.SmoothMap_Circle GaussianField.SmoothMap_Circle.instTopologicalSpace
thm	GaussianField.massEigenvaluesAsym.congr_simp	Lattice.AsymCovariance	GaussianField.AsymLatticeSites GaussianField.massEigenvaluesAsym
thm	Pphi2.schwinger_rough	Pphi2.NelsonEstimate.HeatKernelBound	Pphi2.schwinger_rough_interval
thm	Pphi2.torusContinuumGreen_continuous_diag	Pphi2.TorusContinuumLimit.TorusOSAxioms	Pphi2.torusContinuumGreen GaussianField.NuclearTensorProduct.instModuleReal GaussianField.NuclearTensorProduct.instTopologicalSpace GaussianField.circleHasLaplacianEigenvalues GaussianField.NuclearTensorProduct.dyninMityaginSpace GaussianField.SmoothMap_Circle.instAddCommGroup GaussianField.tensorProductHasLaplacianEigenvalues GaussianField.NuclearTensorProduct.instAddCommGroup GaussianField.SmoothMap_Circle.instModule GaussianField.SmoothMap_Circle.instContinuousSMul GaussianField.smoothCircle_dyninMityaginSpace GaussianField.SmoothMap_Circle.instIsTopologicalAddGroup GaussianField.SmoothMap_Circle GaussianField.greenFunctionBilinear_continuous_diag GaussianField.TorusTestFunction GaussianField.SmoothMap_Circle.instTopologicalSpace
thm	GaussianField.cylinderPositiveTime_negativeTime_disjoint	Cylinder.PositiveTime	GaussianField.NuclearTensorProduct.instModuleReal GaussianField.NuclearTensorProduct.instTopologicalSpace GaussianField.cylinderPositiveTimeSubmodule GaussianField.RapidDecaySeq.instZero GaussianField.ntpExtractSlice GaussianField.RapidDecaySeq GaussianField.RapidDecaySeq.val GaussianField.CylinderTestFunction GaussianField.RapidDecaySeq.instModule GaussianField.schwartzPositiveTimeSubmodule GaussianField.cylinderNegativeTimeSubmodule GaussianField.RapidDecaySeq.zero_val GaussianField.NuclearTensorProduct.instAddCommGroup GaussianField.RapidDecaySeq.ext GaussianField.RapidDecaySeq.instAddCommGroup GaussianField.SmoothMap_Circle GaussianField.ntpSliceSchwartz GaussianField.RapidDecaySeq.instTopologicalSpace GaussianField.schwartzNegativeTimeSubmodule GaussianField.schwartzRapidDecayEquiv1D GaussianField.ntpSliceSchwartz_maps_positive
